[0.000000] (-) TimerEvent: {}
[0.000328] (SH_Humanoid_description) JobQueued: {'identifier': 'SH_Humanoid_description', 'dependencies': OrderedDict()}
[0.000596] (ros2_interfaces) JobQueued: {'identifier': 'ros2_interfaces', 'dependencies': OrderedDict()}
[0.000699] (sh_motion_demo) JobQueued: {'identifier': 'sh_motion_demo', 'dependencies': OrderedDict()}
[0.000825] (SH_moveit_config) JobQueued: {'identifier': 'SH_moveit_config', 'dependencies': OrderedDict({'SH_Humanoid_description': '/home/sejong/Desktop/SH_ws/install/SH_Humanoid_description'})}
[0.000971] (SH_moveit_demo_config) JobQueued: {'identifier': 'SH_moveit_demo_config', 'dependencies': OrderedDict({'SH_Humanoid_description': '/home/sejong/Desktop/SH_ws/install/SH_Humanoid_description'})}
[0.001037] (SH_moveit_head_config) JobQueued: {'identifier': 'SH_moveit_head_config', 'dependencies': OrderedDict({'SH_Humanoid_description': '/home/sejong/Desktop/SH_ws/install/SH_Humanoid_description'})}
[0.001064] (sh_motion_cpp) JobQueued: {'identifier': 'sh_motion_cpp', 'dependencies': OrderedDict({'ros2_interfaces': '/home/sejong/Desktop/SH_ws/install/ros2_interfaces'})}
[0.001154] (SH_Humanoid_description) JobStarted: {'identifier': 'SH_Humanoid_description'}
[0.007216] (ros2_interfaces) JobStarted: {'identifier': 'ros2_interfaces'}
[0.010467] (sh_motion_demo) JobStarted: {'identifier': 'sh_motion_demo'}
[0.099743] (-) TimerEvent: {}
[0.203581] (-) TimerEvent: {}
[0.207890] (ros2_interfaces) JobProgress: {'identifier': 'ros2_interfaces', 'progress': 'cmake'}
[0.208584] (ros2_interfaces) JobProgress: {'identifier': 'ros2_interfaces', 'progress': 'build'}
[0.209441] (ros2_interfaces) Command: {'cmd': ['/usr/bin/cmake', '--build', '/home/sejong/Desktop/SH_ws/build/ros2_interfaces', '--', '-j14', '-l14'], 'cwd': '/home/sejong/Desktop/SH_ws/build/ros2_interfaces', 'env': OrderedDict({'LESSOPEN': '| /usr/bin/lesspipe %s', 'USER': 'sejong', 'GZ_CONFIG_PATH': '/opt/ros/jazzy/opt/sdformat_vendor/share/gz', 'ROS_PACKAGE_PATH': '/home/sejong/Desktop/SH_ws/install/ros2_interfaces/share', 'XDG_SESSION_TYPE': 'x11', 'CLUTTER_DISABLE_MIPMAPPED_TEXT': '1', 'SHLVL': '1', 'LD_LIBRARY_PATH': '/home/sejong/Desktop/SH_ws/install/ros2_interfaces/lib:/opt/ros/jazzy/opt/sdformat_vendor/lib:/opt/ros/jazzy/opt/rviz_ogre_vendor/lib:/opt/ros/jazzy/lib/aarch64-linux-gnu:/opt/ros/jazzy/opt/gz_math_vendor/lib:/opt/ros/jazzy/opt/gz_utils_vendor/lib:/opt/ros/jazzy/opt/gz_tools_vendor/lib:/opt/ros/jazzy/opt/gz_cmake_vendor/lib:/opt/ros/jazzy/lib:/usr/local/cuda-13.2/lib64:', 'HOME': '/home/sejong', 'OLDPWD': '/home/sejong/Desktop/SH_ws', 'DESKTOP_SESSION': 'ubuntu', 'ROS_PYTHON_VERSION': '3', 'GNOME_SHELL_SESSION_MODE': 'ubuntu', 'GTK_MODULES': 'gail:atk-bridge', 'SYSTEMD_EXEC_PID': '26002', 'GSM_SKIP_SSH_AGENT_WORKAROUND': 'true', 'DBUS_SESSION_BUS_ADDRESS': 'unix:path=/run/user/2001/bus', 'COLORTERM': 'truecolor', 'DEBUGINFOD_URLS': 'https://debuginfod.ubuntu.com', 'IM_CONFIG_PHASE': '1', 'COLCON_PREFIX_PATH': '/home/sejong/Desktop/SH_ws/install', 'ROS_DISTRO': 'jazzy', 'LOGNAME': 'sejong', '_': '/usr/bin/colcon', 'ROS_VERSION': '2', 'PKG_CONFIG_PATH': '/home/sejong/Desktop/SH_ws/install/ros2_interfaces/lib/aarch64-linux-gnu/pkgconfig:/home/sejong/Desktop/SH_ws/install/ros2_interfaces/lib/pkgconfig', 'XDG_SESSION_CLASS': 'user', 'USERNAME': 'sejong', 'TERM': 'xterm-256color', 'GNOME_DESKTOP_SESSION_ID': 'this-is-deprecated', 'WINDOWPATH': '2', 'PATH': '/home/sejong/.local/bin:/opt/ros/jazzy/opt/gz_tools_vendor/bin:/opt/ros/jazzy/bin:/usr/local/cuda-13.2/bin:/home/sejong/.local/bin:/usr/local/sbin:/usr/local/bin:/usr/sbin:/usr/bin:/sbin:/bin:/usr/games:/usr/local/games:/snap/bin:/snap/bin', 'SESSION_MANAGER': 'local/localhost.localdomain:@/tmp/.ICE-unix/25971,unix/localhost.localdomain:/tmp/.ICE-unix/25971', 'XDG_MENU_PREFIX': 'gnome-', 'GNOME_TERMINAL_SCREEN': '/org/gnome/Terminal/screen/899463a0_25f9_4627_9063_ce5ef1b69624', 'XDG_RUNTIME_DIR': '/run/user/2001', 'DISPLAY': ':1', 'LANG': 'en_US.UTF-8', 'XDG_CURRENT_DESKTOP': 'ubuntu:GNOME', 'XMODIFIERS': '@im=ibus', 'XDG_SESSION_DESKTOP': 'ubuntu', 'XAUTHORITY': '/run/user/2001/gdm/Xauthority', 'LS_COLORS': 'rs=0:di=01;34:ln=01;36:mh=00:pi=40;33:so=01;35:do=01;35:bd=40;33;01:cd=40;33;01:or=40;31;01:mi=00:su=37;41:sg=30;43:ca=00:tw=30;42:ow=34;42:st=37;44:ex=01;32:*.tar=01;31:*.tgz=01;31:*.arc=01;31:*.arj=01;31:*.taz=01;31:*.lha=01;31:*.lz4=01;31:*.lzh=01;31:*.lzma=01;31:*.tlz=01;31:*.txz=01;31:*.tzo=01;31:*.t7z=01;31:*.zip=01;31:*.z=01;31:*.dz=01;31:*.gz=01;31:*.lrz=01;31:*.lz=01;31:*.lzo=01;31:*.xz=01;31:*.zst=01;31:*.tzst=01;31:*.bz2=01;31:*.bz=01;31:*.tbz=01;31:*.tbz2=01;31:*.tz=01;31:*.deb=01;31:*.rpm=01;31:*.jar=01;31:*.war=01;31:*.ear=01;31:*.sar=01;31:*.rar=01;31:*.alz=01;31:*.ace=01;31:*.zoo=01;31:*.cpio=01;31:*.7z=01;31:*.rz=01;31:*.cab=01;31:*.wim=01;31:*.swm=01;31:*.dwm=01;31:*.esd=01;31:*.avif=01;35:*.jpg=01;35:*.jpeg=01;35:*.mjpg=01;35:*.mjpeg=01;35:*.gif=01;35:*.bmp=01;35:*.pbm=01;35:*.pgm=01;35:*.ppm=01;35:*.tga=01;35:*.xbm=01;35:*.xpm=01;35:*.tif=01;35:*.tiff=01;35:*.png=01;35:*.svg=01;35:*.svgz=01;35:*.mng=01;35:*.pcx=01;35:*.mov=01;35:*.mpg=01;35:*.mpeg=01;35:*.m2v=01;35:*.mkv=01;35:*.webm=01;35:*.webp=01;35:*.ogm=01;35:*.mp4=01;35:*.m4v=01;35:*.mp4v=01;35:*.vob=01;35:*.qt=01;35:*.nuv=01;35:*.wmv=01;35:*.asf=01;35:*.rm=01;35:*.rmvb=01;35:*.flc=01;35:*.avi=01;35:*.fli=01;35:*.flv=01;35:*.gl=01;35:*.dl=01;35:*.xcf=01;35:*.xwd=01;35:*.yuv=01;35:*.cgm=01;35:*.emf=01;35:*.ogv=01;35:*.ogx=01;35:*.aac=00;36:*.au=00;36:*.flac=00;36:*.m4a=00;36:*.mid=00;36:*.midi=00;36:*.mka=00;36:*.mp3=00;36:*.mpc=00;36:*.ogg=00;36:*.ra=00;36:*.wav=00;36:*.oga=00;36:*.opus=00;36:*.spx=00;36:*.xspf=00;36:*~=00;90:*#=00;90:*.bak=00;90:*.crdownload=00;90:*.dpkg-dist=00;90:*.dpkg-new=00;90:*.dpkg-old=00;90:*.dpkg-tmp=00;90:*.old=00;90:*.orig=00;90:*.part=00;90:*.rej=00;90:*.rpmnew=00;90:*.rpmorig=00;90:*.rpmsave=00;90:*.swp=00;90:*.tmp=00;90:*.ucf-dist=00;90:*.ucf-new=00;90:*.ucf-old=00;90:', 'GNOME_TERMINAL_SERVICE': ':1.103', 'SSH_AUTH_SOCK': '/run/user/2001/keyring/ssh', 'AMENT_PREFIX_PATH': '/home/sejong/Desktop/SH_ws/install/sh_motion_demo:/home/sejong/Desktop/SH_ws/install/sh_motion_cpp:/home/sejong/Desktop/SH_ws/install/SH_moveit_head_config:/home/sejong/Desktop/SH_ws/install/SH_moveit_demo_config:/home/sejong/Desktop/SH_ws/install/SH_moveit_config:/home/sejong/Desktop/SH_ws/install/SH_Humanoid_description:/opt/ros/jazzy', 'SHELL': '/bin/bash', 'QT_ACCESSIBILITY': '1', 'GDMSESSION': 'ubuntu', 'LESSCLOSE': '/usr/bin/lesspipe %s %s', 'GPG_AGENT_INFO': '/run/user/2001/gnupg/S.gpg-agent:0:1', 'ROS_AUTOMATIC_DISCOVERY_RANGE': 'SUBNET', 'QT_IM_MODULE': 'ibus', 'PWD': '/home/sejong/Desktop/SH_ws/build/ros2_interfaces', 'XDG_CONFIG_DIRS': '/etc/xdg/xdg-ubuntu:/etc/xdg', 'XDG_DATA_DIRS': '/usr/share/ubuntu:/usr/share/gnome:/usr/local/share/:/usr/share/:/var/lib/snapd/desktop', 'PYTHONPATH': '/home/sejong/Desktop/SH_ws/build/sh_motion_demo:/home/sejong/Desktop/SH_ws/install/sh_motion_demo/lib/python3.12/site-packages:/home/sejong/Desktop/SH_ws/install/ros2_interfaces/lib/python3.12/site-packages:/home/sejong/Desktop/SH_ws/build/SH_Humanoid_description:/home/sejong/Desktop/SH_ws/install/SH_Humanoid_description/lib/python3.12/site-packages:/opt/ros/jazzy/lib/python3.12/site-packages', 'COLCON': '1', 'VTE_VERSION': '7600', 'CMAKE_PREFIX_PATH': '/home/sejong/Desktop/SH_ws/install/sh_motion_cpp:/home/sejong/Desktop/SH_ws/install/ros2_interfaces:/home/sejong/Desktop/SH_ws/install/SH_moveit_head_config:/home/sejong/Desktop/SH_ws/install/SH_moveit_demo_config:/home/sejong/Desktop/SH_ws/install/SH_moveit_config:/opt/ros/jazzy/opt/sdformat_vendor:/opt/ros/jazzy/opt/gz_math_vendor:/opt/ros/jazzy/opt/gz_utils_vendor:/opt/ros/jazzy/opt/gz_tools_vendor:/opt/ros/jazzy/opt/gz_cmake_vendor'}), 'shell': False}
[0.268777] (ros2_interfaces) StdoutLine: {'line': b'[  1%] Built target ros2_interfaces__rosidl_generator_type_description\n'}
[0.270235] (ros2_interfaces) StdoutLine: {'line': b'[  2%] Built target ros2_interfaces__rs\n'}
[0.280708] (ros2_interfaces) StdoutLine: {'line': b'[  2%] Built target ament_cmake_python_copy_ros2_interfaces\n'}
[0.290882] (ros2_interfaces) StdoutLine: {'line': b'[  3%] Built target ros2_interfaces__cpp\n'}
[0.301698] (ros2_interfaces) StdoutLine: {'line': b'[ 27%] Built target ros2_interfaces__rosidl_generator_c\n'}
[0.303638] (-) TimerEvent: {}
[0.324947] (ros2_interfaces) StdoutLine: {'line': b'[ 36%] Built target ros2_interfaces__rosidl_typesupport_c\n'}
[0.326300] (ros2_interfaces) StdoutLine: {'line': b'[ 45%] Built target ros2_interfaces__rosidl_typesupport_introspection_c\n'}
[0.327171] (ros2_interfaces) StdoutLine: {'line': b'[ 55%] Built target ros2_interfaces__rosidl_typesupport_cpp\n'}
[0.327705] (ros2_interfaces) StdoutLine: {'line': b'[ 64%] Built target ros2_interfaces__rosidl_typesupport_introspection_cpp\n'}
[0.328248] (ros2_interfaces) StdoutLine: {'line': b'[ 74%] Built target ros2_interfaces__rosidl_typesupport_fastrtps_cpp\n'}
[0.330682] (ros2_interfaces) StdoutLine: {'line': b'[ 83%] Built target ros2_interfaces__rosidl_typesupport_fastrtps_c\n'}
[0.351389] (ros2_interfaces) StdoutLine: {'line': b'[ 83%] Built target ros2_interfaces\n'}
[0.378613] (ros2_interfaces) StdoutLine: {'line': b'[ 84%] Built target ros2_interfaces__py\n'}
[0.404258] (-) TimerEvent: {}
[0.412805] (ros2_interfaces) StdoutLine: {'line': b'[ 92%] Built target ros2_interfaces__rosidl_generator_py\n'}
[0.436853] (ros2_interfaces) StdoutLine: {'line': b'[ 95%] Built target ros2_interfaces_s__rosidl_typesupport_fastrtps_c\n'}
[0.437097] (ros2_interfaces) StdoutLine: {'line': b'[ 97%] Built target ros2_interfaces_s__rosidl_typesupport_introspection_c\n'}
[0.439102] (ros2_interfaces) StdoutLine: {'line': b'[100%] Built target ros2_interfaces_s__rosidl_typesupport_c\n'}
[0.450473] (ros2_interfaces) StdoutLine: {'line': b'running egg_info\n'}
[0.463028] (ros2_interfaces) StdoutLine: {'line': b'writing ros2_interfaces.egg-info/PKG-INFO\n'}
[0.465479] (ros2_interfaces) StdoutLine: {'line': b'writing dependency_links to ros2_interfaces.egg-info/dependency_links.txt\n'}
[0.465629] (ros2_interfaces) StdoutLine: {'line': b'writing top-level names to ros2_interfaces.egg-info/top_level.txt\n'}
[0.499990] (ros2_interfaces) StdoutLine: {'line': b"reading manifest file 'ros2_interfaces.egg-info/SOURCES.txt'\n"}
[0.500709] (ros2_interfaces) StdoutLine: {'line': b"writing manifest file 'ros2_interfaces.egg-info/SOURCES.txt'\n"}
[0.504321] (-) TimerEvent: {}
[0.536540] (ros2_interfaces) StdoutLine: {'line': b'[100%] Built target ament_cmake_python_build_ros2_interfaces_egg\n'}
[0.555591] (ros2_interfaces) CommandEnded: {'returncode': 0}
[0.557009] (ros2_interfaces) JobProgress: {'identifier': 'ros2_interfaces', 'progress': 'install'}
[0.569197] (ros2_interfaces) Command: {'cmd': ['/usr/bin/cmake', '--install', '/home/sejong/Desktop/SH_ws/build/ros2_interfaces'], 'cwd': '/home/sejong/Desktop/SH_ws/build/ros2_interfaces', 'env': OrderedDict({'LESSOPEN': '| /usr/bin/lesspipe %s', 'USER': 'sejong', 'GZ_CONFIG_PATH': '/opt/ros/jazzy/opt/sdformat_vendor/share/gz', 'ROS_PACKAGE_PATH': '/home/sejong/Desktop/SH_ws/install/ros2_interfaces/share', 'XDG_SESSION_TYPE': 'x11', 'CLUTTER_DISABLE_MIPMAPPED_TEXT': '1', 'SHLVL': '1', 'LD_LIBRARY_PATH': '/home/sejong/Desktop/SH_ws/install/ros2_interfaces/lib:/opt/ros/jazzy/opt/sdformat_vendor/lib:/opt/ros/jazzy/opt/rviz_ogre_vendor/lib:/opt/ros/jazzy/lib/aarch64-linux-gnu:/opt/ros/jazzy/opt/gz_math_vendor/lib:/opt/ros/jazzy/opt/gz_utils_vendor/lib:/opt/ros/jazzy/opt/gz_tools_vendor/lib:/opt/ros/jazzy/opt/gz_cmake_vendor/lib:/opt/ros/jazzy/lib:/usr/local/cuda-13.2/lib64:', 'HOME': '/home/sejong', 'OLDPWD': '/home/sejong/Desktop/SH_ws', 'DESKTOP_SESSION': 'ubuntu', 'ROS_PYTHON_VERSION': '3', 'GNOME_SHELL_SESSION_MODE': 'ubuntu', 'GTK_MODULES': 'gail:atk-bridge', 'SYSTEMD_EXEC_PID': '26002', 'GSM_SKIP_SSH_AGENT_WORKAROUND': 'true', 'DBUS_SESSION_BUS_ADDRESS': 'unix:path=/run/user/2001/bus', 'COLORTERM': 'truecolor', 'DEBUGINFOD_URLS': 'https://debuginfod.ubuntu.com', 'IM_CONFIG_PHASE': '1', 'COLCON_PREFIX_PATH': '/home/sejong/Desktop/SH_ws/install', 'ROS_DISTRO': 'jazzy', 'LOGNAME': 'sejong', '_': '/usr/bin/colcon', 'ROS_VERSION': '2', 'PKG_CONFIG_PATH': '/home/sejong/Desktop/SH_ws/install/ros2_interfaces/lib/aarch64-linux-gnu/pkgconfig:/home/sejong/Desktop/SH_ws/install/ros2_interfaces/lib/pkgconfig', 'XDG_SESSION_CLASS': 'user', 'USERNAME': 'sejong', 'TERM': 'xterm-256color', 'GNOME_DESKTOP_SESSION_ID': 'this-is-deprecated', 'WINDOWPATH': '2', 'PATH': '/home/sejong/.local/bin:/opt/ros/jazzy/opt/gz_tools_vendor/bin:/opt/ros/jazzy/bin:/usr/local/cuda-13.2/bin:/home/sejong/.local/bin:/usr/local/sbin:/usr/local/bin:/usr/sbin:/usr/bin:/sbin:/bin:/usr/games:/usr/local/games:/snap/bin:/snap/bin', 'SESSION_MANAGER': 'local/localhost.localdomain:@/tmp/.ICE-unix/25971,unix/localhost.localdomain:/tmp/.ICE-unix/25971', 'XDG_MENU_PREFIX': 'gnome-', 'GNOME_TERMINAL_SCREEN': '/org/gnome/Terminal/screen/899463a0_25f9_4627_9063_ce5ef1b69624', 'XDG_RUNTIME_DIR': '/run/user/2001', 'DISPLAY': ':1', 'LANG': 'en_US.UTF-8', 'XDG_CURRENT_DESKTOP': 'ubuntu:GNOME', 'XMODIFIERS': '@im=ibus', 'XDG_SESSION_DESKTOP': 'ubuntu', 'XAUTHORITY': '/run/user/2001/gdm/Xauthority', 'LS_COLORS': 'rs=0:di=01;34:ln=01;36:mh=00:pi=40;33:so=01;35:do=01;35:bd=40;33;01:cd=40;33;01:or=40;31;01:mi=00:su=37;41:sg=30;43:ca=00:tw=30;42:ow=34;42:st=37;44:ex=01;32:*.tar=01;31:*.tgz=01;31:*.arc=01;31:*.arj=01;31:*.taz=01;31:*.lha=01;31:*.lz4=01;31:*.lzh=01;31:*.lzma=01;31:*.tlz=01;31:*.txz=01;31:*.tzo=01;31:*.t7z=01;31:*.zip=01;31:*.z=01;31:*.dz=01;31:*.gz=01;31:*.lrz=01;31:*.lz=01;31:*.lzo=01;31:*.xz=01;31:*.zst=01;31:*.tzst=01;31:*.bz2=01;31:*.bz=01;31:*.tbz=01;31:*.tbz2=01;31:*.tz=01;31:*.deb=01;31:*.rpm=01;31:*.jar=01;31:*.war=01;31:*.ear=01;31:*.sar=01;31:*.rar=01;31:*.alz=01;31:*.ace=01;31:*.zoo=01;31:*.cpio=01;31:*.7z=01;31:*.rz=01;31:*.cab=01;31:*.wim=01;31:*.swm=01;31:*.dwm=01;31:*.esd=01;31:*.avif=01;35:*.jpg=01;35:*.jpeg=01;35:*.mjpg=01;35:*.mjpeg=01;35:*.gif=01;35:*.bmp=01;35:*.pbm=01;35:*.pgm=01;35:*.ppm=01;35:*.tga=01;35:*.xbm=01;35:*.xpm=01;35:*.tif=01;35:*.tiff=01;35:*.png=01;35:*.svg=01;35:*.svgz=01;35:*.mng=01;35:*.pcx=01;35:*.mov=01;35:*.mpg=01;35:*.mpeg=01;35:*.m2v=01;35:*.mkv=01;35:*.webm=01;35:*.webp=01;35:*.ogm=01;35:*.mp4=01;35:*.m4v=01;35:*.mp4v=01;35:*.vob=01;35:*.qt=01;35:*.nuv=01;35:*.wmv=01;35:*.asf=01;35:*.rm=01;35:*.rmvb=01;35:*.flc=01;35:*.avi=01;35:*.fli=01;35:*.flv=01;35:*.gl=01;35:*.dl=01;35:*.xcf=01;35:*.xwd=01;35:*.yuv=01;35:*.cgm=01;35:*.emf=01;35:*.ogv=01;35:*.ogx=01;35:*.aac=00;36:*.au=00;36:*.flac=00;36:*.m4a=00;36:*.mid=00;36:*.midi=00;36:*.mka=00;36:*.mp3=00;36:*.mpc=00;36:*.ogg=00;36:*.ra=00;36:*.wav=00;36:*.oga=00;36:*.opus=00;36:*.spx=00;36:*.xspf=00;36:*~=00;90:*#=00;90:*.bak=00;90:*.crdownload=00;90:*.dpkg-dist=00;90:*.dpkg-new=00;90:*.dpkg-old=00;90:*.dpkg-tmp=00;90:*.old=00;90:*.orig=00;90:*.part=00;90:*.rej=00;90:*.rpmnew=00;90:*.rpmorig=00;90:*.rpmsave=00;90:*.swp=00;90:*.tmp=00;90:*.ucf-dist=00;90:*.ucf-new=00;90:*.ucf-old=00;90:', 'GNOME_TERMINAL_SERVICE': ':1.103', 'SSH_AUTH_SOCK': '/run/user/2001/keyring/ssh', 'AMENT_PREFIX_PATH': '/home/sejong/Desktop/SH_ws/install/sh_motion_demo:/home/sejong/Desktop/SH_ws/install/sh_motion_cpp:/home/sejong/Desktop/SH_ws/install/SH_moveit_head_config:/home/sejong/Desktop/SH_ws/install/SH_moveit_demo_config:/home/sejong/Desktop/SH_ws/install/SH_moveit_config:/home/sejong/Desktop/SH_ws/install/SH_Humanoid_description:/opt/ros/jazzy', 'SHELL': '/bin/bash', 'QT_ACCESSIBILITY': '1', 'GDMSESSION': 'ubuntu', 'LESSCLOSE': '/usr/bin/lesspipe %s %s', 'GPG_AGENT_INFO': '/run/user/2001/gnupg/S.gpg-agent:0:1', 'ROS_AUTOMATIC_DISCOVERY_RANGE': 'SUBNET', 'QT_IM_MODULE': 'ibus', 'PWD': '/home/sejong/Desktop/SH_ws/build/ros2_interfaces', 'XDG_CONFIG_DIRS': '/etc/xdg/xdg-ubuntu:/etc/xdg', 'XDG_DATA_DIRS': '/usr/share/ubuntu:/usr/share/gnome:/usr/local/share/:/usr/share/:/var/lib/snapd/desktop', 'PYTHONPATH': '/home/sejong/Desktop/SH_ws/build/sh_motion_demo:/home/sejong/Desktop/SH_ws/install/sh_motion_demo/lib/python3.12/site-packages:/home/sejong/Desktop/SH_ws/install/ros2_interfaces/lib/python3.12/site-packages:/home/sejong/Desktop/SH_ws/build/SH_Humanoid_description:/home/sejong/Desktop/SH_ws/install/SH_Humanoid_description/lib/python3.12/site-packages:/opt/ros/jazzy/lib/python3.12/site-packages', 'COLCON': '1', 'VTE_VERSION': '7600', 'CMAKE_PREFIX_PATH': '/home/sejong/Desktop/SH_ws/install/sh_motion_cpp:/home/sejong/Desktop/SH_ws/install/ros2_interfaces:/home/sejong/Desktop/SH_ws/install/SH_moveit_head_config:/home/sejong/Desktop/SH_ws/install/SH_moveit_demo_config:/home/sejong/Desktop/SH_ws/install/SH_moveit_config:/opt/ros/jazzy/opt/sdformat_vendor:/opt/ros/jazzy/opt/gz_math_vendor:/opt/ros/jazzy/opt/gz_utils_vendor:/opt/ros/jazzy/opt/gz_tools_vendor:/opt/ros/jazzy/opt/gz_cmake_vendor'}), 'shell': False}
[0.582306] (ros2_interfaces) StdoutLine: {'line': b'-- Install configuration: ""\n'}
[0.582515] (ros2_interfaces) StdoutLine: {'line': b'-- Up-to-date: /home/sejong/Desktop/SH_ws/install/ros2_interfaces/share/ament_index/resource_index/rosidl_interfaces/ros2_interfaces\n'}
[0.582870] (ros2_interfaces) StdoutLine: {'line': b'-- Up-to-date: /home/sejong/Desktop/SH_ws/install/ros2_interfaces/share/ros2_interfaces/msg/UpperBodyCommand.json\n'}
[0.583013] (ros2_interfaces) StdoutLine: {'line': b'-- Up-to-date: /home/sejong/Desktop/SH_ws/install/ros2_interfaces/share/ros2_interfaces/msg/UpperBodySystemState.json\n'}
[0.583150] (ros2_interfaces) StdoutLine: {'line': b'-- Up-to-date: /home/sejong/Desktop/SH_ws/install/ros2_interfaces/share/ros2_interfaces/msg/UpperMotorState.json\n'}
[0.583284] (ros2_interfaces) StdoutLine: {'line': b'-- Up-to-date: /home/sejong/Desktop/SH_ws/install/ros2_interfaces/share/ros2_interfaces/srv/EnableMotors.json\n'}
[0.583416] (ros2_interfaces) StdoutLine: {'line': b'-- Up-to-date: /home/sejong/Desktop/SH_ws/install/ros2_interfaces/share/ros2_interfaces/srv/SetRunMode.json\n'}
[0.583548] (ros2_interfaces) StdoutLine: {'line': b'-- Up-to-date: /home/sejong/Desktop/SH_ws/install/ros2_interfaces/share/ros2_interfaces/srv/SimpleMotorResult.json\n'}
[0.583678] (ros2_interfaces) StdoutLine: {'line': b'-- Up-to-date: /home/sejong/Desktop/SH_ws/install/ros2_interfaces/include/ros2_interfaces/ros2_interfaces\n'}
[0.583830] (ros2_interfaces) StdoutLine: {'line': b'-- Up-to-date: /home/sejong/Desktop/SH_ws/install/ros2_interfaces/include/ros2_interfaces/ros2_interfaces/srv\n'}
[0.583963] (ros2_interfaces) StdoutLine: {'line': b'-- Up-to-date: /home/sejong/Desktop/SH_ws/install/ros2_interfaces/include/ros2_interfaces/ros2_interfaces/srv/set_run_mode.h\n'}
[0.584097] (ros2_interfaces) StdoutLine: {'line': b'-- Up-to-date: /home/sejong/Desktop/SH_ws/install/ros2_interfaces/include/ros2_interfaces/ros2_interfaces/srv/simple_motor_result.h\n'}
[0.584228] (ros2_interfaces) StdoutLine: {'line': b'-- Up-to-date: /home/sejong/Desktop/SH_ws/install/ros2_interfaces/include/ros2_interfaces/ros2_interfaces/srv/detail\n'}
[0.584357] (ros2_interfaces) StdoutLine: {'line': b'-- Up-to-date: /home/sejong/Desktop/SH_ws/install/ros2_interfaces/include/ros2_interfaces/ros2_interfaces/srv/detail/set_run_mode__struct.h\n'}
[0.584488] (ros2_interfaces) StdoutLine: {'line': b'-- Up-to-date: /home/sejong/Desktop/SH_ws/install/ros2_interfaces/include/ros2_interfaces/ros2_interfaces/srv/detail/simple_motor_result__description.c\n'}
[0.584640] (ros2_interfaces) StdoutLine: {'line': b'-- Up-to-date: /home/sejong/Desktop/SH_ws/install/ros2_interfaces/include/ros2_interfaces/ros2_interfaces/srv/detail/simple_motor_result__functions.c\n'}
[0.584774] (ros2_interfaces) StdoutLine: {'line': b'-- Up-to-date: /home/sejong/Desktop/SH_ws/install/ros2_interfaces/include/ros2_interfaces/ros2_interfaces/srv/detail/set_run_mode__type_support.c\n'}
[0.584906] (ros2_interfaces) StdoutLine: {'line': b'-- Up-to-date: /home/sejong/Desktop/SH_ws/install/ros2_interfaces/include/ros2_interfaces/ros2_interfaces/srv/detail/enable_motors__description.c\n'}
[0.585037] (ros2_interfaces) StdoutLine: {'line': b'-- Up-to-date: /home/sejong/Desktop/SH_ws/install/ros2_interfaces/include/ros2_interfaces/ros2_interfaces/srv/detail/simple_motor_result__functions.h\n'}
[0.585166] (ros2_interfaces) StdoutLine: {'line': b'-- Up-to-date: /home/sejong/Desktop/SH_ws/install/ros2_interfaces/include/ros2_interfaces/ros2_interfaces/srv/detail/enable_motors__type_support.h\n'}
[0.585301] (ros2_interfaces) StdoutLine: {'line': b'-- Up-to-date: /home/sejong/Desktop/SH_ws/install/ros2_interfaces/include/ros2_interfaces/ros2_interfaces/srv/detail/enable_motors__functions.c\n'}
[0.585428] (ros2_interfaces) StdoutLine: {'line': b'-- Up-to-date: /home/sejong/Desktop/SH_ws/install/ros2_interfaces/include/ros2_interfaces/ros2_interfaces/srv/detail/set_run_mode__type_support.h\n'}
[0.585570] (ros2_interfaces) StdoutLine: {'line': b'-- Up-to-date: /home/sejong/Desktop/SH_ws/install/ros2_interfaces/include/ros2_interfaces/ros2_interfaces/srv/detail/set_run_mode__functions.c\n'}
[0.586032] (ros2_interfaces) StdoutLine: {'line': b'-- Up-to-date: /home/sejong/Desktop/SH_ws/install/ros2_interfaces/include/ros2_interfaces/ros2_interfaces/srv/detail/enable_motors__type_support.c\n'}
[0.586223] (ros2_interfaces) StdoutLine: {'line': b'-- Up-to-date: /home/sejong/Desktop/SH_ws/install/ros2_interfaces/include/ros2_interfaces/ros2_interfaces/srv/detail/set_run_mode__functions.h\n'}
[0.586544] (ros2_interfaces) StdoutLine: {'line': b'-- Up-to-date: /home/sejong/Desktop/SH_ws/install/ros2_interfaces/include/ros2_interfaces/ros2_interfaces/srv/detail/simple_motor_result__type_support.c\n'}
[0.586836] (ros2_interfaces) StdoutLine: {'line': b'-- Up-to-date: /home/sejong/Desktop/SH_ws/install/ros2_interfaces/include/ros2_interfaces/ros2_interfaces/srv/detail/simple_motor_result__type_support.h\n'}
[0.587016] (ros2_interfaces) StdoutLine: {'line': b'-- Up-to-date: /home/sejong/Desktop/SH_ws/install/ros2_interfaces/include/ros2_interfaces/ros2_interfaces/srv/detail/simple_motor_result__struct.h\n'}
[0.587193] (ros2_interfaces) StdoutLine: {'line': b'-- Up-to-date: /home/sejong/Desktop/SH_ws/install/ros2_interfaces/include/ros2_interfaces/ros2_interfaces/srv/detail/set_run_mode__description.c\n'}
[0.587372] (ros2_interfaces) StdoutLine: {'line': b'-- Up-to-date: /home/sejong/Desktop/SH_ws/install/ros2_interfaces/include/ros2_interfaces/ros2_interfaces/srv/detail/enable_motors__struct.h\n'}
[0.587520] (ros2_interfaces) StdoutLine: {'line': b'-- Up-to-date: /home/sejong/Desktop/SH_ws/install/ros2_interfaces/include/ros2_interfaces/ros2_interfaces/srv/detail/enable_motors__functions.h\n'}
[0.587642] (ros2_interfaces) StdoutLine: {'line': b'-- Up-to-date: /home/sejong/Desktop/SH_ws/install/ros2_interfaces/include/ros2_interfaces/ros2_interfaces/srv/enable_motors.h\n'}
[0.587843] (ros2_interfaces) StdoutLine: {'line': b'-- Up-to-date: /home/sejong/Desktop/SH_ws/install/ros2_interfaces/include/ros2_interfaces/ros2_interfaces/msg\n'}
[0.588028] (ros2_interfaces) StdoutLine: {'line': b'-- Up-to-date: /home/sejong/Desktop/SH_ws/install/ros2_interfaces/include/ros2_interfaces/ros2_interfaces/msg/upper_motor_state.h\n'}
[0.588210] (ros2_interfaces) StdoutLine: {'line': b'-- Up-to-date: /home/sejong/Desktop/SH_ws/install/ros2_interfaces/include/ros2_interfaces/ros2_interfaces/msg/rosidl_generator_c__visibility_control.h\n'}
[0.588388] (ros2_interfaces) StdoutLine: {'line': b'-- Up-to-date: /home/sejong/Desktop/SH_ws/install/ros2_interfaces/include/ros2_interfaces/ros2_interfaces/msg/upper_body_system_state.h\n'}
[0.588547] (ros2_interfaces) StdoutLine: {'line': b'-- Up-to-date: /home/sejong/Desktop/SH_ws/install/ros2_interfaces/include/ros2_interfaces/ros2_interfaces/msg/detail\n'}
[0.588677] (ros2_interfaces) StdoutLine: {'line': b'-- Up-to-date: /home/sejong/Desktop/SH_ws/install/ros2_interfaces/include/ros2_interfaces/ros2_interfaces/msg/detail/upper_body_command__type_support.h\n'}
[0.588807] (ros2_interfaces) StdoutLine: {'line': b'-- Up-to-date: /home/sejong/Desktop/SH_ws/install/ros2_interfaces/include/ros2_interfaces/ros2_interfaces/msg/detail/upper_body_command__description.c\n'}
[0.588939] (ros2_interfaces) StdoutLine: {'line': b'-- Up-to-date: /home/sejong/Desktop/SH_ws/install/ros2_interfaces/include/ros2_interfaces/ros2_interfaces/msg/detail/upper_motor_state__functions.c\n'}
[0.589078] (ros2_interfaces) StdoutLine: {'line': b'-- Up-to-date: /home/sejong/Desktop/SH_ws/install/ros2_interfaces/include/ros2_interfaces/ros2_interfaces/msg/detail/upper_body_system_state__description.c\n'}
[0.589223] (ros2_interfaces) StdoutLine: {'line': b'-- Up-to-date: /home/sejong/Desktop/SH_ws/install/ros2_interfaces/include/ros2_interfaces/ros2_interfaces/msg/detail/upper_motor_state__type_support.c\n'}
[0.589367] (ros2_interfaces) StdoutLine: {'line': b'-- Up-to-date: /home/sejong/Desktop/SH_ws/install/ros2_interfaces/include/ros2_interfaces/ros2_interfaces/msg/detail/upper_motor_state__type_support.h\n'}
[0.589503] (ros2_interfaces) StdoutLine: {'line': b'-- Up-to-date: /home/sejong/Desktop/SH_ws/install/ros2_interfaces/include/ros2_interfaces/ros2_interfaces/msg/detail/upper_body_command__functions.c\n'}
[0.589642] (ros2_interfaces) StdoutLine: {'line': b'-- Up-to-date: /home/sejong/Desktop/SH_ws/install/ros2_interfaces/include/ros2_interfaces/ros2_interfaces/msg/detail/upper_motor_state__functions.h\n'}
[0.589779] (ros2_interfaces) StdoutLine: {'line': b'-- Up-to-date: /home/sejong/Desktop/SH_ws/install/ros2_interfaces/include/ros2_interfaces/ros2_interfaces/msg/detail/upper_body_system_state__functions.h\n'}
[0.589915] (ros2_interfaces) StdoutLine: {'line': b'-- Up-to-date: /home/sejong/Desktop/SH_ws/install/ros2_interfaces/include/ros2_interfaces/ros2_interfaces/msg/detail/upper_body_system_state__type_support.c\n'}
[0.590050] (ros2_interfaces) StdoutLine: {'line': b'-- Up-to-date: /home/sejong/Desktop/SH_ws/install/ros2_interfaces/include/ros2_interfaces/ros2_interfaces/msg/detail/upper_body_system_state__functions.c\n'}
[0.590185] (ros2_interfaces) StdoutLine: {'line': b'-- Up-to-date: /home/sejong/Desktop/SH_ws/install/ros2_interfaces/include/ros2_interfaces/ros2_interfaces/msg/detail/upper_body_system_state__struct.h\n'}
[0.590319] (ros2_interfaces) StdoutLine: {'line': b'-- Up-to-date: /home/sejong/Desktop/SH_ws/install/ros2_interfaces/include/ros2_interfaces/ros2_interfaces/msg/detail/upper_motor_state__description.c\n'}
[0.590468] (ros2_interfaces) StdoutLine: {'line': b'-- Up-to-date: /home/sejong/Desktop/SH_ws/install/ros2_interfaces/include/ros2_interfaces/ros2_interfaces/msg/detail/upper_body_command__functions.h\n'}
[0.590603] (ros2_interfaces) StdoutLine: {'line': b'-- Up-to-date: /home/sejong/Desktop/SH_ws/install/ros2_interfaces/include/ros2_interfaces/ros2_interfaces/msg/detail/upper_motor_state__struct.h\n'}
[0.590737] (ros2_interfaces) StdoutLine: {'line': b'-- Up-to-date: /home/sejong/Desktop/SH_ws/install/ros2_interfaces/include/ros2_interfaces/ros2_interfaces/msg/detail/upper_body_system_state__type_support.h\n'}
[0.590871] (ros2_interfaces) StdoutLine: {'line': b'-- Up-to-date: /home/sejong/Desktop/SH_ws/install/ros2_interfaces/include/ros2_interfaces/ros2_interfaces/msg/detail/upper_body_command__struct.h\n'}
[0.591008] (ros2_interfaces) StdoutLine: {'line': b'-- Up-to-date: /home/sejong/Desktop/SH_ws/install/ros2_interfaces/include/ros2_interfaces/ros2_interfaces/msg/detail/upper_body_command__type_support.c\n'}
[0.591143] (ros2_interfaces) StdoutLine: {'line': b'-- Up-to-date: /home/sejong/Desktop/SH_ws/install/ros2_interfaces/include/ros2_interfaces/ros2_interfaces/msg/upper_body_command.h\n'}
[0.591279] (ros2_interfaces) StdoutLine: {'line': b'-- Up-to-date: /home/sejong/Desktop/SH_ws/install/ros2_interfaces/share/ros2_interfaces/environment/library_path.sh\n'}
[0.591417] (ros2_interfaces) StdoutLine: {'line': b'-- Up-to-date: /home/sejong/Desktop/SH_ws/install/ros2_interfaces/share/ros2_interfaces/environment/library_path.dsv\n'}
[0.591553] (ros2_interfaces) StdoutLine: {'line': b'-- Up-to-date: /home/sejong/Desktop/SH_ws/install/ros2_interfaces/lib/libros2_interfaces__rosidl_generator_c.so\n'}
[0.591688] (ros2_interfaces) StdoutLine: {'line': b'-- Up-to-date: /home/sejong/Desktop/SH_ws/install/ros2_interfaces/include/ros2_interfaces/ros2_interfaces\n'}
[0.591933] (ros2_interfaces) StdoutLine: {'line': b'-- Up-to-date: /home/sejong/Desktop/SH_ws/install/ros2_interfaces/include/ros2_interfaces/ros2_interfaces/srv\n'}
[0.592167] (ros2_interfaces) StdoutLine: {'line': b'-- Up-to-date: /home/sejong/Desktop/SH_ws/install/ros2_interfaces/include/ros2_interfaces/ros2_interfaces/srv/detail\n'}
[0.592409] (ros2_interfaces) StdoutLine: {'line': b'-- Up-to-date: /home/sejong/Desktop/SH_ws/install/ros2_interfaces/include/ros2_interfaces/ros2_interfaces/srv/detail/simple_motor_result__rosidl_typesupport_fastrtps_c.h\n'}
[0.592586] (ros2_interfaces) StdoutLine: {'line': b'-- Up-to-date: /home/sejong/Desktop/SH_ws/install/ros2_interfaces/include/ros2_interfaces/ros2_interfaces/srv/detail/enable_motors__rosidl_typesupport_fastrtps_c.h\n'}
[0.592767] (ros2_interfaces) StdoutLine: {'line': b'-- Up-to-date: /home/sejong/Desktop/SH_ws/install/ros2_interfaces/include/ros2_interfaces/ros2_interfaces/srv/detail/set_run_mode__rosidl_typesupport_fastrtps_c.h\n'}
[0.592970] (ros2_interfaces) StdoutLine: {'line': b'-- Up-to-date: /home/sejong/Desktop/SH_ws/install/ros2_interfaces/include/ros2_interfaces/ros2_interfaces/msg\n'}
[0.593151] (ros2_interfaces) StdoutLine: {'line': b'-- Up-to-date: /home/sejong/Desktop/SH_ws/install/ros2_interfaces/include/ros2_interfaces/ros2_interfaces/msg/rosidl_typesupport_fastrtps_c__visibility_control.h\n'}
[0.593332] (ros2_interfaces) StdoutLine: {'line': b'-- Up-to-date: /home/sejong/Desktop/SH_ws/install/ros2_interfaces/include/ros2_interfaces/ros2_interfaces/msg/detail\n'}
[0.593510] (ros2_interfaces) StdoutLine: {'line': b'-- Up-to-date: /home/sejong/Desktop/SH_ws/install/ros2_interfaces/include/ros2_interfaces/ros2_interfaces/msg/detail/upper_body_command__rosidl_typesupport_fastrtps_c.h\n'}
[0.593691] (ros2_interfaces) StdoutLine: {'line': b'-- Up-to-date: /home/sejong/Desktop/SH_ws/install/ros2_interfaces/include/ros2_interfaces/ros2_interfaces/msg/detail/upper_body_system_state__rosidl_typesupport_fastrtps_c.h\n'}
[0.593879] (ros2_interfaces) StdoutLine: {'line': b'-- Up-to-date: /home/sejong/Desktop/SH_ws/install/ros2_interfaces/include/ros2_interfaces/ros2_interfaces/msg/detail/upper_motor_state__rosidl_typesupport_fastrtps_c.h\n'}
[0.594062] (ros2_interfaces) StdoutLine: {'line': b'-- Up-to-date: /home/sejong/Desktop/SH_ws/install/ros2_interfaces/lib/libros2_interfaces__rosidl_typesupport_fastrtps_c.so\n'}
[0.594239] (ros2_interfaces) StdoutLine: {'line': b'-- Up-to-date: /home/sejong/Desktop/SH_ws/install/ros2_interfaces/include/ros2_interfaces/ros2_interfaces\n'}
[0.594417] (ros2_interfaces) StdoutLine: {'line': b'-- Up-to-date: /home/sejong/Desktop/SH_ws/install/ros2_interfaces/include/ros2_interfaces/ros2_interfaces/srv\n'}
[0.594595] (ros2_interfaces) StdoutLine: {'line': b'-- Up-to-date: /home/sejong/Desktop/SH_ws/install/ros2_interfaces/include/ros2_interfaces/ros2_interfaces/srv/detail\n'}
[0.594776] (ros2_interfaces) StdoutLine: {'line': b'-- Up-to-date: /home/sejong/Desktop/SH_ws/install/ros2_interfaces/include/ros2_interfaces/ros2_interfaces/srv/detail/set_run_mode__rosidl_typesupport_introspection_c.h\n'}
[0.594954] (ros2_interfaces) StdoutLine: {'line': b'-- Up-to-date: /home/sejong/Desktop/SH_ws/install/ros2_interfaces/include/ros2_interfaces/ros2_interfaces/srv/detail/set_run_mode__type_support.c\n'}
[0.595131] (ros2_interfaces) StdoutLine: {'line': b'-- Up-to-date: /home/sejong/Desktop/SH_ws/install/ros2_interfaces/include/ros2_interfaces/ros2_interfaces/srv/detail/enable_motors__rosidl_typesupport_introspection_c.h\n'}
[0.595311] (ros2_interfaces) StdoutLine: {'line': b'-- Up-to-date: /home/sejong/Desktop/SH_ws/install/ros2_interfaces/include/ros2_interfaces/ros2_interfaces/srv/detail/simple_motor_result__rosidl_typesupport_introspection_c.h\n'}
[0.595489] (ros2_interfaces) StdoutLine: {'line': b'-- Up-to-date: /home/sejong/Desktop/SH_ws/install/ros2_interfaces/include/ros2_interfaces/ros2_interfaces/srv/detail/enable_motors__type_support.c\n'}
[0.595715] (ros2_interfaces) StdoutLine: {'line': b'-- Up-to-date: /home/sejong/Desktop/SH_ws/install/ros2_interfaces/include/ros2_interfaces/ros2_interfaces/srv/detail/simple_motor_result__type_support.c\n'}
[0.595907] (ros2_interfaces) StdoutLine: {'line': b'-- Up-to-date: /home/sejong/Desktop/SH_ws/install/ros2_interfaces/include/ros2_interfaces/ros2_interfaces/msg\n'}
[0.596097] (ros2_interfaces) StdoutLine: {'line': b'-- Up-to-date: /home/sejong/Desktop/SH_ws/install/ros2_interfaces/include/ros2_interfaces/ros2_interfaces/msg/rosidl_typesupport_introspection_c__visibility_control.h\n'}
[0.596338] (ros2_interfaces) StdoutLine: {'line': b'-- Up-to-date: /home/sejong/Desktop/SH_ws/install/ros2_interfaces/include/ros2_interfaces/ros2_interfaces/msg/detail\n'}
[0.596556] (ros2_interfaces) StdoutLine: {'line': b'-- Up-to-date: /home/sejong/Desktop/SH_ws/install/ros2_interfaces/include/ros2_interfaces/ros2_interfaces/msg/detail/upper_body_command__rosidl_typesupport_introspection_c.h\n'}
[0.596777] (ros2_interfaces) StdoutLine: {'line': b'-- Up-to-date: /home/sejong/Desktop/SH_ws/install/ros2_interfaces/include/ros2_interfaces/ros2_interfaces/msg/detail/upper_motor_state__type_support.c\n'}
[0.596992] (ros2_interfaces) StdoutLine: {'line': b'-- Up-to-date: /home/sejong/Desktop/SH_ws/install/ros2_interfaces/include/ros2_interfaces/ros2_interfaces/msg/detail/upper_body_system_state__rosidl_typesupport_introspection_c.h\n'}
[0.597209] (ros2_interfaces) StdoutLine: {'line': b'-- Up-to-date: /home/sejong/Desktop/SH_ws/install/ros2_interfaces/include/ros2_interfaces/ros2_interfaces/msg/detail/upper_body_system_state__type_support.c\n'}
[0.597427] (ros2_interfaces) StdoutLine: {'line': b'-- Up-to-date: /home/sejong/Desktop/SH_ws/install/ros2_interfaces/include/ros2_interfaces/ros2_interfaces/msg/detail/upper_motor_state__rosidl_typesupport_introspection_c.h\n'}
[0.597643] (ros2_interfaces) StdoutLine: {'line': b'-- Up-to-date: /home/sejong/Desktop/SH_ws/install/ros2_interfaces/include/ros2_interfaces/ros2_interfaces/msg/detail/upper_body_command__type_support.c\n'}
[0.597862] (ros2_interfaces) StdoutLine: {'line': b'-- Up-to-date: /home/sejong/Desktop/SH_ws/install/ros2_interfaces/lib/libros2_interfaces__rosidl_typesupport_introspection_c.so\n'}
[0.598079] (ros2_interfaces) StdoutLine: {'line': b'-- Up-to-date: /home/sejong/Desktop/SH_ws/install/ros2_interfaces/lib/libros2_interfaces__rosidl_typesupport_c.so\n'}
[0.598291] (ros2_interfaces) StdoutLine: {'line': b'-- Up-to-date: /home/sejong/Desktop/SH_ws/install/ros2_interfaces/include/ros2_interfaces/ros2_interfaces\n'}
[0.598508] (ros2_interfaces) StdoutLine: {'line': b'-- Up-to-date: /home/sejong/Desktop/SH_ws/install/ros2_interfaces/include/ros2_interfaces/ros2_interfaces/srv\n'}
[0.598722] (ros2_interfaces) StdoutLine: {'line': b'-- Up-to-date: /home/sejong/Desktop/SH_ws/install/ros2_interfaces/include/ros2_interfaces/ros2_interfaces/srv/set_run_mode.hpp\n'}
[0.598939] (ros2_interfaces) StdoutLine: {'line': b'-- Up-to-date: /home/sejong/Desktop/SH_ws/install/ros2_interfaces/include/ros2_interfaces/ros2_interfaces/srv/detail\n'}
[0.599157] (ros2_interfaces) StdoutLine: {'line': b'-- Up-to-date: /home/sejong/Desktop/SH_ws/install/ros2_interfaces/include/ros2_interfaces/ros2_interfaces/srv/detail/enable_motors__traits.hpp\n'}
[0.599380] (ros2_interfaces) StdoutLine: {'line': b'-- Up-to-date: /home/sejong/Desktop/SH_ws/install/ros2_interfaces/include/ros2_interfaces/ros2_interfaces/srv/detail/simple_motor_result__traits.hpp\n'}
[0.599596] (ros2_interfaces) StdoutLine: {'line': b'-- Up-to-date: /home/sejong/Desktop/SH_ws/install/ros2_interfaces/include/ros2_interfaces/ros2_interfaces/srv/detail/set_run_mode__traits.hpp\n'}
[0.599829] (ros2_interfaces) StdoutLine: {'line': b'-- Up-to-date: /home/sejong/Desktop/SH_ws/install/ros2_interfaces/include/ros2_interfaces/ros2_interfaces/srv/detail/set_run_mode__struct.hpp\n'}
[0.600053] (ros2_interfaces) StdoutLine: {'line': b'-- Up-to-date: /home/sejong/Desktop/SH_ws/install/ros2_interfaces/include/ros2_interfaces/ros2_interfaces/srv/detail/simple_motor_result__struct.hpp\n'}
[0.600271] (ros2_interfaces) StdoutLine: {'line': b'-- Up-to-date: /home/sejong/Desktop/SH_ws/install/ros2_interfaces/include/ros2_interfaces/ros2_interfaces/srv/detail/set_run_mode__builder.hpp\n'}
[0.600488] (ros2_interfaces) StdoutLine: {'line': b'-- Up-to-date: /home/sejong/Desktop/SH_ws/install/ros2_interfaces/include/ros2_interfaces/ros2_interfaces/srv/detail/enable_motors__type_support.hpp\n'}
[0.600716] (ros2_interfaces) StdoutLine: {'line': b'-- Up-to-date: /home/sejong/Desktop/SH_ws/install/ros2_interfaces/include/ros2_interfaces/ros2_interfaces/srv/detail/enable_motors__builder.hpp\n'}
[0.600936] (ros2_interfaces) StdoutLine: {'line': b'-- Up-to-date: /home/sejong/Desktop/SH_ws/install/ros2_interfaces/include/ros2_interfaces/ros2_interfaces/srv/detail/set_run_mode__type_support.hpp\n'}
[0.601156] (ros2_interfaces) StdoutLine: {'line': b'-- Up-to-date: /home/sejong/Desktop/SH_ws/install/ros2_interfaces/include/ros2_interfaces/ros2_interfaces/srv/detail/enable_motors__struct.hpp\n'}
[0.601372] (ros2_interfaces) StdoutLine: {'line': b'-- Up-to-date: /home/sejong/Desktop/SH_ws/install/ros2_interfaces/include/ros2_interfaces/ros2_interfaces/srv/detail/simple_motor_result__builder.hpp\n'}
[0.601585] (ros2_interfaces) StdoutLine: {'line': b'-- Up-to-date: /home/sejong/Desktop/SH_ws/install/ros2_interfaces/include/ros2_interfaces/ros2_interfaces/srv/detail/simple_motor_result__type_support.hpp\n'}
[0.601815] (ros2_interfaces) StdoutLine: {'line': b'-- Up-to-date: /home/sejong/Desktop/SH_ws/install/ros2_interfaces/include/ros2_interfaces/ros2_interfaces/srv/enable_motors.hpp\n'}
[0.602032] (ros2_interfaces) StdoutLine: {'line': b'-- Up-to-date: /home/sejong/Desktop/SH_ws/install/ros2_interfaces/include/ros2_interfaces/ros2_interfaces/srv/simple_motor_result.hpp\n'}
[0.602251] (ros2_interfaces) StdoutLine: {'line': b'-- Up-to-date: /home/sejong/Desktop/SH_ws/install/ros2_interfaces/include/ros2_interfaces/ros2_interfaces/msg\n'}
[0.602467] (ros2_interfaces) StdoutLine: {'line': b'-- Up-to-date: /home/sejong/Desktop/SH_ws/install/ros2_interfaces/include/ros2_interfaces/ros2_interfaces/msg/upper_body_system_state.hpp\n'}
[0.602684] (ros2_interfaces) StdoutLine: {'line': b'-- Up-to-date: /home/sejong/Desktop/SH_ws/install/ros2_interfaces/include/ros2_interfaces/ros2_interfaces/msg/rosidl_generator_cpp__visibility_control.hpp\n'}
[0.602900] (ros2_interfaces) StdoutLine: {'line': b'-- Up-to-date: /home/sejong/Desktop/SH_ws/install/ros2_interfaces/include/ros2_interfaces/ros2_interfaces/msg/detail\n'}
[0.603115] (ros2_interfaces) StdoutLine: {'line': b'-- Up-to-date: /home/sejong/Desktop/SH_ws/install/ros2_interfaces/include/ros2_interfaces/ros2_interfaces/msg/detail/upper_motor_state__type_support.hpp\n'}
[0.603329] (ros2_interfaces) StdoutLine: {'line': b'-- Up-to-date: /home/sejong/Desktop/SH_ws/install/ros2_interfaces/include/ros2_interfaces/ros2_interfaces/msg/detail/upper_body_system_state__traits.hpp\n'}
[0.603546] (ros2_interfaces) StdoutLine: {'line': b'-- Up-to-date: /home/sejong/Desktop/SH_ws/install/ros2_interfaces/include/ros2_interfaces/ros2_interfaces/msg/detail/upper_body_command__traits.hpp\n'}
[0.603774] (ros2_interfaces) StdoutLine: {'line': b'-- Up-to-date: /home/sejong/Desktop/SH_ws/install/ros2_interfaces/include/ros2_interfaces/ros2_interfaces/msg/detail/upper_body_system_state__builder.hpp\n'}
[0.603997] (ros2_interfaces) StdoutLine: {'line': b'-- Up-to-date: /home/sejong/Desktop/SH_ws/install/ros2_interfaces/include/ros2_interfaces/ros2_interfaces/msg/detail/upper_body_command__struct.hpp\n'}
[0.604212] (ros2_interfaces) StdoutLine: {'line': b'-- Up-to-date: /home/sejong/Desktop/SH_ws/install/ros2_interfaces/include/ros2_interfaces/ros2_interfaces/msg/detail/upper_motor_state__builder.hpp\n'}
[0.604432] (-) TimerEvent: {}
[0.604639] (ros2_interfaces) StdoutLine: {'line': b'-- Up-to-date: /home/sejong/Desktop/SH_ws/install/ros2_interfaces/include/ros2_interfaces/ros2_interfaces/msg/detail/upper_motor_state__traits.hpp\n'}
[0.604825] (ros2_interfaces) StdoutLine: {'line': b'-- Up-to-date: /home/sejong/Desktop/SH_ws/install/ros2_interfaces/include/ros2_interfaces/ros2_interfaces/msg/detail/upper_body_command__builder.hpp\n'}
[0.605005] (ros2_interfaces) StdoutLine: {'line': b'-- Up-to-date: /home/sejong/Desktop/SH_ws/install/ros2_interfaces/include/ros2_interfaces/ros2_interfaces/msg/detail/upper_body_system_state__type_support.hpp\n'}
[0.605210] (ros2_interfaces) StdoutLine: {'line': b'-- Up-to-date: /home/sejong/Desktop/SH_ws/install/ros2_interfaces/include/ros2_interfaces/ros2_interfaces/msg/detail/upper_body_command__type_support.hpp\n'}
[0.605386] (ros2_interfaces) StdoutLine: {'line': b'-- Up-to-date: /home/sejong/Desktop/SH_ws/install/ros2_interfaces/include/ros2_interfaces/ros2_interfaces/msg/detail/upper_motor_state__struct.hpp\n'}
[0.605563] (ros2_interfaces) StdoutLine: {'line': b'-- Up-to-date: /home/sejong/Desktop/SH_ws/install/ros2_interfaces/include/ros2_interfaces/ros2_interfaces/msg/detail/upper_body_system_state__struct.hpp\n'}
[0.605735] (ros2_interfaces) StdoutLine: {'line': b'-- Up-to-date: /home/sejong/Desktop/SH_ws/install/ros2_interfaces/include/ros2_interfaces/ros2_interfaces/msg/upper_motor_state.hpp\n'}
[0.605915] (ros2_interfaces) StdoutLine: {'line': b'-- Up-to-date: /home/sejong/Desktop/SH_ws/install/ros2_interfaces/include/ros2_interfaces/ros2_interfaces/msg/upper_body_command.hpp\n'}
[0.606856] (ros2_interfaces) StdoutLine: {'line': b'-- Up-to-date: /home/sejong/Desktop/SH_ws/install/ros2_interfaces/include/ros2_interfaces/ros2_interfaces\n'}
[0.607099] (ros2_interfaces) StdoutLine: {'line': b'-- Up-to-date: /home/sejong/Desktop/SH_ws/install/ros2_interfaces/include/ros2_interfaces/ros2_interfaces/srv\n'}
[0.607364] (ros2_interfaces) StdoutLine: {'line': b'-- Up-to-date: /home/sejong/Desktop/SH_ws/install/ros2_interfaces/include/ros2_interfaces/ros2_interfaces/srv/detail\n'}
[0.607589] (ros2_interfaces) StdoutLine: {'line': b'-- Up-to-date: /home/sejong/Desktop/SH_ws/install/ros2_interfaces/include/ros2_interfaces/ros2_interfaces/srv/detail/set_run_mode__rosidl_typesupport_fastrtps_cpp.hpp\n'}
[0.607836] (ros2_interfaces) StdoutLine: {'line': b'-- Up-to-date: /home/sejong/Desktop/SH_ws/install/ros2_interfaces/include/ros2_interfaces/ros2_interfaces/srv/detail/dds_fastrtps\n'}
[0.608161] (ros2_interfaces) StdoutLine: {'line': b'-- Up-to-date: /home/sejong/Desktop/SH_ws/install/ros2_interfaces/include/ros2_interfaces/ros2_interfaces/srv/detail/simple_motor_result__rosidl_typesupport_fastrtps_cpp.hpp\n'}
[0.608404] (ros2_interfaces) StdoutLine: {'line': b'-- Up-to-date: /home/sejong/Desktop/SH_ws/install/ros2_interfaces/include/ros2_interfaces/ros2_interfaces/srv/detail/enable_motors__rosidl_typesupport_fastrtps_cpp.hpp\n'}
[0.608624] (ros2_interfaces) StdoutLine: {'line': b'-- Up-to-date: /home/sejong/Desktop/SH_ws/install/ros2_interfaces/include/ros2_interfaces/ros2_interfaces/msg\n'}
[0.608832] (ros2_interfaces) StdoutLine: {'line': b'-- Up-to-date: /home/sejong/Desktop/SH_ws/install/ros2_interfaces/include/ros2_interfaces/ros2_interfaces/msg/rosidl_typesupport_fastrtps_cpp__visibility_control.h\n'}
[0.609066] (ros2_interfaces) StdoutLine: {'line': b'-- Up-to-date: /home/sejong/Desktop/SH_ws/install/ros2_interfaces/include/ros2_interfaces/ros2_interfaces/msg/detail\n'}
[0.609278] (ros2_interfaces) StdoutLine: {'line': b'-- Up-to-date: /home/sejong/Desktop/SH_ws/install/ros2_interfaces/include/ros2_interfaces/ros2_interfaces/msg/detail/upper_body_system_state__rosidl_typesupport_fastrtps_cpp.hpp\n'}
[0.609571] (ros2_interfaces) StdoutLine: {'line': b'-- Up-to-date: /home/sejong/Desktop/SH_ws/install/ros2_interfaces/include/ros2_interfaces/ros2_interfaces/msg/detail/dds_fastrtps\n'}
[0.609789] (ros2_interfaces) StdoutLine: {'line': b'-- Up-to-date: /home/sejong/Desktop/SH_ws/install/ros2_interfaces/include/ros2_interfaces/ros2_interfaces/msg/detail/upper_body_command__rosidl_typesupport_fastrtps_cpp.hpp\n'}
[0.610002] (ros2_interfaces) StdoutLine: {'line': b'-- Up-to-date: /home/sejong/Desktop/SH_ws/install/ros2_interfaces/include/ros2_interfaces/ros2_interfaces/msg/detail/upper_motor_state__rosidl_typesupport_fastrtps_cpp.hpp\n'}
[0.610215] (ros2_interfaces) StdoutLine: {'line': b'-- Up-to-date: /home/sejong/Desktop/SH_ws/install/ros2_interfaces/lib/libros2_interfaces__rosidl_typesupport_fastrtps_cpp.so\n'}
[0.610406] (ros2_interfaces) StdoutLine: {'line': b'-- Up-to-date: /home/sejong/Desktop/SH_ws/install/ros2_interfaces/include/ros2_interfaces/ros2_interfaces\n'}
[0.610589] (ros2_interfaces) StdoutLine: {'line': b'-- Up-to-date: /home/sejong/Desktop/SH_ws/install/ros2_interfaces/include/ros2_interfaces/ros2_interfaces/srv\n'}
[0.610799] (ros2_interfaces) StdoutLine: {'line': b'-- Up-to-date: /home/sejong/Desktop/SH_ws/install/ros2_interfaces/include/ros2_interfaces/ros2_interfaces/srv/detail\n'}
[0.611030] (ros2_interfaces) StdoutLine: {'line': b'-- Up-to-date: /home/sejong/Desktop/SH_ws/install/ros2_interfaces/include/ros2_interfaces/ros2_interfaces/srv/detail/simple_motor_result__rosidl_typesupport_introspection_cpp.hpp\n'}
[0.611242] (ros2_interfaces) StdoutLine: {'line': b'-- Up-to-date: /home/sejong/Desktop/SH_ws/install/ros2_interfaces/include/ros2_interfaces/ros2_interfaces/srv/detail/enable_motors__rosidl_typesupport_introspection_cpp.hpp\n'}
[0.611440] (ros2_interfaces) StdoutLine: {'line': b'-- Up-to-date: /home/sejong/Desktop/SH_ws/install/ros2_interfaces/include/ros2_interfaces/ros2_interfaces/srv/detail/set_run_mode__type_support.cpp\n'}
[0.611636] (ros2_interfaces) StdoutLine: {'line': b'-- Up-to-date: /home/sejong/Desktop/SH_ws/install/ros2_interfaces/include/ros2_interfaces/ros2_interfaces/srv/detail/set_run_mode__rosidl_typesupport_introspection_cpp.hpp\n'}
[0.611835] (ros2_interfaces) StdoutLine: {'line': b'-- Up-to-date: /home/sejong/Desktop/SH_ws/install/ros2_interfaces/include/ros2_interfaces/ros2_interfaces/srv/detail/enable_motors__type_support.cpp\n'}
[0.612005] (ros2_interfaces) StdoutLine: {'line': b'-- Up-to-date: /home/sejong/Desktop/SH_ws/install/ros2_interfaces/include/ros2_interfaces/ros2_interfaces/srv/detail/simple_motor_result__type_support.cpp\n'}
[0.612168] (ros2_interfaces) StdoutLine: {'line': b'-- Up-to-date: /home/sejong/Desktop/SH_ws/install/ros2_interfaces/include/ros2_interfaces/ros2_interfaces/msg\n'}
[0.612323] (ros2_interfaces) StdoutLine: {'line': b'-- Up-to-date: /home/sejong/Desktop/SH_ws/install/ros2_interfaces/include/ros2_interfaces/ros2_interfaces/msg/detail\n'}
[0.612480] (ros2_interfaces) StdoutLine: {'line': b'-- Up-to-date: /home/sejong/Desktop/SH_ws/install/ros2_interfaces/include/ros2_interfaces/ros2_interfaces/msg/detail/upper_body_command__rosidl_typesupport_introspection_cpp.hpp\n'}
[0.612635] (ros2_interfaces) StdoutLine: {'line': b'-- Up-to-date: /home/sejong/Desktop/SH_ws/install/ros2_interfaces/include/ros2_interfaces/ros2_interfaces/msg/detail/upper_motor_state__rosidl_typesupport_introspection_cpp.hpp\n'}
[0.612790] (ros2_interfaces) StdoutLine: {'line': b'-- Up-to-date: /home/sejong/Desktop/SH_ws/install/ros2_interfaces/include/ros2_interfaces/ros2_interfaces/msg/detail/upper_motor_state__type_support.cpp\n'}
[0.612946] (ros2_interfaces) StdoutLine: {'line': b'-- Up-to-date: /home/sejong/Desktop/SH_ws/install/ros2_interfaces/include/ros2_interfaces/ros2_interfaces/msg/detail/upper_body_command__type_support.cpp\n'}
[0.613103] (ros2_interfaces) StdoutLine: {'line': b'-- Up-to-date: /home/sejong/Desktop/SH_ws/install/ros2_interfaces/include/ros2_interfaces/ros2_interfaces/msg/detail/upper_body_system_state__rosidl_typesupport_introspection_cpp.hpp\n'}
[0.613259] (ros2_interfaces) StdoutLine: {'line': b'-- Up-to-date: /home/sejong/Desktop/SH_ws/install/ros2_interfaces/include/ros2_interfaces/ros2_interfaces/msg/detail/upper_body_system_state__type_support.cpp\n'}
[0.613412] (ros2_interfaces) StdoutLine: {'line': b'-- Up-to-date: /home/sejong/Desktop/SH_ws/install/ros2_interfaces/lib/libros2_interfaces__rosidl_typesupport_introspection_cpp.so\n'}
[0.613566] (ros2_interfaces) StdoutLine: {'line': b'-- Up-to-date: /home/sejong/Desktop/SH_ws/install/ros2_interfaces/lib/libros2_interfaces__rosidl_typesupport_cpp.so\n'}
[0.613719] (ros2_interfaces) StdoutLine: {'line': b'-- Up-to-date: /home/sejong/Desktop/SH_ws/install/ros2_interfaces/share/ros2_interfaces/environment/pythonpath.sh\n'}
[0.613873] (ros2_interfaces) StdoutLine: {'line': b'-- Up-to-date: /home/sejong/Desktop/SH_ws/install/ros2_interfaces/share/ros2_interfaces/environment/pythonpath.dsv\n'}
[0.614049] (ros2_interfaces) StdoutLine: {'line': b'-- Up-to-date: /home/sejong/Desktop/SH_ws/install/ros2_interfaces/lib/python3.12/site-packages/ros2_interfaces-0.0.1-py3.12.egg-info\n'}
[0.614198] (ros2_interfaces) StdoutLine: {'line': b'-- Installing: /home/sejong/Desktop/SH_ws/install/ros2_interfaces/lib/python3.12/site-packages/ros2_interfaces-0.0.1-py3.12.egg-info/dependency_links.txt\n'}
[0.614359] (ros2_interfaces) StdoutLine: {'line': b'-- Installing: /home/sejong/Desktop/SH_ws/install/ros2_interfaces/lib/python3.12/site-packages/ros2_interfaces-0.0.1-py3.12.egg-info/top_level.txt\n'}
[0.614507] (ros2_interfaces) StdoutLine: {'line': b'-- Installing: /home/sejong/Desktop/SH_ws/install/ros2_interfaces/lib/python3.12/site-packages/ros2_interfaces-0.0.1-py3.12.egg-info/SOURCES.txt\n'}
[0.614655] (ros2_interfaces) StdoutLine: {'line': b'-- Installing: /home/sejong/Desktop/SH_ws/install/ros2_interfaces/lib/python3.12/site-packages/ros2_interfaces-0.0.1-py3.12.egg-info/PKG-INFO\n'}
[0.614806] (ros2_interfaces) StdoutLine: {'line': b'-- Up-to-date: /home/sejong/Desktop/SH_ws/install/ros2_interfaces/lib/python3.12/site-packages/ros2_interfaces\n'}
[0.614957] (ros2_interfaces) StdoutLine: {'line': b'-- Up-to-date: /home/sejong/Desktop/SH_ws/install/ros2_interfaces/lib/python3.12/site-packages/ros2_interfaces/__init__.py\n'}
[0.615105] (ros2_interfaces) StdoutLine: {'line': b'-- Up-to-date: /home/sejong/Desktop/SH_ws/install/ros2_interfaces/lib/python3.12/site-packages/ros2_interfaces/_ros2_interfaces_s.ep.rosidl_typesupport_introspection_c.c\n'}
[0.615253] (ros2_interfaces) StdoutLine: {'line': b'-- Up-to-date: /home/sejong/Desktop/SH_ws/install/ros2_interfaces/lib/python3.12/site-packages/ros2_interfaces/srv\n'}
[0.615400] (ros2_interfaces) StdoutLine: {'line': b'-- Up-to-date: /home/sejong/Desktop/SH_ws/install/ros2_interfaces/lib/python3.12/site-packages/ros2_interfaces/srv/__init__.py\n'}
[0.615546] (ros2_interfaces) StdoutLine: {'line': b'-- Up-to-date: /home/sejong/Desktop/SH_ws/install/ros2_interfaces/lib/python3.12/site-packages/ros2_interfaces/srv/_set_run_mode_s.c\n'}
[0.615691] (ros2_interfaces) StdoutLine: {'line': b'-- Up-to-date: /home/sejong/Desktop/SH_ws/install/ros2_interfaces/lib/python3.12/site-packages/ros2_interfaces/srv/_enable_motors_s.c\n'}
[0.615857] (ros2_interfaces) StdoutLine: {'line': b'-- Up-to-date: /home/sejong/Desktop/SH_ws/install/ros2_interfaces/lib/python3.12/site-packages/ros2_interfaces/srv/_enable_motors.py\n'}
[0.616008] (ros2_interfaces) StdoutLine: {'line': b'-- Up-to-date: /home/sejong/Desktop/SH_ws/install/ros2_interfaces/lib/python3.12/site-packages/ros2_interfaces/srv/_simple_motor_result_s.c\n'}
[0.616161] (ros2_interfaces) StdoutLine: {'line': b'-- Up-to-date: /home/sejong/Desktop/SH_ws/install/ros2_interfaces/lib/python3.12/site-packages/ros2_interfaces/srv/_set_run_mode.py\n'}
[0.616371] (ros2_interfaces) StdoutLine: {'line': b'-- Up-to-date: /home/sejong/Desktop/SH_ws/install/ros2_interfaces/lib/python3.12/site-packages/ros2_interfaces/srv/_simple_motor_result.py\n'}
[0.616568] (ros2_interfaces) StdoutLine: {'line': b'-- Up-to-date: /home/sejong/Desktop/SH_ws/install/ros2_interfaces/lib/python3.12/site-packages/ros2_interfaces/_ros2_interfaces_s.ep.rosidl_typesupport_fastrtps_c.c\n'}
[0.616814] (ros2_interfaces) StdoutLine: {'line': b'-- Up-to-date: /home/sejong/Desktop/SH_ws/install/ros2_interfaces/lib/python3.12/site-packages/ros2_interfaces/ros2_interfaces_s__rosidl_typesupport_introspection_c.so\n'}
[0.617011] (ros2_interfaces) StdoutLine: {'line': b'-- Up-to-date: /home/sejong/Desktop/SH_ws/install/ros2_interfaces/lib/python3.12/site-packages/ros2_interfaces/msg\n'}
[0.617191] (ros2_interfaces) StdoutLine: {'line': b'-- Up-to-date: /home/sejong/Desktop/SH_ws/install/ros2_interfaces/lib/python3.12/site-packages/ros2_interfaces/msg/_upper_body_command.py\n'}
[0.617371] (ros2_interfaces) StdoutLine: {'line': b'-- Up-to-date: /home/sejong/Desktop/SH_ws/install/ros2_interfaces/lib/python3.12/site-packages/ros2_interfaces/msg/__init__.py\n'}
[0.617549] (ros2_interfaces) StdoutLine: {'line': b'-- Up-to-date: /home/sejong/Desktop/SH_ws/install/ros2_interfaces/lib/python3.12/site-packages/ros2_interfaces/msg/_upper_body_system_state.py\n'}
[0.617743] (ros2_interfaces) StdoutLine: {'line': b'-- Up-to-date: /home/sejong/Desktop/SH_ws/install/ros2_interfaces/lib/python3.12/site-packages/ros2_interfaces/msg/_upper_motor_state.py\n'}
[0.617918] (ros2_interfaces) StdoutLine: {'line': b'-- Up-to-date: /home/sejong/Desktop/SH_ws/install/ros2_interfaces/lib/python3.12/site-packages/ros2_interfaces/msg/_upper_body_system_state_s.c\n'}
[0.618097] (ros2_interfaces) StdoutLine: {'line': b'-- Up-to-date: /home/sejong/Desktop/SH_ws/install/ros2_interfaces/lib/python3.12/site-packages/ros2_interfaces/msg/_upper_motor_state_s.c\n'}
[0.618273] (ros2_interfaces) StdoutLine: {'line': b'-- Up-to-date: /home/sejong/Desktop/SH_ws/install/ros2_interfaces/lib/python3.12/site-packages/ros2_interfaces/msg/_upper_body_command_s.c\n'}
[0.618451] (ros2_interfaces) StdoutLine: {'line': b'-- Up-to-date: /home/sejong/Desktop/SH_ws/install/ros2_interfaces/lib/python3.12/site-packages/ros2_interfaces/_ros2_interfaces_s.ep.rosidl_typesupport_c.c\n'}
[0.618628] (ros2_interfaces) StdoutLine: {'line': b'-- Up-to-date: /home/sejong/Desktop/SH_ws/install/ros2_interfaces/lib/python3.12/site-packages/ros2_interfaces/ros2_interfaces_s__rosidl_typesupport_fastrtps_c.so\n'}
[0.618808] (ros2_interfaces) StdoutLine: {'line': b'-- Up-to-date: /home/sejong/Desktop/SH_ws/install/ros2_interfaces/lib/python3.12/site-packages/ros2_interfaces/ros2_interfaces_s__rosidl_typesupport_c.so\n'}
[0.622413] (ros2_interfaces) StdoutLine: {'line': b"Listing '/home/sejong/Desktop/SH_ws/install/ros2_interfaces/lib/python3.12/site-packages/ros2_interfaces'...\n"}
[0.622657] (ros2_interfaces) StdoutLine: {'line': b"Listing '/home/sejong/Desktop/SH_ws/install/ros2_interfaces/lib/python3.12/site-packages/ros2_interfaces/msg'...\n"}
[0.622893] (ros2_interfaces) StdoutLine: {'line': b"Listing '/home/sejong/Desktop/SH_ws/install/ros2_interfaces/lib/python3.12/site-packages/ros2_interfaces/srv'...\n"}
[0.628991] (ros2_interfaces) StdoutLine: {'line': b'-- Up-to-date: /home/sejong/Desktop/SH_ws/install/ros2_interfaces/lib/python3.12/site-packages/ros2_interfaces/ros2_interfaces_s__rosidl_typesupport_fastrtps_c.so\n'}
[0.629317] (ros2_interfaces) StdoutLine: {'line': b'-- Up-to-date: /home/sejong/Desktop/SH_ws/install/ros2_interfaces/lib/python3.12/site-packages/ros2_interfaces/ros2_interfaces_s__rosidl_typesupport_introspection_c.so\n'}
[0.629562] (ros2_interfaces) StdoutLine: {'line': b'-- Up-to-date: /home/sejong/Desktop/SH_ws/install/ros2_interfaces/lib/python3.12/site-packages/ros2_interfaces/ros2_interfaces_s__rosidl_typesupport_c.so\n'}
[0.629831] (ros2_interfaces) StdoutLine: {'line': b'-- Up-to-date: /home/sejong/Desktop/SH_ws/install/ros2_interfaces/lib/libros2_interfaces__rosidl_generator_py.so\n'}
[0.630182] (ros2_interfaces) StdoutLine: {'line': b'-- Up-to-date: /home/sejong/Desktop/SH_ws/install/ros2_interfaces/share/ament_index/resource_index/rust_packages/ros2_interfaces\n'}
[0.630563] (ros2_interfaces) StdoutLine: {'line': b'-- Up-to-date: /home/sejong/Desktop/SH_ws/install/ros2_interfaces/share/ros2_interfaces/rust\n'}
[0.630919] (ros2_interfaces) StdoutLine: {'line': b'-- Up-to-date: /home/sejong/Desktop/SH_ws/install/ros2_interfaces/share/ros2_interfaces/rust/src\n'}
[0.631160] (ros2_interfaces) StdoutLine: {'line': b'-- Up-to-date: /home/sejong/Desktop/SH_ws/install/ros2_interfaces/share/ros2_interfaces/rust/src/lib.rs\n'}
[0.631441] (ros2_interfaces) StdoutLine: {'line': b'-- Up-to-date: /home/sejong/Desktop/SH_ws/install/ros2_interfaces/share/ros2_interfaces/rust/src/srv\n'}
[0.631762] (ros2_interfaces) StdoutLine: {'line': b'-- Up-to-date: /home/sejong/Desktop/SH_ws/install/ros2_interfaces/share/ros2_interfaces/rust/src/srv/rmw.rs\n'}
[0.632076] (ros2_interfaces) StdoutLine: {'line': b'-- Up-to-date: /home/sejong/Desktop/SH_ws/install/ros2_interfaces/share/ros2_interfaces/rust/src/srv.rs\n'}
[0.632401] (ros2_interfaces) StdoutLine: {'line': b'-- Up-to-date: /home/sejong/Desktop/SH_ws/install/ros2_interfaces/share/ros2_interfaces/rust/src/msg\n'}
[0.632681] (ros2_interfaces) StdoutLine: {'line': b'-- Up-to-date: /home/sejong/Desktop/SH_ws/install/ros2_interfaces/share/ros2_interfaces/rust/src/msg/rmw.rs\n'}
[0.632979] (ros2_interfaces) StdoutLine: {'line': b'-- Up-to-date: /home/sejong/Desktop/SH_ws/install/ros2_interfaces/share/ros2_interfaces/rust/src/msg.rs\n'}
[0.633289] (ros2_interfaces) StdoutLine: {'line': b'-- Up-to-date: /home/sejong/Desktop/SH_ws/install/ros2_interfaces/share/ros2_interfaces/rust/build.rs\n'}
[0.633514] (ros2_interfaces) StdoutLine: {'line': b'-- Up-to-date: /home/sejong/Desktop/SH_ws/install/ros2_interfaces/share/ros2_interfaces/rust/Cargo.toml\n'}
[0.633724] (ros2_interfaces) StdoutLine: {'line': b'-- Up-to-date: /home/sejong/Desktop/SH_ws/install/ros2_interfaces/share/ros2_interfaces/msg/UpperBodyCommand.idl\n'}
[0.633956] (ros2_interfaces) StdoutLine: {'line': b'-- Up-to-date: /home/sejong/Desktop/SH_ws/install/ros2_interfaces/share/ros2_interfaces/msg/UpperBodySystemState.idl\n'}
[0.634117] (ros2_interfaces) StdoutLine: {'line': b'-- Up-to-date: /home/sejong/Desktop/SH_ws/install/ros2_interfaces/share/ros2_interfaces/msg/UpperMotorState.idl\n'}
[0.634253] (ros2_interfaces) StdoutLine: {'line': b'-- Up-to-date: /home/sejong/Desktop/SH_ws/install/ros2_interfaces/share/ros2_interfaces/srv/EnableMotors.idl\n'}
[0.634386] (ros2_interfaces) StdoutLine: {'line': b'-- Up-to-date: /home/sejong/Desktop/SH_ws/install/ros2_interfaces/share/ros2_interfaces/srv/SetRunMode.idl\n'}
[0.634525] (ros2_interfaces) StdoutLine: {'line': b'-- Up-to-date: /home/sejong/Desktop/SH_ws/install/ros2_interfaces/share/ros2_interfaces/srv/SimpleMotorResult.idl\n'}
[0.634658] (ros2_interfaces) StdoutLine: {'line': b'-- Up-to-date: /home/sejong/Desktop/SH_ws/install/ros2_interfaces/share/ros2_interfaces/msg/UpperBodyCommand.msg\n'}
[0.634794] (ros2_interfaces) StdoutLine: {'line': b'-- Up-to-date: /home/sejong/Desktop/SH_ws/install/ros2_interfaces/share/ros2_interfaces/msg/UpperBodySystemState.msg\n'}
[0.634929] (ros2_interfaces) StdoutLine: {'line': b'-- Up-to-date: /home/sejong/Desktop/SH_ws/install/ros2_interfaces/share/ros2_interfaces/msg/UpperMotorState.msg\n'}
[0.635066] (ros2_interfaces) StdoutLine: {'line': b'-- Up-to-date: /home/sejong/Desktop/SH_ws/install/ros2_interfaces/share/ros2_interfaces/srv/EnableMotors.srv\n'}
[0.635200] (ros2_interfaces) StdoutLine: {'line': b'-- Up-to-date: /home/sejong/Desktop/SH_ws/install/ros2_interfaces/share/ros2_interfaces/srv/SetRunMode.srv\n'}
[0.635335] (ros2_interfaces) StdoutLine: {'line': b'-- Up-to-date: /home/sejong/Desktop/SH_ws/install/ros2_interfaces/share/ros2_interfaces/srv/SimpleMotorResult.srv\n'}
[0.635470] (ros2_interfaces) StdoutLine: {'line': b'-- Up-to-date: /home/sejong/Desktop/SH_ws/install/ros2_interfaces/share/ament_index/resource_index/package_run_dependencies/ros2_interfaces\n'}
[0.635610] (ros2_interfaces) StdoutLine: {'line': b'-- Up-to-date: /home/sejong/Desktop/SH_ws/install/ros2_interfaces/share/ament_index/resource_index/parent_prefix_path/ros2_interfaces\n'}
[0.635756] (ros2_interfaces) StdoutLine: {'line': b'-- Up-to-date: /home/sejong/Desktop/SH_ws/install/ros2_interfaces/share/ros2_interfaces/environment/ament_prefix_path.sh\n'}
[0.635896] (ros2_interfaces) StdoutLine: {'line': b'-- Up-to-date: /home/sejong/Desktop/SH_ws/install/ros2_interfaces/share/ros2_interfaces/environment/ament_prefix_path.dsv\n'}
[0.636031] (ros2_interfaces) StdoutLine: {'line': b'-- Up-to-date: /home/sejong/Desktop/SH_ws/install/ros2_interfaces/share/ros2_interfaces/environment/path.sh\n'}
[0.636165] (ros2_interfaces) StdoutLine: {'line': b'-- Up-to-date: /home/sejong/Desktop/SH_ws/install/ros2_interfaces/share/ros2_interfaces/environment/path.dsv\n'}
[0.636521] (ros2_interfaces) StdoutLine: {'line': b'-- Up-to-date: /home/sejong/Desktop/SH_ws/install/ros2_interfaces/share/ros2_interfaces/local_setup.bash\n'}
[0.637261] (ros2_interfaces) StdoutLine: {'line': b'-- Up-to-date: /home/sejong/Desktop/SH_ws/install/ros2_interfaces/share/ros2_interfaces/local_setup.sh\n'}
[0.637470] (ros2_interfaces) StdoutLine: {'line': b'-- Up-to-date: /home/sejong/Desktop/SH_ws/install/ros2_interfaces/share/ros2_interfaces/local_setup.zsh\n'}
[0.637839] (ros2_interfaces) StdoutLine: {'line': b'-- Up-to-date: /home/sejong/Desktop/SH_ws/install/ros2_interfaces/share/ros2_interfaces/local_setup.dsv\n'}
[0.638884] (ros2_interfaces) StdoutLine: {'line': b'-- Installing: /home/sejong/Desktop/SH_ws/install/ros2_interfaces/share/ros2_interfaces/package.dsv\n'}
[0.639469] (ros2_interfaces) StdoutLine: {'line': b'-- Up-to-date: /home/sejong/Desktop/SH_ws/install/ros2_interfaces/share/ament_index/resource_index/packages/ros2_interfaces\n'}
[0.639763] (ros2_interfaces) StdoutLine: {'line': b'-- Up-to-date: /home/sejong/Desktop/SH_ws/install/ros2_interfaces/share/ros2_interfaces/cmake/export_ros2_interfaces__rosidl_generator_cExport.cmake\n'}
[0.640211] (ros2_interfaces) StdoutLine: {'line': b'-- Up-to-date: /home/sejong/Desktop/SH_ws/install/ros2_interfaces/share/ros2_interfaces/cmake/export_ros2_interfaces__rosidl_generator_cExport-noconfig.cmake\n'}
[0.640617] (ros2_interfaces) StdoutLine: {'line': b'-- Up-to-date: /home/sejong/Desktop/SH_ws/install/ros2_interfaces/share/ros2_interfaces/cmake/export_ros2_interfaces__rosidl_typesupport_fastrtps_cExport.cmake\n'}
[0.640990] (ros2_interfaces) StdoutLine: {'line': b'-- Up-to-date: /home/sejong/Desktop/SH_ws/install/ros2_interfaces/share/ros2_interfaces/cmake/export_ros2_interfaces__rosidl_typesupport_fastrtps_cExport-noconfig.cmake\n'}
[0.641336] (ros2_interfaces) StdoutLine: {'line': b'-- Up-to-date: /home/sejong/Desktop/SH_ws/install/ros2_interfaces/share/ros2_interfaces/cmake/ros2_interfaces__rosidl_typesupport_introspection_cExport.cmake\n'}
[0.641906] (ros2_interfaces) StdoutLine: {'line': b'-- Up-to-date: /home/sejong/Desktop/SH_ws/install/ros2_interfaces/share/ros2_interfaces/cmake/ros2_interfaces__rosidl_typesupport_introspection_cExport-noconfig.cmake\n'}
[0.642560] (ros2_interfaces) StdoutLine: {'line': b'-- Up-to-date: /home/sejong/Desktop/SH_ws/install/ros2_interfaces/share/ros2_interfaces/cmake/ros2_interfaces__rosidl_typesupport_cExport.cmake\n'}
[0.643357] (ros2_interfaces) StdoutLine: {'line': b'-- Up-to-date: /home/sejong/Desktop/SH_ws/install/ros2_interfaces/share/ros2_interfaces/cmake/ros2_interfaces__rosidl_typesupport_cExport-noconfig.cmake\n'}
[0.643591] (ros2_interfaces) StdoutLine: {'line': b'-- Up-to-date: /home/sejong/Desktop/SH_ws/install/ros2_interfaces/share/ros2_interfaces/cmake/export_ros2_interfaces__rosidl_generator_cppExport.cmake\n'}
[0.644023] (ros2_interfaces) StdoutLine: {'line': b'-- Up-to-date: /home/sejong/Desktop/SH_ws/install/ros2_interfaces/share/ros2_interfaces/cmake/export_ros2_interfaces__rosidl_typesupport_fastrtps_cppExport.cmake\n'}
[0.644534] (ros2_interfaces) StdoutLine: {'line': b'-- Up-to-date: /home/sejong/Desktop/SH_ws/install/ros2_interfaces/share/ros2_interfaces/cmake/export_ros2_interfaces__rosidl_typesupport_fastrtps_cppExport-noconfig.cmake\n'}
[0.645145] (ros2_interfaces) StdoutLine: {'line': b'-- Up-to-date: /home/sejong/Desktop/SH_ws/install/ros2_interfaces/share/ros2_interfaces/cmake/ros2_interfaces__rosidl_typesupport_introspection_cppExport.cmake\n'}
[0.645777] (ros2_interfaces) StdoutLine: {'line': b'-- Up-to-date: /home/sejong/Desktop/SH_ws/install/ros2_interfaces/share/ros2_interfaces/cmake/ros2_interfaces__rosidl_typesupport_introspection_cppExport-noconfig.cmake\n'}
[0.646251] (ros2_interfaces) StdoutLine: {'line': b'-- Up-to-date: /home/sejong/Desktop/SH_ws/install/ros2_interfaces/share/ros2_interfaces/cmake/ros2_interfaces__rosidl_typesupport_cppExport.cmake\n'}
[0.646699] (ros2_interfaces) StdoutLine: {'line': b'-- Up-to-date: /home/sejong/Desktop/SH_ws/install/ros2_interfaces/share/ros2_interfaces/cmake/ros2_interfaces__rosidl_typesupport_cppExport-noconfig.cmake\n'}
[0.647110] (ros2_interfaces) StdoutLine: {'line': b'-- Up-to-date: /home/sejong/Desktop/SH_ws/install/ros2_interfaces/share/ros2_interfaces/cmake/export_ros2_interfaces__rosidl_generator_pyExport.cmake\n'}
[0.647735] (ros2_interfaces) StdoutLine: {'line': b'-- Up-to-date: /home/sejong/Desktop/SH_ws/install/ros2_interfaces/share/ros2_interfaces/cmake/export_ros2_interfaces__rosidl_generator_pyExport-noconfig.cmake\n'}
[0.647912] (ros2_interfaces) StdoutLine: {'line': b'-- Up-to-date: /home/sejong/Desktop/SH_ws/install/ros2_interfaces/share/ros2_interfaces/cmake/rosidl_cmake-extras.cmake\n'}
[0.648197] (ros2_interfaces) StdoutLine: {'line': b'-- Up-to-date: /home/sejong/Desktop/SH_ws/install/ros2_interfaces/share/ros2_interfaces/cmake/ament_cmake_export_dependencies-extras.cmake\n'}
[0.648563] (ros2_interfaces) StdoutLine: {'line': b'-- Up-to-date: /home/sejong/Desktop/SH_ws/install/ros2_interfaces/share/ros2_interfaces/cmake/ament_cmake_export_include_directories-extras.cmake\n'}
[0.648711] (ros2_interfaces) StdoutLine: {'line': b'-- Up-to-date: /home/sejong/Desktop/SH_ws/install/ros2_interfaces/share/ros2_interfaces/cmake/ament_cmake_export_libraries-extras.cmake\n'}
[0.648848] (ros2_interfaces) StdoutLine: {'line': b'-- Up-to-date: /home/sejong/Desktop/SH_ws/install/ros2_interfaces/share/ros2_interfaces/cmake/ament_cmake_export_targets-extras.cmake\n'}
[0.649097] (ros2_interfaces) StdoutLine: {'line': b'-- Up-to-date: /home/sejong/Desktop/SH_ws/install/ros2_interfaces/share/ros2_interfaces/cmake/rosidl_cmake_export_typesupport_targets-extras.cmake\n'}
[0.649334] (ros2_interfaces) StdoutLine: {'line': b'-- Up-to-date: /home/sejong/Desktop/SH_ws/install/ros2_interfaces/share/ros2_interfaces/cmake/rosidl_cmake_export_typesupport_libraries-extras.cmake\n'}
[0.649557] (ros2_interfaces) StdoutLine: {'line': b'-- Up-to-date: /home/sejong/Desktop/SH_ws/install/ros2_interfaces/share/ros2_interfaces/cmake/rosidl_cmake_aggregate_target-extras.cmake\n'}
[0.649777] (ros2_interfaces) StdoutLine: {'line': b'-- Up-to-date: /home/sejong/Desktop/SH_ws/install/ros2_interfaces/share/ros2_interfaces/cmake/ros2_interfacesConfig.cmake\n'}
[0.650862] (ros2_interfaces) StdoutLine: {'line': b'-- Up-to-date: /home/sejong/Desktop/SH_ws/install/ros2_interfaces/share/ros2_interfaces/cmake/ros2_interfacesConfig-version.cmake\n'}
[0.651451] (ros2_interfaces) StdoutLine: {'line': b'-- Up-to-date: /home/sejong/Desktop/SH_ws/install/ros2_interfaces/share/ros2_interfaces/package.xml\n'}
[0.652037] (ros2_interfaces) CommandEnded: {'returncode': 0}
[0.675293] (ros2_interfaces) JobEnded: {'identifier': 'ros2_interfaces', 'rc': 0}
[0.676973] (sh_motion_cpp) JobStarted: {'identifier': 'sh_motion_cpp'}
[0.689369] (sh_motion_cpp) JobProgress: {'identifier': 'sh_motion_cpp', 'progress': 'cmake'}
[0.690025] (sh_motion_cpp) JobProgress: {'identifier': 'sh_motion_cpp', 'progress': 'build'}
[0.690533] (sh_motion_cpp) Command: {'cmd': ['/usr/bin/cmake', '--build', '/home/sejong/Desktop/SH_ws/build/sh_motion_cpp', '--', '-j14', '-l14'], 'cwd': '/home/sejong/Desktop/SH_ws/build/sh_motion_cpp', 'env': OrderedDict({'LESSOPEN': '| /usr/bin/lesspipe %s', 'USER': 'sejong', 'GZ_CONFIG_PATH': '/opt/ros/jazzy/opt/sdformat_vendor/share/gz', 'ROS_PACKAGE_PATH': '/home/sejong/Desktop/SH_ws/install/ros2_interfaces/share', 'XDG_SESSION_TYPE': 'x11', 'CLUTTER_DISABLE_MIPMAPPED_TEXT': '1', 'SHLVL': '1', 'LD_LIBRARY_PATH': '/home/sejong/Desktop/SH_ws/install/ros2_interfaces/lib:/opt/ros/jazzy/opt/sdformat_vendor/lib:/opt/ros/jazzy/opt/rviz_ogre_vendor/lib:/opt/ros/jazzy/lib/aarch64-linux-gnu:/opt/ros/jazzy/opt/gz_math_vendor/lib:/opt/ros/jazzy/opt/gz_utils_vendor/lib:/opt/ros/jazzy/opt/gz_tools_vendor/lib:/opt/ros/jazzy/opt/gz_cmake_vendor/lib:/opt/ros/jazzy/lib:/usr/local/cuda-13.2/lib64', 'HOME': '/home/sejong', 'OLDPWD': '/home/sejong/Desktop/SH_ws', 'DESKTOP_SESSION': 'ubuntu', 'ROS_PYTHON_VERSION': '3', 'GNOME_SHELL_SESSION_MODE': 'ubuntu', 'GTK_MODULES': 'gail:atk-bridge', 'SYSTEMD_EXEC_PID': '26002', 'GSM_SKIP_SSH_AGENT_WORKAROUND': 'true', 'DBUS_SESSION_BUS_ADDRESS': 'unix:path=/run/user/2001/bus', 'COLORTERM': 'truecolor', 'DEBUGINFOD_URLS': 'https://debuginfod.ubuntu.com', 'IM_CONFIG_PHASE': '1', 'COLCON_PREFIX_PATH': '/home/sejong/Desktop/SH_ws/install', 'ROS_DISTRO': 'jazzy', 'LOGNAME': 'sejong', '_': '/usr/bin/colcon', 'ROS_VERSION': '2', 'PKG_CONFIG_PATH': '/home/sejong/Desktop/SH_ws/install/ros2_interfaces/lib/aarch64-linux-gnu/pkgconfig:/home/sejong/Desktop/SH_ws/install/ros2_interfaces/lib/pkgconfig', 'XDG_SESSION_CLASS': 'user', 'USERNAME': 'sejong', 'TERM': 'xterm-256color', 'GNOME_DESKTOP_SESSION_ID': 'this-is-deprecated', 'WINDOWPATH': '2', 'PATH': '/home/sejong/.local/bin:/opt/ros/jazzy/opt/gz_tools_vendor/bin:/opt/ros/jazzy/bin:/usr/local/cuda-13.2/bin:/home/sejong/.local/bin:/usr/local/sbin:/usr/local/bin:/usr/sbin:/usr/bin:/sbin:/bin:/usr/games:/usr/local/games:/snap/bin:/snap/bin', 'SESSION_MANAGER': 'local/localhost.localdomain:@/tmp/.ICE-unix/25971,unix/localhost.localdomain:/tmp/.ICE-unix/25971', 'XDG_MENU_PREFIX': 'gnome-', 'GNOME_TERMINAL_SCREEN': '/org/gnome/Terminal/screen/899463a0_25f9_4627_9063_ce5ef1b69624', 'XDG_RUNTIME_DIR': '/run/user/2001', 'DISPLAY': ':1', 'LANG': 'en_US.UTF-8', 'XDG_CURRENT_DESKTOP': 'ubuntu:GNOME', 'XMODIFIERS': '@im=ibus', 'XDG_SESSION_DESKTOP': 'ubuntu', 'XAUTHORITY': '/run/user/2001/gdm/Xauthority', 'LS_COLORS': 'rs=0:di=01;34:ln=01;36:mh=00:pi=40;33:so=01;35:do=01;35:bd=40;33;01:cd=40;33;01:or=40;31;01:mi=00:su=37;41:sg=30;43:ca=00:tw=30;42:ow=34;42:st=37;44:ex=01;32:*.tar=01;31:*.tgz=01;31:*.arc=01;31:*.arj=01;31:*.taz=01;31:*.lha=01;31:*.lz4=01;31:*.lzh=01;31:*.lzma=01;31:*.tlz=01;31:*.txz=01;31:*.tzo=01;31:*.t7z=01;31:*.zip=01;31:*.z=01;31:*.dz=01;31:*.gz=01;31:*.lrz=01;31:*.lz=01;31:*.lzo=01;31:*.xz=01;31:*.zst=01;31:*.tzst=01;31:*.bz2=01;31:*.bz=01;31:*.tbz=01;31:*.tbz2=01;31:*.tz=01;31:*.deb=01;31:*.rpm=01;31:*.jar=01;31:*.war=01;31:*.ear=01;31:*.sar=01;31:*.rar=01;31:*.alz=01;31:*.ace=01;31:*.zoo=01;31:*.cpio=01;31:*.7z=01;31:*.rz=01;31:*.cab=01;31:*.wim=01;31:*.swm=01;31:*.dwm=01;31:*.esd=01;31:*.avif=01;35:*.jpg=01;35:*.jpeg=01;35:*.mjpg=01;35:*.mjpeg=01;35:*.gif=01;35:*.bmp=01;35:*.pbm=01;35:*.pgm=01;35:*.ppm=01;35:*.tga=01;35:*.xbm=01;35:*.xpm=01;35:*.tif=01;35:*.tiff=01;35:*.png=01;35:*.svg=01;35:*.svgz=01;35:*.mng=01;35:*.pcx=01;35:*.mov=01;35:*.mpg=01;35:*.mpeg=01;35:*.m2v=01;35:*.mkv=01;35:*.webm=01;35:*.webp=01;35:*.ogm=01;35:*.mp4=01;35:*.m4v=01;35:*.mp4v=01;35:*.vob=01;35:*.qt=01;35:*.nuv=01;35:*.wmv=01;35:*.asf=01;35:*.rm=01;35:*.rmvb=01;35:*.flc=01;35:*.avi=01;35:*.fli=01;35:*.flv=01;35:*.gl=01;35:*.dl=01;35:*.xcf=01;35:*.xwd=01;35:*.yuv=01;35:*.cgm=01;35:*.emf=01;35:*.ogv=01;35:*.ogx=01;35:*.aac=00;36:*.au=00;36:*.flac=00;36:*.m4a=00;36:*.mid=00;36:*.midi=00;36:*.mka=00;36:*.mp3=00;36:*.mpc=00;36:*.ogg=00;36:*.ra=00;36:*.wav=00;36:*.oga=00;36:*.opus=00;36:*.spx=00;36:*.xspf=00;36:*~=00;90:*#=00;90:*.bak=00;90:*.crdownload=00;90:*.dpkg-dist=00;90:*.dpkg-new=00;90:*.dpkg-old=00;90:*.dpkg-tmp=00;90:*.old=00;90:*.orig=00;90:*.part=00;90:*.rej=00;90:*.rpmnew=00;90:*.rpmorig=00;90:*.rpmsave=00;90:*.swp=00;90:*.tmp=00;90:*.ucf-dist=00;90:*.ucf-new=00;90:*.ucf-old=00;90:', 'GNOME_TERMINAL_SERVICE': ':1.103', 'SSH_AUTH_SOCK': '/run/user/2001/keyring/ssh', 'AMENT_PREFIX_PATH': '/home/sejong/Desktop/SH_ws/install/sh_motion_demo:/home/sejong/Desktop/SH_ws/install/sh_motion_cpp:/home/sejong/Desktop/SH_ws/install/SH_moveit_head_config:/home/sejong/Desktop/SH_ws/install/SH_moveit_demo_config:/home/sejong/Desktop/SH_ws/install/SH_moveit_config:/home/sejong/Desktop/SH_ws/install/SH_Humanoid_description:/opt/ros/jazzy', 'SHELL': '/bin/bash', 'QT_ACCESSIBILITY': '1', 'GDMSESSION': 'ubuntu', 'LESSCLOSE': '/usr/bin/lesspipe %s %s', 'GPG_AGENT_INFO': '/run/user/2001/gnupg/S.gpg-agent:0:1', 'ROS_AUTOMATIC_DISCOVERY_RANGE': 'SUBNET', 'QT_IM_MODULE': 'ibus', 'PWD': '/home/sejong/Desktop/SH_ws/build/sh_motion_cpp', 'XDG_CONFIG_DIRS': '/etc/xdg/xdg-ubuntu:/etc/xdg', 'XDG_DATA_DIRS': '/usr/share/ubuntu:/usr/share/gnome:/usr/local/share/:/usr/share/:/var/lib/snapd/desktop', 'PYTHONPATH': '/home/sejong/Desktop/SH_ws/install/ros2_interfaces/lib/python3.12/site-packages:/home/sejong/Desktop/SH_ws/build/sh_motion_demo:/home/sejong/Desktop/SH_ws/install/sh_motion_demo/lib/python3.12/site-packages:/home/sejong/Desktop/SH_ws/build/SH_Humanoid_description:/home/sejong/Desktop/SH_ws/install/SH_Humanoid_description/lib/python3.12/site-packages:/opt/ros/jazzy/lib/python3.12/site-packages', 'COLCON': '1', 'VTE_VERSION': '7600', 'CMAKE_PREFIX_PATH': '/home/sejong/Desktop/SH_ws/install/sh_motion_demo:/home/sejong/Desktop/SH_ws/install/SH_Humanoid_description:/opt/ros/jazzy:/home/sejong/Desktop/SH_ws/install/ros2_interfaces:/home/sejong/Desktop/SH_ws/install/sh_motion_cpp:/home/sejong/Desktop/SH_ws/install/SH_moveit_head_config:/home/sejong/Desktop/SH_ws/install/SH_moveit_demo_config:/home/sejong/Desktop/SH_ws/install/SH_moveit_config:/opt/ros/jazzy/opt/sdformat_vendor:/opt/ros/jazzy/opt/gz_math_vendor:/opt/ros/jazzy/opt/gz_utils_vendor:/opt/ros/jazzy/opt/gz_tools_vendor:/opt/ros/jazzy/opt/gz_cmake_vendor'}), 'shell': False}
[0.704540] (-) TimerEvent: {}
[0.759303] (sh_motion_cpp) StdoutLine: {'line': b'[ 33%] Built target joint_state_bridge\n'}
[0.760211] (sh_motion_cpp) StdoutLine: {'line': b'[ 66%] Built target trajectory_bridge_node\n'}
[0.764761] (sh_motion_cpp) StdoutLine: {'line': b'[100%] Built target wave\n'}
[0.779325] (sh_motion_cpp) CommandEnded: {'returncode': 0}
[0.780570] (sh_motion_cpp) JobProgress: {'identifier': 'sh_motion_cpp', 'progress': 'install'}
[0.781089] (sh_motion_cpp) Command: {'cmd': ['/usr/bin/cmake', '--install', '/home/sejong/Desktop/SH_ws/build/sh_motion_cpp'], 'cwd': '/home/sejong/Desktop/SH_ws/build/sh_motion_cpp', 'env': OrderedDict({'LESSOPEN': '| /usr/bin/lesspipe %s', 'USER': 'sejong', 'GZ_CONFIG_PATH': '/opt/ros/jazzy/opt/sdformat_vendor/share/gz', 'ROS_PACKAGE_PATH': '/home/sejong/Desktop/SH_ws/install/ros2_interfaces/share', 'XDG_SESSION_TYPE': 'x11', 'CLUTTER_DISABLE_MIPMAPPED_TEXT': '1', 'SHLVL': '1', 'LD_LIBRARY_PATH': '/home/sejong/Desktop/SH_ws/install/ros2_interfaces/lib:/opt/ros/jazzy/opt/sdformat_vendor/lib:/opt/ros/jazzy/opt/rviz_ogre_vendor/lib:/opt/ros/jazzy/lib/aarch64-linux-gnu:/opt/ros/jazzy/opt/gz_math_vendor/lib:/opt/ros/jazzy/opt/gz_utils_vendor/lib:/opt/ros/jazzy/opt/gz_tools_vendor/lib:/opt/ros/jazzy/opt/gz_cmake_vendor/lib:/opt/ros/jazzy/lib:/usr/local/cuda-13.2/lib64', 'HOME': '/home/sejong', 'OLDPWD': '/home/sejong/Desktop/SH_ws', 'DESKTOP_SESSION': 'ubuntu', 'ROS_PYTHON_VERSION': '3', 'GNOME_SHELL_SESSION_MODE': 'ubuntu', 'GTK_MODULES': 'gail:atk-bridge', 'SYSTEMD_EXEC_PID': '26002', 'GSM_SKIP_SSH_AGENT_WORKAROUND': 'true', 'DBUS_SESSION_BUS_ADDRESS': 'unix:path=/run/user/2001/bus', 'COLORTERM': 'truecolor', 'DEBUGINFOD_URLS': 'https://debuginfod.ubuntu.com', 'IM_CONFIG_PHASE': '1', 'COLCON_PREFIX_PATH': '/home/sejong/Desktop/SH_ws/install', 'ROS_DISTRO': 'jazzy', 'LOGNAME': 'sejong', '_': '/usr/bin/colcon', 'ROS_VERSION': '2', 'PKG_CONFIG_PATH': '/home/sejong/Desktop/SH_ws/install/ros2_interfaces/lib/aarch64-linux-gnu/pkgconfig:/home/sejong/Desktop/SH_ws/install/ros2_interfaces/lib/pkgconfig', 'XDG_SESSION_CLASS': 'user', 'USERNAME': 'sejong', 'TERM': 'xterm-256color', 'GNOME_DESKTOP_SESSION_ID': 'this-is-deprecated', 'WINDOWPATH': '2', 'PATH': '/home/sejong/.local/bin:/opt/ros/jazzy/opt/gz_tools_vendor/bin:/opt/ros/jazzy/bin:/usr/local/cuda-13.2/bin:/home/sejong/.local/bin:/usr/local/sbin:/usr/local/bin:/usr/sbin:/usr/bin:/sbin:/bin:/usr/games:/usr/local/games:/snap/bin:/snap/bin', 'SESSION_MANAGER': 'local/localhost.localdomain:@/tmp/.ICE-unix/25971,unix/localhost.localdomain:/tmp/.ICE-unix/25971', 'XDG_MENU_PREFIX': 'gnome-', 'GNOME_TERMINAL_SCREEN': '/org/gnome/Terminal/screen/899463a0_25f9_4627_9063_ce5ef1b69624', 'XDG_RUNTIME_DIR': '/run/user/2001', 'DISPLAY': ':1', 'LANG': 'en_US.UTF-8', 'XDG_CURRENT_DESKTOP': 'ubuntu:GNOME', 'XMODIFIERS': '@im=ibus', 'XDG_SESSION_DESKTOP': 'ubuntu', 'XAUTHORITY': '/run/user/2001/gdm/Xauthority', 'LS_COLORS': 'rs=0:di=01;34:ln=01;36:mh=00:pi=40;33:so=01;35:do=01;35:bd=40;33;01:cd=40;33;01:or=40;31;01:mi=00:su=37;41:sg=30;43:ca=00:tw=30;42:ow=34;42:st=37;44:ex=01;32:*.tar=01;31:*.tgz=01;31:*.arc=01;31:*.arj=01;31:*.taz=01;31:*.lha=01;31:*.lz4=01;31:*.lzh=01;31:*.lzma=01;31:*.tlz=01;31:*.txz=01;31:*.tzo=01;31:*.t7z=01;31:*.zip=01;31:*.z=01;31:*.dz=01;31:*.gz=01;31:*.lrz=01;31:*.lz=01;31:*.lzo=01;31:*.xz=01;31:*.zst=01;31:*.tzst=01;31:*.bz2=01;31:*.bz=01;31:*.tbz=01;31:*.tbz2=01;31:*.tz=01;31:*.deb=01;31:*.rpm=01;31:*.jar=01;31:*.war=01;31:*.ear=01;31:*.sar=01;31:*.rar=01;31:*.alz=01;31:*.ace=01;31:*.zoo=01;31:*.cpio=01;31:*.7z=01;31:*.rz=01;31:*.cab=01;31:*.wim=01;31:*.swm=01;31:*.dwm=01;31:*.esd=01;31:*.avif=01;35:*.jpg=01;35:*.jpeg=01;35:*.mjpg=01;35:*.mjpeg=01;35:*.gif=01;35:*.bmp=01;35:*.pbm=01;35:*.pgm=01;35:*.ppm=01;35:*.tga=01;35:*.xbm=01;35:*.xpm=01;35:*.tif=01;35:*.tiff=01;35:*.png=01;35:*.svg=01;35:*.svgz=01;35:*.mng=01;35:*.pcx=01;35:*.mov=01;35:*.mpg=01;35:*.mpeg=01;35:*.m2v=01;35:*.mkv=01;35:*.webm=01;35:*.webp=01;35:*.ogm=01;35:*.mp4=01;35:*.m4v=01;35:*.mp4v=01;35:*.vob=01;35:*.qt=01;35:*.nuv=01;35:*.wmv=01;35:*.asf=01;35:*.rm=01;35:*.rmvb=01;35:*.flc=01;35:*.avi=01;35:*.fli=01;35:*.flv=01;35:*.gl=01;35:*.dl=01;35:*.xcf=01;35:*.xwd=01;35:*.yuv=01;35:*.cgm=01;35:*.emf=01;35:*.ogv=01;35:*.ogx=01;35:*.aac=00;36:*.au=00;36:*.flac=00;36:*.m4a=00;36:*.mid=00;36:*.midi=00;36:*.mka=00;36:*.mp3=00;36:*.mpc=00;36:*.ogg=00;36:*.ra=00;36:*.wav=00;36:*.oga=00;36:*.opus=00;36:*.spx=00;36:*.xspf=00;36:*~=00;90:*#=00;90:*.bak=00;90:*.crdownload=00;90:*.dpkg-dist=00;90:*.dpkg-new=00;90:*.dpkg-old=00;90:*.dpkg-tmp=00;90:*.old=00;90:*.orig=00;90:*.part=00;90:*.rej=00;90:*.rpmnew=00;90:*.rpmorig=00;90:*.rpmsave=00;90:*.swp=00;90:*.tmp=00;90:*.ucf-dist=00;90:*.ucf-new=00;90:*.ucf-old=00;90:', 'GNOME_TERMINAL_SERVICE': ':1.103', 'SSH_AUTH_SOCK': '/run/user/2001/keyring/ssh', 'AMENT_PREFIX_PATH': '/home/sejong/Desktop/SH_ws/install/sh_motion_demo:/home/sejong/Desktop/SH_ws/install/sh_motion_cpp:/home/sejong/Desktop/SH_ws/install/SH_moveit_head_config:/home/sejong/Desktop/SH_ws/install/SH_moveit_demo_config:/home/sejong/Desktop/SH_ws/install/SH_moveit_config:/home/sejong/Desktop/SH_ws/install/SH_Humanoid_description:/opt/ros/jazzy', 'SHELL': '/bin/bash', 'QT_ACCESSIBILITY': '1', 'GDMSESSION': 'ubuntu', 'LESSCLOSE': '/usr/bin/lesspipe %s %s', 'GPG_AGENT_INFO': '/run/user/2001/gnupg/S.gpg-agent:0:1', 'ROS_AUTOMATIC_DISCOVERY_RANGE': 'SUBNET', 'QT_IM_MODULE': 'ibus', 'PWD': '/home/sejong/Desktop/SH_ws/build/sh_motion_cpp', 'XDG_CONFIG_DIRS': '/etc/xdg/xdg-ubuntu:/etc/xdg', 'XDG_DATA_DIRS': '/usr/share/ubuntu:/usr/share/gnome:/usr/local/share/:/usr/share/:/var/lib/snapd/desktop', 'PYTHONPATH': '/home/sejong/Desktop/SH_ws/install/ros2_interfaces/lib/python3.12/site-packages:/home/sejong/Desktop/SH_ws/build/sh_motion_demo:/home/sejong/Desktop/SH_ws/install/sh_motion_demo/lib/python3.12/site-packages:/home/sejong/Desktop/SH_ws/build/SH_Humanoid_description:/home/sejong/Desktop/SH_ws/install/SH_Humanoid_description/lib/python3.12/site-packages:/opt/ros/jazzy/lib/python3.12/site-packages', 'COLCON': '1', 'VTE_VERSION': '7600', 'CMAKE_PREFIX_PATH': '/home/sejong/Desktop/SH_ws/install/sh_motion_demo:/home/sejong/Desktop/SH_ws/install/SH_Humanoid_description:/opt/ros/jazzy:/home/sejong/Desktop/SH_ws/install/ros2_interfaces:/home/sejong/Desktop/SH_ws/install/sh_motion_cpp:/home/sejong/Desktop/SH_ws/install/SH_moveit_head_config:/home/sejong/Desktop/SH_ws/install/SH_moveit_demo_config:/home/sejong/Desktop/SH_ws/install/SH_moveit_config:/opt/ros/jazzy/opt/sdformat_vendor:/opt/ros/jazzy/opt/gz_math_vendor:/opt/ros/jazzy/opt/gz_utils_vendor:/opt/ros/jazzy/opt/gz_tools_vendor:/opt/ros/jazzy/opt/gz_cmake_vendor'}), 'shell': False}
[0.790751] (sh_motion_cpp) StdoutLine: {'line': b'-- Install configuration: ""\n'}
[0.791278] (sh_motion_cpp) StdoutLine: {'line': b'-- Execute custom install script\n'}
[0.791591] (sh_motion_cpp) StdoutLine: {'line': b'-- Up-to-date symlink: /home/sejong/Desktop/SH_ws/install/sh_motion_cpp/lib/sh_motion_cpp/wave\n'}
[0.791821] (sh_motion_cpp) StdoutLine: {'line': b'-- Up-to-date symlink: /home/sejong/Desktop/SH_ws/install/sh_motion_cpp/lib/sh_motion_cpp/trajectory_bridge_node\n'}
[0.792076] (sh_motion_cpp) StdoutLine: {'line': b'-- Up-to-date symlink: /home/sejong/Desktop/SH_ws/install/sh_motion_cpp/lib/sh_motion_cpp/joint_state_bridge\n'}
[0.792287] (sh_motion_cpp) StdoutLine: {'line': b'-- Up-to-date symlink: /home/sejong/Desktop/SH_ws/install/sh_motion_cpp/share/ament_index/resource_index/package_run_dependencies/sh_motion_cpp\n'}
[0.792475] (sh_motion_cpp) StdoutLine: {'line': b'-- Up-to-date symlink: /home/sejong/Desktop/SH_ws/install/sh_motion_cpp/share/ament_index/resource_index/parent_prefix_path/sh_motion_cpp\n'}
[0.792689] (sh_motion_cpp) StdoutLine: {'line': b'-- Up-to-date symlink: /home/sejong/Desktop/SH_ws/install/sh_motion_cpp/share/sh_motion_cpp/environment/ament_prefix_path.sh\n'}
[0.792894] (sh_motion_cpp) StdoutLine: {'line': b'-- Up-to-date symlink: /home/sejong/Desktop/SH_ws/install/sh_motion_cpp/share/sh_motion_cpp/environment/ament_prefix_path.dsv\n'}
[0.793077] (sh_motion_cpp) StdoutLine: {'line': b'-- Up-to-date symlink: /home/sejong/Desktop/SH_ws/install/sh_motion_cpp/share/sh_motion_cpp/environment/path.sh\n'}
[0.793277] (sh_motion_cpp) StdoutLine: {'line': b'-- Up-to-date symlink: /home/sejong/Desktop/SH_ws/install/sh_motion_cpp/share/sh_motion_cpp/environment/path.dsv\n'}
[0.793477] (sh_motion_cpp) StdoutLine: {'line': b'-- Up-to-date symlink: /home/sejong/Desktop/SH_ws/install/sh_motion_cpp/share/sh_motion_cpp/local_setup.bash\n'}
[0.793659] (sh_motion_cpp) StdoutLine: {'line': b'-- Up-to-date symlink: /home/sejong/Desktop/SH_ws/install/sh_motion_cpp/share/sh_motion_cpp/local_setup.sh\n'}
[0.793841] (sh_motion_cpp) StdoutLine: {'line': b'-- Up-to-date symlink: /home/sejong/Desktop/SH_ws/install/sh_motion_cpp/share/sh_motion_cpp/local_setup.zsh\n'}
[0.794019] (sh_motion_cpp) StdoutLine: {'line': b'-- Up-to-date symlink: /home/sejong/Desktop/SH_ws/install/sh_motion_cpp/share/sh_motion_cpp/local_setup.dsv\n'}
[0.794204] (sh_motion_cpp) StdoutLine: {'line': b'-- Symlinking: /home/sejong/Desktop/SH_ws/install/sh_motion_cpp/share/sh_motion_cpp/package.dsv\n'}
[0.804628] (-) TimerEvent: {}
[0.805234] (sh_motion_cpp) StdoutLine: {'line': b'-- Up-to-date symlink: /home/sejong/Desktop/SH_ws/install/sh_motion_cpp/share/ament_index/resource_index/packages/sh_motion_cpp\n'}
[0.805455] (sh_motion_cpp) StdoutLine: {'line': b'-- Up-to-date symlink: /home/sejong/Desktop/SH_ws/install/sh_motion_cpp/share/sh_motion_cpp/cmake/sh_motion_cppConfig.cmake\n'}
[0.805599] (sh_motion_cpp) StdoutLine: {'line': b'-- Up-to-date symlink: /home/sejong/Desktop/SH_ws/install/sh_motion_cpp/share/sh_motion_cpp/cmake/sh_motion_cppConfig-version.cmake\n'}
[0.805724] (sh_motion_cpp) StdoutLine: {'line': b'-- Up-to-date symlink: /home/sejong/Desktop/SH_ws/install/sh_motion_cpp/share/sh_motion_cpp/package.xml\n'}
[0.809419] (sh_motion_cpp) CommandEnded: {'returncode': 0}
[0.829214] (sh_motion_cpp) JobEnded: {'identifier': 'sh_motion_cpp', 'rc': 0}
[0.833323] (SH_Humanoid_description) Command: {'cmd': ['/usr/bin/python3', '-W', 'ignore:setup.py install is deprecated', '-W', 'ignore:easy_install command is deprecated', 'setup.py', 'egg_info', '--egg-base', '../../build/SH_Humanoid_description', 'build', '--build-base', '/home/sejong/Desktop/SH_ws/build/SH_Humanoid_description/build', 'install', '--record', '/home/sejong/Desktop/SH_ws/build/SH_Humanoid_description/install.log', '--install-scripts', '$base/lib/SH_Humanoid_description', '--single-version-externally-managed', 'install_data'], 'cwd': '/home/sejong/Desktop/SH_ws/src/SH_Humanoid_description', 'env': {'LESSOPEN': '| /usr/bin/lesspipe %s', 'USER': 'sejong', 'GZ_CONFIG_PATH': '/opt/ros/jazzy/opt/sdformat_vendor/share/gz', 'ROS_PACKAGE_PATH': '/home/sejong/Desktop/SH_ws/install/ros2_interfaces/share', 'XDG_SESSION_TYPE': 'x11', 'CLUTTER_DISABLE_MIPMAPPED_TEXT': '1', 'SHLVL': '1', 'LD_LIBRARY_PATH': '/home/sejong/Desktop/SH_ws/install/ros2_interfaces/lib:/opt/ros/jazzy/opt/sdformat_vendor/lib:/opt/ros/jazzy/opt/rviz_ogre_vendor/lib:/opt/ros/jazzy/lib/aarch64-linux-gnu:/opt/ros/jazzy/opt/gz_math_vendor/lib:/opt/ros/jazzy/opt/gz_utils_vendor/lib:/opt/ros/jazzy/opt/gz_tools_vendor/lib:/opt/ros/jazzy/opt/gz_cmake_vendor/lib:/opt/ros/jazzy/lib:/usr/local/cuda-13.2/lib64:', 'HOME': '/home/sejong', 'OLDPWD': '/home/sejong/Desktop/SH_ws', 'DESKTOP_SESSION': 'ubuntu', 'ROS_PYTHON_VERSION': '3', 'GNOME_SHELL_SESSION_MODE': 'ubuntu', 'GTK_MODULES': 'gail:atk-bridge', 'SYSTEMD_EXEC_PID': '26002', 'GSM_SKIP_SSH_AGENT_WORKAROUND': 'true', 'DBUS_SESSION_BUS_ADDRESS': 'unix:path=/run/user/2001/bus', 'COLORTERM': 'truecolor', 'DEBUGINFOD_URLS': 'https://debuginfod.ubuntu.com', 'IM_CONFIG_PHASE': '1', 'COLCON_PREFIX_PATH': '/home/sejong/Desktop/SH_ws/install', 'ROS_DISTRO': 'jazzy', 'LOGNAME': 'sejong', '_': '/usr/bin/colcon', 'ROS_VERSION': '2', 'PKG_CONFIG_PATH': '/home/sejong/Desktop/SH_ws/install/ros2_interfaces/lib/aarch64-linux-gnu/pkgconfig:/home/sejong/Desktop/SH_ws/install/ros2_interfaces/lib/pkgconfig', 'XDG_SESSION_CLASS': 'user', 'USERNAME': 'sejong', 'TERM': 'xterm-256color', 'GNOME_DESKTOP_SESSION_ID': 'this-is-deprecated', 'WINDOWPATH': '2', 'PATH': '/home/sejong/.local/bin:/opt/ros/jazzy/opt/gz_tools_vendor/bin:/opt/ros/jazzy/bin:/usr/local/cuda-13.2/bin:/home/sejong/.local/bin:/usr/local/sbin:/usr/local/bin:/usr/sbin:/usr/bin:/sbin:/bin:/usr/games:/usr/local/games:/snap/bin:/snap/bin', 'SESSION_MANAGER': 'local/localhost.localdomain:@/tmp/.ICE-unix/25971,unix/localhost.localdomain:/tmp/.ICE-unix/25971', 'XDG_MENU_PREFIX': 'gnome-', 'GNOME_TERMINAL_SCREEN': '/org/gnome/Terminal/screen/899463a0_25f9_4627_9063_ce5ef1b69624', 'XDG_RUNTIME_DIR': '/run/user/2001', 'DISPLAY': ':1', 'LANG': 'en_US.UTF-8', 'XDG_CURRENT_DESKTOP': 'ubuntu:GNOME', 'XMODIFIERS': '@im=ibus', 'XDG_SESSION_DESKTOP': 'ubuntu', 'XAUTHORITY': '/run/user/2001/gdm/Xauthority', 'LS_COLORS': 'rs=0:di=01;34:ln=01;36:mh=00:pi=40;33:so=01;35:do=01;35:bd=40;33;01:cd=40;33;01:or=40;31;01:mi=00:su=37;41:sg=30;43:ca=00:tw=30;42:ow=34;42:st=37;44:ex=01;32:*.tar=01;31:*.tgz=01;31:*.arc=01;31:*.arj=01;31:*.taz=01;31:*.lha=01;31:*.lz4=01;31:*.lzh=01;31:*.lzma=01;31:*.tlz=01;31:*.txz=01;31:*.tzo=01;31:*.t7z=01;31:*.zip=01;31:*.z=01;31:*.dz=01;31:*.gz=01;31:*.lrz=01;31:*.lz=01;31:*.lzo=01;31:*.xz=01;31:*.zst=01;31:*.tzst=01;31:*.bz2=01;31:*.bz=01;31:*.tbz=01;31:*.tbz2=01;31:*.tz=01;31:*.deb=01;31:*.rpm=01;31:*.jar=01;31:*.war=01;31:*.ear=01;31:*.sar=01;31:*.rar=01;31:*.alz=01;31:*.ace=01;31:*.zoo=01;31:*.cpio=01;31:*.7z=01;31:*.rz=01;31:*.cab=01;31:*.wim=01;31:*.swm=01;31:*.dwm=01;31:*.esd=01;31:*.avif=01;35:*.jpg=01;35:*.jpeg=01;35:*.mjpg=01;35:*.mjpeg=01;35:*.gif=01;35:*.bmp=01;35:*.pbm=01;35:*.pgm=01;35:*.ppm=01;35:*.tga=01;35:*.xbm=01;35:*.xpm=01;35:*.tif=01;35:*.tiff=01;35:*.png=01;35:*.svg=01;35:*.svgz=01;35:*.mng=01;35:*.pcx=01;35:*.mov=01;35:*.mpg=01;35:*.mpeg=01;35:*.m2v=01;35:*.mkv=01;35:*.webm=01;35:*.webp=01;35:*.ogm=01;35:*.mp4=01;35:*.m4v=01;35:*.mp4v=01;35:*.vob=01;35:*.qt=01;35:*.nuv=01;35:*.wmv=01;35:*.asf=01;35:*.rm=01;35:*.rmvb=01;35:*.flc=01;35:*.avi=01;35:*.fli=01;35:*.flv=01;35:*.gl=01;35:*.dl=01;35:*.xcf=01;35:*.xwd=01;35:*.yuv=01;35:*.cgm=01;35:*.emf=01;35:*.ogv=01;35:*.ogx=01;35:*.aac=00;36:*.au=00;36:*.flac=00;36:*.m4a=00;36:*.mid=00;36:*.midi=00;36:*.mka=00;36:*.mp3=00;36:*.mpc=00;36:*.ogg=00;36:*.ra=00;36:*.wav=00;36:*.oga=00;36:*.opus=00;36:*.spx=00;36:*.xspf=00;36:*~=00;90:*#=00;90:*.bak=00;90:*.crdownload=00;90:*.dpkg-dist=00;90:*.dpkg-new=00;90:*.dpkg-old=00;90:*.dpkg-tmp=00;90:*.old=00;90:*.orig=00;90:*.part=00;90:*.rej=00;90:*.rpmnew=00;90:*.rpmorig=00;90:*.rpmsave=00;90:*.swp=00;90:*.tmp=00;90:*.ucf-dist=00;90:*.ucf-new=00;90:*.ucf-old=00;90:', 'GNOME_TERMINAL_SERVICE': ':1.103', 'SSH_AUTH_SOCK': '/run/user/2001/keyring/ssh', 'AMENT_PREFIX_PATH': '/home/sejong/Desktop/SH_ws/install/sh_motion_demo:/home/sejong/Desktop/SH_ws/install/sh_motion_cpp:/home/sejong/Desktop/SH_ws/install/SH_moveit_head_config:/home/sejong/Desktop/SH_ws/install/SH_moveit_demo_config:/home/sejong/Desktop/SH_ws/install/SH_moveit_config:/home/sejong/Desktop/SH_ws/install/SH_Humanoid_description:/opt/ros/jazzy', 'SHELL': '/bin/bash', 'QT_ACCESSIBILITY': '1', 'GDMSESSION': 'ubuntu', 'LESSCLOSE': '/usr/bin/lesspipe %s %s', 'GPG_AGENT_INFO': '/run/user/2001/gnupg/S.gpg-agent:0:1', 'ROS_AUTOMATIC_DISCOVERY_RANGE': 'SUBNET', 'QT_IM_MODULE': 'ibus', 'PWD': '/home/sejong/Desktop/SH_ws/build/SH_Humanoid_description', 'XDG_CONFIG_DIRS': '/etc/xdg/xdg-ubuntu:/etc/xdg', 'XDG_DATA_DIRS': '/usr/share/ubuntu:/usr/share/gnome:/usr/local/share/:/usr/share/:/var/lib/snapd/desktop', 'PYTHONPATH': '/home/sejong/Desktop/SH_ws/build/SH_Humanoid_description/prefix_override:/usr/lib/python3/dist-packages/colcon_core/task/python/colcon_distutils_commands:/home/sejong/Desktop/SH_ws/install/SH_Humanoid_description/lib/python3.12/site-packages:/home/sejong/Desktop/SH_ws/build/sh_motion_demo:/home/sejong/Desktop/SH_ws/install/sh_motion_demo/lib/python3.12/site-packages:/home/sejong/Desktop/SH_ws/install/ros2_interfaces/lib/python3.12/site-packages:/home/sejong/Desktop/SH_ws/build/SH_Humanoid_description:/home/sejong/Desktop/SH_ws/install/SH_Humanoid_description/lib/python3.12/site-packages:/opt/ros/jazzy/lib/python3.12/site-packages', 'COLCON': '1', 'VTE_VERSION': '7600', 'CMAKE_PREFIX_PATH': '/home/sejong/Desktop/SH_ws/install/sh_motion_cpp:/home/sejong/Desktop/SH_ws/install/ros2_interfaces:/home/sejong/Desktop/SH_ws/install/SH_moveit_head_config:/home/sejong/Desktop/SH_ws/install/SH_moveit_demo_config:/home/sejong/Desktop/SH_ws/install/SH_moveit_config:/opt/ros/jazzy/opt/sdformat_vendor:/opt/ros/jazzy/opt/gz_math_vendor:/opt/ros/jazzy/opt/gz_utils_vendor:/opt/ros/jazzy/opt/gz_tools_vendor:/opt/ros/jazzy/opt/gz_cmake_vendor'}, 'shell': False}
[0.851637] (sh_motion_demo) Command: {'cmd': ['/usr/bin/python3', '-W', 'ignore:setup.py install is deprecated', '-W', 'ignore:easy_install command is deprecated', 'setup.py', 'egg_info', '--egg-base', '../../build/sh_motion_demo', 'build', '--build-base', '/home/sejong/Desktop/SH_ws/build/sh_motion_demo/build', 'install', '--record', '/home/sejong/Desktop/SH_ws/build/sh_motion_demo/install.log', '--single-version-externally-managed', 'install_data'], 'cwd': '/home/sejong/Desktop/SH_ws/src/sh_motion_demo', 'env': {'LESSOPEN': '| /usr/bin/lesspipe %s', 'USER': 'sejong', 'GZ_CONFIG_PATH': '/opt/ros/jazzy/opt/sdformat_vendor/share/gz', 'ROS_PACKAGE_PATH': '/home/sejong/Desktop/SH_ws/install/ros2_interfaces/share', 'XDG_SESSION_TYPE': 'x11', 'CLUTTER_DISABLE_MIPMAPPED_TEXT': '1', 'SHLVL': '1', 'LD_LIBRARY_PATH': '/home/sejong/Desktop/SH_ws/install/ros2_interfaces/lib:/opt/ros/jazzy/opt/sdformat_vendor/lib:/opt/ros/jazzy/opt/rviz_ogre_vendor/lib:/opt/ros/jazzy/lib/aarch64-linux-gnu:/opt/ros/jazzy/opt/gz_math_vendor/lib:/opt/ros/jazzy/opt/gz_utils_vendor/lib:/opt/ros/jazzy/opt/gz_tools_vendor/lib:/opt/ros/jazzy/opt/gz_cmake_vendor/lib:/opt/ros/jazzy/lib:/usr/local/cuda-13.2/lib64:', 'HOME': '/home/sejong', 'OLDPWD': '/home/sejong/Desktop/SH_ws', 'DESKTOP_SESSION': 'ubuntu', 'ROS_PYTHON_VERSION': '3', 'GNOME_SHELL_SESSION_MODE': 'ubuntu', 'GTK_MODULES': 'gail:atk-bridge', 'SYSTEMD_EXEC_PID': '26002', 'GSM_SKIP_SSH_AGENT_WORKAROUND': 'true', 'DBUS_SESSION_BUS_ADDRESS': 'unix:path=/run/user/2001/bus', 'COLORTERM': 'truecolor', 'DEBUGINFOD_URLS': 'https://debuginfod.ubuntu.com', 'IM_CONFIG_PHASE': '1', 'COLCON_PREFIX_PATH': '/home/sejong/Desktop/SH_ws/install', 'ROS_DISTRO': 'jazzy', 'LOGNAME': 'sejong', '_': '/usr/bin/colcon', 'ROS_VERSION': '2', 'PKG_CONFIG_PATH': '/home/sejong/Desktop/SH_ws/install/ros2_interfaces/lib/aarch64-linux-gnu/pkgconfig:/home/sejong/Desktop/SH_ws/install/ros2_interfaces/lib/pkgconfig', 'XDG_SESSION_CLASS': 'user', 'USERNAME': 'sejong', 'TERM': 'xterm-256color', 'GNOME_DESKTOP_SESSION_ID': 'this-is-deprecated', 'WINDOWPATH': '2', 'PATH': '/home/sejong/.local/bin:/opt/ros/jazzy/opt/gz_tools_vendor/bin:/opt/ros/jazzy/bin:/usr/local/cuda-13.2/bin:/home/sejong/.local/bin:/usr/local/sbin:/usr/local/bin:/usr/sbin:/usr/bin:/sbin:/bin:/usr/games:/usr/local/games:/snap/bin:/snap/bin', 'SESSION_MANAGER': 'local/localhost.localdomain:@/tmp/.ICE-unix/25971,unix/localhost.localdomain:/tmp/.ICE-unix/25971', 'XDG_MENU_PREFIX': 'gnome-', 'GNOME_TERMINAL_SCREEN': '/org/gnome/Terminal/screen/899463a0_25f9_4627_9063_ce5ef1b69624', 'XDG_RUNTIME_DIR': '/run/user/2001', 'DISPLAY': ':1', 'LANG': 'en_US.UTF-8', 'XDG_CURRENT_DESKTOP': 'ubuntu:GNOME', 'XMODIFIERS': '@im=ibus', 'XDG_SESSION_DESKTOP': 'ubuntu', 'XAUTHORITY': '/run/user/2001/gdm/Xauthority', 'LS_COLORS': 'rs=0:di=01;34:ln=01;36:mh=00:pi=40;33:so=01;35:do=01;35:bd=40;33;01:cd=40;33;01:or=40;31;01:mi=00:su=37;41:sg=30;43:ca=00:tw=30;42:ow=34;42:st=37;44:ex=01;32:*.tar=01;31:*.tgz=01;31:*.arc=01;31:*.arj=01;31:*.taz=01;31:*.lha=01;31:*.lz4=01;31:*.lzh=01;31:*.lzma=01;31:*.tlz=01;31:*.txz=01;31:*.tzo=01;31:*.t7z=01;31:*.zip=01;31:*.z=01;31:*.dz=01;31:*.gz=01;31:*.lrz=01;31:*.lz=01;31:*.lzo=01;31:*.xz=01;31:*.zst=01;31:*.tzst=01;31:*.bz2=01;31:*.bz=01;31:*.tbz=01;31:*.tbz2=01;31:*.tz=01;31:*.deb=01;31:*.rpm=01;31:*.jar=01;31:*.war=01;31:*.ear=01;31:*.sar=01;31:*.rar=01;31:*.alz=01;31:*.ace=01;31:*.zoo=01;31:*.cpio=01;31:*.7z=01;31:*.rz=01;31:*.cab=01;31:*.wim=01;31:*.swm=01;31:*.dwm=01;31:*.esd=01;31:*.avif=01;35:*.jpg=01;35:*.jpeg=01;35:*.mjpg=01;35:*.mjpeg=01;35:*.gif=01;35:*.bmp=01;35:*.pbm=01;35:*.pgm=01;35:*.ppm=01;35:*.tga=01;35:*.xbm=01;35:*.xpm=01;35:*.tif=01;35:*.tiff=01;35:*.png=01;35:*.svg=01;35:*.svgz=01;35:*.mng=01;35:*.pcx=01;35:*.mov=01;35:*.mpg=01;35:*.mpeg=01;35:*.m2v=01;35:*.mkv=01;35:*.webm=01;35:*.webp=01;35:*.ogm=01;35:*.mp4=01;35:*.m4v=01;35:*.mp4v=01;35:*.vob=01;35:*.qt=01;35:*.nuv=01;35:*.wmv=01;35:*.asf=01;35:*.rm=01;35:*.rmvb=01;35:*.flc=01;35:*.avi=01;35:*.fli=01;35:*.flv=01;35:*.gl=01;35:*.dl=01;35:*.xcf=01;35:*.xwd=01;35:*.yuv=01;35:*.cgm=01;35:*.emf=01;35:*.ogv=01;35:*.ogx=01;35:*.aac=00;36:*.au=00;36:*.flac=00;36:*.m4a=00;36:*.mid=00;36:*.midi=00;36:*.mka=00;36:*.mp3=00;36:*.mpc=00;36:*.ogg=00;36:*.ra=00;36:*.wav=00;36:*.oga=00;36:*.opus=00;36:*.spx=00;36:*.xspf=00;36:*~=00;90:*#=00;90:*.bak=00;90:*.crdownload=00;90:*.dpkg-dist=00;90:*.dpkg-new=00;90:*.dpkg-old=00;90:*.dpkg-tmp=00;90:*.old=00;90:*.orig=00;90:*.part=00;90:*.rej=00;90:*.rpmnew=00;90:*.rpmorig=00;90:*.rpmsave=00;90:*.swp=00;90:*.tmp=00;90:*.ucf-dist=00;90:*.ucf-new=00;90:*.ucf-old=00;90:', 'GNOME_TERMINAL_SERVICE': ':1.103', 'SSH_AUTH_SOCK': '/run/user/2001/keyring/ssh', 'AMENT_PREFIX_PATH': '/home/sejong/Desktop/SH_ws/install/sh_motion_demo:/home/sejong/Desktop/SH_ws/install/sh_motion_cpp:/home/sejong/Desktop/SH_ws/install/SH_moveit_head_config:/home/sejong/Desktop/SH_ws/install/SH_moveit_demo_config:/home/sejong/Desktop/SH_ws/install/SH_moveit_config:/home/sejong/Desktop/SH_ws/install/SH_Humanoid_description:/opt/ros/jazzy', 'SHELL': '/bin/bash', 'QT_ACCESSIBILITY': '1', 'GDMSESSION': 'ubuntu', 'LESSCLOSE': '/usr/bin/lesspipe %s %s', 'GPG_AGENT_INFO': '/run/user/2001/gnupg/S.gpg-agent:0:1', 'ROS_AUTOMATIC_DISCOVERY_RANGE': 'SUBNET', 'QT_IM_MODULE': 'ibus', 'PWD': '/home/sejong/Desktop/SH_ws/build/sh_motion_demo', 'XDG_CONFIG_DIRS': '/etc/xdg/xdg-ubuntu:/etc/xdg', 'XDG_DATA_DIRS': '/usr/share/ubuntu:/usr/share/gnome:/usr/local/share/:/usr/share/:/var/lib/snapd/desktop', 'PYTHONPATH': '/home/sejong/Desktop/SH_ws/build/sh_motion_demo/prefix_override:/usr/lib/python3/dist-packages/colcon_core/task/python/colcon_distutils_commands:/home/sejong/Desktop/SH_ws/install/sh_motion_demo/lib/python3.12/site-packages:/home/sejong/Desktop/SH_ws/build/sh_motion_demo:/home/sejong/Desktop/SH_ws/install/sh_motion_demo/lib/python3.12/site-packages:/home/sejong/Desktop/SH_ws/install/ros2_interfaces/lib/python3.12/site-packages:/home/sejong/Desktop/SH_ws/build/SH_Humanoid_description:/home/sejong/Desktop/SH_ws/install/SH_Humanoid_description/lib/python3.12/site-packages:/opt/ros/jazzy/lib/python3.12/site-packages', 'COLCON': '1', 'VTE_VERSION': '7600', 'CMAKE_PREFIX_PATH': '/home/sejong/Desktop/SH_ws/install/sh_motion_cpp:/home/sejong/Desktop/SH_ws/install/ros2_interfaces:/home/sejong/Desktop/SH_ws/install/SH_moveit_head_config:/home/sejong/Desktop/SH_ws/install/SH_moveit_demo_config:/home/sejong/Desktop/SH_ws/install/SH_moveit_config:/opt/ros/jazzy/opt/sdformat_vendor:/opt/ros/jazzy/opt/gz_math_vendor:/opt/ros/jazzy/opt/gz_utils_vendor:/opt/ros/jazzy/opt/gz_tools_vendor:/opt/ros/jazzy/opt/gz_cmake_vendor'}, 'shell': False}
[0.904727] (-) TimerEvent: {}
[0.944625] (SH_Humanoid_description) StderrLine: {'line': b'/usr/lib/python3/dist-packages/setuptools/dist.py:744: SetuptoolsDeprecationWarning: Invalid dash-separated options\n'}
[0.945216] (SH_Humanoid_description) StderrLine: {'line': b'!!\n'}
[0.945387] (SH_Humanoid_description) StderrLine: {'line': b'\n'}
[0.945505] (SH_Humanoid_description) StderrLine: {'line': b'        ********************************************************************************\n'}
[0.945616] (SH_Humanoid_description) StderrLine: {'line': b"        Usage of dash-separated 'script-dir' will not be supported in future\n"}
[0.945725] (SH_Humanoid_description) StderrLine: {'line': b"        versions. Please use the underscore name 'script_dir' instead.\n"}
[0.945809] (SH_Humanoid_description) StderrLine: {'line': b'\n'}
[0.945863] (SH_Humanoid_description) StderrLine: {'line': b'        This deprecation is overdue, please update your project and remove deprecated\n'}
[0.945915] (SH_Humanoid_description) StderrLine: {'line': b'        calls to avoid build errors in the future.\n'}
[0.945966] (SH_Humanoid_description) StderrLine: {'line': b'\n'}
[0.946016] (SH_Humanoid_description) StderrLine: {'line': b'        See https://setuptools.pypa.io/en/latest/userguide/declarative_config.html for details.\n'}
[0.946067] (SH_Humanoid_description) StderrLine: {'line': b'        ********************************************************************************\n'}
[0.946118] (SH_Humanoid_description) StderrLine: {'line': b'\n'}
[0.946169] (SH_Humanoid_description) StderrLine: {'line': b'!!\n'}
[0.946220] (SH_Humanoid_description) StderrLine: {'line': b'  opt = self.warn_dash_deprecation(opt, section)\n'}
[1.004822] (-) TimerEvent: {}
[1.026931] (SH_Humanoid_description) StdoutLine: {'line': b'running egg_info\n'}
[1.038448] (SH_Humanoid_description) StdoutLine: {'line': b'writing ../../build/SH_Humanoid_description/SH_Humanoid_description.egg-info/PKG-INFO\n'}
[1.038666] (SH_Humanoid_description) StdoutLine: {'line': b'writing dependency_links to ../../build/SH_Humanoid_description/SH_Humanoid_description.egg-info/dependency_links.txt\n'}
[1.039584] (SH_Humanoid_description) StdoutLine: {'line': b'writing requirements to ../../build/SH_Humanoid_description/SH_Humanoid_description.egg-info/requires.txt\n'}
[1.039659] (SH_Humanoid_description) StdoutLine: {'line': b'writing top-level names to ../../build/SH_Humanoid_description/SH_Humanoid_description.egg-info/top_level.txt\n'}
[1.040016] (sh_motion_demo) StdoutLine: {'line': b'running egg_info\n'}
[1.051268] (sh_motion_demo) StdoutLine: {'line': b'writing ../../build/sh_motion_demo/sh_motion_demo.egg-info/PKG-INFO\n'}
[1.051830] (sh_motion_demo) StdoutLine: {'line': b'writing dependency_links to ../../build/sh_motion_demo/sh_motion_demo.egg-info/dependency_links.txt\n'}
[1.052039] (sh_motion_demo) StdoutLine: {'line': b'writing entry points to ../../build/sh_motion_demo/sh_motion_demo.egg-info/entry_points.txt\n'}
[1.052166] (sh_motion_demo) StdoutLine: {'line': b'writing requirements to ../../build/sh_motion_demo/sh_motion_demo.egg-info/requires.txt\n'}
[1.053082] (sh_motion_demo) StdoutLine: {'line': b'writing top-level names to ../../build/sh_motion_demo/sh_motion_demo.egg-info/top_level.txt\n'}
[1.063213] (SH_Humanoid_description) StdoutLine: {'line': b"reading manifest file '../../build/SH_Humanoid_description/SH_Humanoid_description.egg-info/SOURCES.txt'\n"}
[1.064896] (SH_Humanoid_description) StdoutLine: {'line': b"writing manifest file '../../build/SH_Humanoid_description/SH_Humanoid_description.egg-info/SOURCES.txt'\n"}
[1.065040] (SH_Humanoid_description) StdoutLine: {'line': b'running build\n'}
[1.065155] (SH_Humanoid_description) StdoutLine: {'line': b'running build_py\n'}
[1.065299] (SH_Humanoid_description) StdoutLine: {'line': b'running install\n'}
[1.070242] (SH_Humanoid_description) StdoutLine: {'line': b'running install_lib\n'}
[1.075110] (sh_motion_demo) StdoutLine: {'line': b"reading manifest file '../../build/sh_motion_demo/sh_motion_demo.egg-info/SOURCES.txt'\n"}
[1.075770] (sh_motion_demo) StdoutLine: {'line': b"writing manifest file '../../build/sh_motion_demo/sh_motion_demo.egg-info/SOURCES.txt'\n"}
[1.075937] (sh_motion_demo) StdoutLine: {'line': b'running build\n'}
[1.076061] (sh_motion_demo) StdoutLine: {'line': b'running build_py\n'}
[1.076218] (sh_motion_demo) StdoutLine: {'line': b'running install\n'}
[1.082014] (sh_motion_demo) StdoutLine: {'line': b'running install_lib\n'}
[1.082382] (SH_Humanoid_description) StdoutLine: {'line': b'running install_data\n'}
[1.084244] (SH_Humanoid_description) StdoutLine: {'line': b'running install_egg_info\n'}
[1.093663] (sh_motion_demo) StdoutLine: {'line': b'running install_data\n'}
[1.093836] (sh_motion_demo) StdoutLine: {'line': b'running install_egg_info\n'}
[1.097138] (SH_Humanoid_description) StdoutLine: {'line': b"removing '/home/sejong/Desktop/SH_ws/install/SH_Humanoid_description/lib/python3.12/site-packages/SH_Humanoid_description-0.0.0-py3.12.egg-info' (and everything under it)\n"}
[1.100292] (SH_Humanoid_description) StdoutLine: {'line': b'Copying ../../build/SH_Humanoid_description/SH_Humanoid_description.egg-info to /home/sejong/Desktop/SH_ws/install/SH_Humanoid_description/lib/python3.12/site-packages/SH_Humanoid_description-0.0.0-py3.12.egg-info\n'}
[1.100369] (SH_Humanoid_description) StdoutLine: {'line': b'running install_scripts\n'}
[1.104881] (-) TimerEvent: {}
[1.106273] (sh_motion_demo) StdoutLine: {'line': b"removing '/home/sejong/Desktop/SH_ws/install/sh_motion_demo/lib/python3.12/site-packages/sh_motion_demo-0.0.0-py3.12.egg-info' (and everything under it)\n"}
[1.111774] (sh_motion_demo) StdoutLine: {'line': b'Copying ../../build/sh_motion_demo/sh_motion_demo.egg-info to /home/sejong/Desktop/SH_ws/install/sh_motion_demo/lib/python3.12/site-packages/sh_motion_demo-0.0.0-py3.12.egg-info\n'}
[1.111930] (sh_motion_demo) StdoutLine: {'line': b'running install_scripts\n'}
[1.188172] (SH_Humanoid_description) StdoutLine: {'line': b"writing list of installed files to '/home/sejong/Desktop/SH_ws/build/SH_Humanoid_description/install.log'\n"}
[1.193764] (sh_motion_demo) StdoutLine: {'line': b'Installing wave script to /home/sejong/Desktop/SH_ws/install/sh_motion_demo/lib/sh_motion_demo\n'}
[1.193997] (sh_motion_demo) StdoutLine: {'line': b"writing list of installed files to '/home/sejong/Desktop/SH_ws/build/sh_motion_demo/install.log'\n"}
[1.204948] (-) TimerEvent: {}
[1.225196] (SH_Humanoid_description) CommandEnded: {'returncode': 0}
[1.237936] (SH_Humanoid_description) JobEnded: {'identifier': 'SH_Humanoid_description', 'rc': 0}
[1.240651] (SH_moveit_config) JobStarted: {'identifier': 'SH_moveit_config'}
[1.247216] (SH_moveit_demo_config) JobStarted: {'identifier': 'SH_moveit_demo_config'}
[1.254543] (SH_moveit_head_config) JobStarted: {'identifier': 'SH_moveit_head_config'}
[1.263245] (sh_motion_demo) CommandEnded: {'returncode': 0}
[1.271974] (sh_motion_demo) JobEnded: {'identifier': 'sh_motion_demo', 'rc': 0}
[1.273656] (SH_moveit_config) JobProgress: {'identifier': 'SH_moveit_config', 'progress': 'cmake'}
[1.274493] (SH_moveit_config) JobProgress: {'identifier': 'SH_moveit_config', 'progress': 'build'}
[1.275188] (SH_moveit_config) Command: {'cmd': ['/usr/bin/cmake', '--build', '/home/sejong/Desktop/SH_ws/build/SH_moveit_config', '--', '-j14', '-l14'], 'cwd': '/home/sejong/Desktop/SH_ws/build/SH_moveit_config', 'env': OrderedDict({'LESSOPEN': '| /usr/bin/lesspipe %s', 'USER': 'sejong', 'GZ_CONFIG_PATH': '/opt/ros/jazzy/opt/sdformat_vendor/share/gz', 'ROS_PACKAGE_PATH': '/home/sejong/Desktop/SH_ws/install/ros2_interfaces/share', 'XDG_SESSION_TYPE': 'x11', 'CLUTTER_DISABLE_MIPMAPPED_TEXT': '1', 'SHLVL': '1', 'LD_LIBRARY_PATH': '/home/sejong/Desktop/SH_ws/install/ros2_interfaces/lib:/opt/ros/jazzy/opt/sdformat_vendor/lib:/opt/ros/jazzy/opt/rviz_ogre_vendor/lib:/opt/ros/jazzy/lib/aarch64-linux-gnu:/opt/ros/jazzy/opt/gz_math_vendor/lib:/opt/ros/jazzy/opt/gz_utils_vendor/lib:/opt/ros/jazzy/opt/gz_tools_vendor/lib:/opt/ros/jazzy/opt/gz_cmake_vendor/lib:/opt/ros/jazzy/lib:/usr/local/cuda-13.2/lib64:', 'HOME': '/home/sejong', 'OLDPWD': '/home/sejong/Desktop/SH_ws', 'DESKTOP_SESSION': 'ubuntu', 'ROS_PYTHON_VERSION': '3', 'GNOME_SHELL_SESSION_MODE': 'ubuntu', 'GTK_MODULES': 'gail:atk-bridge', 'SYSTEMD_EXEC_PID': '26002', 'GSM_SKIP_SSH_AGENT_WORKAROUND': 'true', 'DBUS_SESSION_BUS_ADDRESS': 'unix:path=/run/user/2001/bus', 'COLORTERM': 'truecolor', 'DEBUGINFOD_URLS': 'https://debuginfod.ubuntu.com', 'IM_CONFIG_PHASE': '1', 'COLCON_PREFIX_PATH': '/home/sejong/Desktop/SH_ws/install', 'ROS_DISTRO': 'jazzy', 'LOGNAME': 'sejong', '_': '/usr/bin/colcon', 'ROS_VERSION': '2', 'PKG_CONFIG_PATH': '/home/sejong/Desktop/SH_ws/install/ros2_interfaces/lib/aarch64-linux-gnu/pkgconfig:/home/sejong/Desktop/SH_ws/install/ros2_interfaces/lib/pkgconfig', 'XDG_SESSION_CLASS': 'user', 'USERNAME': 'sejong', 'TERM': 'xterm-256color', 'GNOME_DESKTOP_SESSION_ID': 'this-is-deprecated', 'WINDOWPATH': '2', 'PATH': '/home/sejong/.local/bin:/opt/ros/jazzy/opt/gz_tools_vendor/bin:/opt/ros/jazzy/bin:/usr/local/cuda-13.2/bin:/home/sejong/.local/bin:/usr/local/sbin:/usr/local/bin:/usr/sbin:/usr/bin:/sbin:/bin:/usr/games:/usr/local/games:/snap/bin:/snap/bin', 'SESSION_MANAGER': 'local/localhost.localdomain:@/tmp/.ICE-unix/25971,unix/localhost.localdomain:/tmp/.ICE-unix/25971', 'XDG_MENU_PREFIX': 'gnome-', 'GNOME_TERMINAL_SCREEN': '/org/gnome/Terminal/screen/899463a0_25f9_4627_9063_ce5ef1b69624', 'XDG_RUNTIME_DIR': '/run/user/2001', 'DISPLAY': ':1', 'LANG': 'en_US.UTF-8', 'XDG_CURRENT_DESKTOP': 'ubuntu:GNOME', 'XMODIFIERS': '@im=ibus', 'XDG_SESSION_DESKTOP': 'ubuntu', 'XAUTHORITY': '/run/user/2001/gdm/Xauthority', 'LS_COLORS': 'rs=0:di=01;34:ln=01;36:mh=00:pi=40;33:so=01;35:do=01;35:bd=40;33;01:cd=40;33;01:or=40;31;01:mi=00:su=37;41:sg=30;43:ca=00:tw=30;42:ow=34;42:st=37;44:ex=01;32:*.tar=01;31:*.tgz=01;31:*.arc=01;31:*.arj=01;31:*.taz=01;31:*.lha=01;31:*.lz4=01;31:*.lzh=01;31:*.lzma=01;31:*.tlz=01;31:*.txz=01;31:*.tzo=01;31:*.t7z=01;31:*.zip=01;31:*.z=01;31:*.dz=01;31:*.gz=01;31:*.lrz=01;31:*.lz=01;31:*.lzo=01;31:*.xz=01;31:*.zst=01;31:*.tzst=01;31:*.bz2=01;31:*.bz=01;31:*.tbz=01;31:*.tbz2=01;31:*.tz=01;31:*.deb=01;31:*.rpm=01;31:*.jar=01;31:*.war=01;31:*.ear=01;31:*.sar=01;31:*.rar=01;31:*.alz=01;31:*.ace=01;31:*.zoo=01;31:*.cpio=01;31:*.7z=01;31:*.rz=01;31:*.cab=01;31:*.wim=01;31:*.swm=01;31:*.dwm=01;31:*.esd=01;31:*.avif=01;35:*.jpg=01;35:*.jpeg=01;35:*.mjpg=01;35:*.mjpeg=01;35:*.gif=01;35:*.bmp=01;35:*.pbm=01;35:*.pgm=01;35:*.ppm=01;35:*.tga=01;35:*.xbm=01;35:*.xpm=01;35:*.tif=01;35:*.tiff=01;35:*.png=01;35:*.svg=01;35:*.svgz=01;35:*.mng=01;35:*.pcx=01;35:*.mov=01;35:*.mpg=01;35:*.mpeg=01;35:*.m2v=01;35:*.mkv=01;35:*.webm=01;35:*.webp=01;35:*.ogm=01;35:*.mp4=01;35:*.m4v=01;35:*.mp4v=01;35:*.vob=01;35:*.qt=01;35:*.nuv=01;35:*.wmv=01;35:*.asf=01;35:*.rm=01;35:*.rmvb=01;35:*.flc=01;35:*.avi=01;35:*.fli=01;35:*.flv=01;35:*.gl=01;35:*.dl=01;35:*.xcf=01;35:*.xwd=01;35:*.yuv=01;35:*.cgm=01;35:*.emf=01;35:*.ogv=01;35:*.ogx=01;35:*.aac=00;36:*.au=00;36:*.flac=00;36:*.m4a=00;36:*.mid=00;36:*.midi=00;36:*.mka=00;36:*.mp3=00;36:*.mpc=00;36:*.ogg=00;36:*.ra=00;36:*.wav=00;36:*.oga=00;36:*.opus=00;36:*.spx=00;36:*.xspf=00;36:*~=00;90:*#=00;90:*.bak=00;90:*.crdownload=00;90:*.dpkg-dist=00;90:*.dpkg-new=00;90:*.dpkg-old=00;90:*.dpkg-tmp=00;90:*.old=00;90:*.orig=00;90:*.part=00;90:*.rej=00;90:*.rpmnew=00;90:*.rpmorig=00;90:*.rpmsave=00;90:*.swp=00;90:*.tmp=00;90:*.ucf-dist=00;90:*.ucf-new=00;90:*.ucf-old=00;90:', 'GNOME_TERMINAL_SERVICE': ':1.103', 'SSH_AUTH_SOCK': '/run/user/2001/keyring/ssh', 'AMENT_PREFIX_PATH': '/home/sejong/Desktop/SH_ws/install/SH_Humanoid_description:/home/sejong/Desktop/SH_ws/install/sh_motion_demo:/home/sejong/Desktop/SH_ws/install/sh_motion_cpp:/home/sejong/Desktop/SH_ws/install/SH_moveit_head_config:/home/sejong/Desktop/SH_ws/install/SH_moveit_demo_config:/home/sejong/Desktop/SH_ws/install/SH_moveit_config:/opt/ros/jazzy', 'SHELL': '/bin/bash', 'QT_ACCESSIBILITY': '1', 'GDMSESSION': 'ubuntu', 'LESSCLOSE': '/usr/bin/lesspipe %s %s', 'GPG_AGENT_INFO': '/run/user/2001/gnupg/S.gpg-agent:0:1', 'ROS_AUTOMATIC_DISCOVERY_RANGE': 'SUBNET', 'QT_IM_MODULE': 'ibus', 'PWD': '/home/sejong/Desktop/SH_ws/build/SH_moveit_config', 'XDG_CONFIG_DIRS': '/etc/xdg/xdg-ubuntu:/etc/xdg', 'XDG_DATA_DIRS': '/usr/share/ubuntu:/usr/share/gnome:/usr/local/share/:/usr/share/:/var/lib/snapd/desktop', 'PYTHONPATH': '/home/sejong/Desktop/SH_ws/install/SH_Humanoid_description/lib/python3.12/site-packages:/home/sejong/Desktop/SH_ws/build/sh_motion_demo:/home/sejong/Desktop/SH_ws/install/sh_motion_demo/lib/python3.12/site-packages:/home/sejong/Desktop/SH_ws/install/ros2_interfaces/lib/python3.12/site-packages:/home/sejong/Desktop/SH_ws/build/SH_Humanoid_description:/opt/ros/jazzy/lib/python3.12/site-packages', 'COLCON': '1', 'VTE_VERSION': '7600', 'CMAKE_PREFIX_PATH': '/home/sejong/Desktop/SH_ws/install/sh_motion_cpp:/home/sejong/Desktop/SH_ws/install/sh_motion_demo:/home/sejong/Desktop/SH_ws/install/SH_Humanoid_description:/opt/ros/jazzy:/home/sejong/Desktop/SH_ws/install/ros2_interfaces:/home/sejong/Desktop/SH_ws/install/SH_moveit_head_config:/home/sejong/Desktop/SH_ws/install/SH_moveit_demo_config:/home/sejong/Desktop/SH_ws/install/SH_moveit_config:/opt/ros/jazzy/opt/sdformat_vendor:/opt/ros/jazzy/opt/gz_math_vendor:/opt/ros/jazzy/opt/gz_utils_vendor:/opt/ros/jazzy/opt/gz_tools_vendor:/opt/ros/jazzy/opt/gz_cmake_vendor'}), 'shell': False}
[1.276863] (SH_moveit_demo_config) JobProgress: {'identifier': 'SH_moveit_demo_config', 'progress': 'cmake'}
[1.277672] (SH_moveit_demo_config) JobProgress: {'identifier': 'SH_moveit_demo_config', 'progress': 'build'}
[1.278218] (SH_moveit_demo_config) Command: {'cmd': ['/usr/bin/cmake', '--build', '/home/sejong/Desktop/SH_ws/build/SH_moveit_demo_config', '--', '-j14', '-l14'], 'cwd': '/home/sejong/Desktop/SH_ws/build/SH_moveit_demo_config', 'env': OrderedDict({'LESSOPEN': '| /usr/bin/lesspipe %s', 'USER': 'sejong', 'GZ_CONFIG_PATH': '/opt/ros/jazzy/opt/sdformat_vendor/share/gz', 'ROS_PACKAGE_PATH': '/home/sejong/Desktop/SH_ws/install/ros2_interfaces/share', 'XDG_SESSION_TYPE': 'x11', 'CLUTTER_DISABLE_MIPMAPPED_TEXT': '1', 'SHLVL': '1', 'LD_LIBRARY_PATH': '/home/sejong/Desktop/SH_ws/install/ros2_interfaces/lib:/opt/ros/jazzy/opt/sdformat_vendor/lib:/opt/ros/jazzy/opt/rviz_ogre_vendor/lib:/opt/ros/jazzy/lib/aarch64-linux-gnu:/opt/ros/jazzy/opt/gz_math_vendor/lib:/opt/ros/jazzy/opt/gz_utils_vendor/lib:/opt/ros/jazzy/opt/gz_tools_vendor/lib:/opt/ros/jazzy/opt/gz_cmake_vendor/lib:/opt/ros/jazzy/lib:/usr/local/cuda-13.2/lib64:', 'HOME': '/home/sejong', 'OLDPWD': '/home/sejong/Desktop/SH_ws', 'DESKTOP_SESSION': 'ubuntu', 'ROS_PYTHON_VERSION': '3', 'GNOME_SHELL_SESSION_MODE': 'ubuntu', 'GTK_MODULES': 'gail:atk-bridge', 'SYSTEMD_EXEC_PID': '26002', 'GSM_SKIP_SSH_AGENT_WORKAROUND': 'true', 'DBUS_SESSION_BUS_ADDRESS': 'unix:path=/run/user/2001/bus', 'COLORTERM': 'truecolor', 'DEBUGINFOD_URLS': 'https://debuginfod.ubuntu.com', 'IM_CONFIG_PHASE': '1', 'COLCON_PREFIX_PATH': '/home/sejong/Desktop/SH_ws/install', 'ROS_DISTRO': 'jazzy', 'LOGNAME': 'sejong', '_': '/usr/bin/colcon', 'ROS_VERSION': '2', 'PKG_CONFIG_PATH': '/home/sejong/Desktop/SH_ws/install/ros2_interfaces/lib/aarch64-linux-gnu/pkgconfig:/home/sejong/Desktop/SH_ws/install/ros2_interfaces/lib/pkgconfig', 'XDG_SESSION_CLASS': 'user', 'USERNAME': 'sejong', 'TERM': 'xterm-256color', 'GNOME_DESKTOP_SESSION_ID': 'this-is-deprecated', 'WINDOWPATH': '2', 'PATH': '/home/sejong/.local/bin:/opt/ros/jazzy/opt/gz_tools_vendor/bin:/opt/ros/jazzy/bin:/usr/local/cuda-13.2/bin:/home/sejong/.local/bin:/usr/local/sbin:/usr/local/bin:/usr/sbin:/usr/bin:/sbin:/bin:/usr/games:/usr/local/games:/snap/bin:/snap/bin', 'SESSION_MANAGER': 'local/localhost.localdomain:@/tmp/.ICE-unix/25971,unix/localhost.localdomain:/tmp/.ICE-unix/25971', 'XDG_MENU_PREFIX': 'gnome-', 'GNOME_TERMINAL_SCREEN': '/org/gnome/Terminal/screen/899463a0_25f9_4627_9063_ce5ef1b69624', 'XDG_RUNTIME_DIR': '/run/user/2001', 'DISPLAY': ':1', 'LANG': 'en_US.UTF-8', 'XDG_CURRENT_DESKTOP': 'ubuntu:GNOME', 'XMODIFIERS': '@im=ibus', 'XDG_SESSION_DESKTOP': 'ubuntu', 'XAUTHORITY': '/run/user/2001/gdm/Xauthority', 'LS_COLORS': 'rs=0:di=01;34:ln=01;36:mh=00:pi=40;33:so=01;35:do=01;35:bd=40;33;01:cd=40;33;01:or=40;31;01:mi=00:su=37;41:sg=30;43:ca=00:tw=30;42:ow=34;42:st=37;44:ex=01;32:*.tar=01;31:*.tgz=01;31:*.arc=01;31:*.arj=01;31:*.taz=01;31:*.lha=01;31:*.lz4=01;31:*.lzh=01;31:*.lzma=01;31:*.tlz=01;31:*.txz=01;31:*.tzo=01;31:*.t7z=01;31:*.zip=01;31:*.z=01;31:*.dz=01;31:*.gz=01;31:*.lrz=01;31:*.lz=01;31:*.lzo=01;31:*.xz=01;31:*.zst=01;31:*.tzst=01;31:*.bz2=01;31:*.bz=01;31:*.tbz=01;31:*.tbz2=01;31:*.tz=01;31:*.deb=01;31:*.rpm=01;31:*.jar=01;31:*.war=01;31:*.ear=01;31:*.sar=01;31:*.rar=01;31:*.alz=01;31:*.ace=01;31:*.zoo=01;31:*.cpio=01;31:*.7z=01;31:*.rz=01;31:*.cab=01;31:*.wim=01;31:*.swm=01;31:*.dwm=01;31:*.esd=01;31:*.avif=01;35:*.jpg=01;35:*.jpeg=01;35:*.mjpg=01;35:*.mjpeg=01;35:*.gif=01;35:*.bmp=01;35:*.pbm=01;35:*.pgm=01;35:*.ppm=01;35:*.tga=01;35:*.xbm=01;35:*.xpm=01;35:*.tif=01;35:*.tiff=01;35:*.png=01;35:*.svg=01;35:*.svgz=01;35:*.mng=01;35:*.pcx=01;35:*.mov=01;35:*.mpg=01;35:*.mpeg=01;35:*.m2v=01;35:*.mkv=01;35:*.webm=01;35:*.webp=01;35:*.ogm=01;35:*.mp4=01;35:*.m4v=01;35:*.mp4v=01;35:*.vob=01;35:*.qt=01;35:*.nuv=01;35:*.wmv=01;35:*.asf=01;35:*.rm=01;35:*.rmvb=01;35:*.flc=01;35:*.avi=01;35:*.fli=01;35:*.flv=01;35:*.gl=01;35:*.dl=01;35:*.xcf=01;35:*.xwd=01;35:*.yuv=01;35:*.cgm=01;35:*.emf=01;35:*.ogv=01;35:*.ogx=01;35:*.aac=00;36:*.au=00;36:*.flac=00;36:*.m4a=00;36:*.mid=00;36:*.midi=00;36:*.mka=00;36:*.mp3=00;36:*.mpc=00;36:*.ogg=00;36:*.ra=00;36:*.wav=00;36:*.oga=00;36:*.opus=00;36:*.spx=00;36:*.xspf=00;36:*~=00;90:*#=00;90:*.bak=00;90:*.crdownload=00;90:*.dpkg-dist=00;90:*.dpkg-new=00;90:*.dpkg-old=00;90:*.dpkg-tmp=00;90:*.old=00;90:*.orig=00;90:*.part=00;90:*.rej=00;90:*.rpmnew=00;90:*.rpmorig=00;90:*.rpmsave=00;90:*.swp=00;90:*.tmp=00;90:*.ucf-dist=00;90:*.ucf-new=00;90:*.ucf-old=00;90:', 'GNOME_TERMINAL_SERVICE': ':1.103', 'SSH_AUTH_SOCK': '/run/user/2001/keyring/ssh', 'AMENT_PREFIX_PATH': '/home/sejong/Desktop/SH_ws/install/SH_Humanoid_description:/home/sejong/Desktop/SH_ws/install/sh_motion_demo:/home/sejong/Desktop/SH_ws/install/sh_motion_cpp:/home/sejong/Desktop/SH_ws/install/SH_moveit_head_config:/home/sejong/Desktop/SH_ws/install/SH_moveit_demo_config:/home/sejong/Desktop/SH_ws/install/SH_moveit_config:/opt/ros/jazzy', 'SHELL': '/bin/bash', 'QT_ACCESSIBILITY': '1', 'GDMSESSION': 'ubuntu', 'LESSCLOSE': '/usr/bin/lesspipe %s %s', 'GPG_AGENT_INFO': '/run/user/2001/gnupg/S.gpg-agent:0:1', 'ROS_AUTOMATIC_DISCOVERY_RANGE': 'SUBNET', 'QT_IM_MODULE': 'ibus', 'PWD': '/home/sejong/Desktop/SH_ws/build/SH_moveit_demo_config', 'XDG_CONFIG_DIRS': '/etc/xdg/xdg-ubuntu:/etc/xdg', 'XDG_DATA_DIRS': '/usr/share/ubuntu:/usr/share/gnome:/usr/local/share/:/usr/share/:/var/lib/snapd/desktop', 'PYTHONPATH': '/home/sejong/Desktop/SH_ws/install/SH_Humanoid_description/lib/python3.12/site-packages:/home/sejong/Desktop/SH_ws/build/sh_motion_demo:/home/sejong/Desktop/SH_ws/install/sh_motion_demo/lib/python3.12/site-packages:/home/sejong/Desktop/SH_ws/install/ros2_interfaces/lib/python3.12/site-packages:/home/sejong/Desktop/SH_ws/build/SH_Humanoid_description:/opt/ros/jazzy/lib/python3.12/site-packages', 'COLCON': '1', 'VTE_VERSION': '7600', 'CMAKE_PREFIX_PATH': '/home/sejong/Desktop/SH_ws/install/sh_motion_cpp:/home/sejong/Desktop/SH_ws/install/sh_motion_demo:/home/sejong/Desktop/SH_ws/install/SH_Humanoid_description:/opt/ros/jazzy:/home/sejong/Desktop/SH_ws/install/ros2_interfaces:/home/sejong/Desktop/SH_ws/install/SH_moveit_head_config:/home/sejong/Desktop/SH_ws/install/SH_moveit_demo_config:/home/sejong/Desktop/SH_ws/install/SH_moveit_config:/opt/ros/jazzy/opt/sdformat_vendor:/opt/ros/jazzy/opt/gz_math_vendor:/opt/ros/jazzy/opt/gz_utils_vendor:/opt/ros/jazzy/opt/gz_tools_vendor:/opt/ros/jazzy/opt/gz_cmake_vendor'}), 'shell': False}
[1.280541] (SH_moveit_head_config) JobProgress: {'identifier': 'SH_moveit_head_config', 'progress': 'cmake'}
[1.281311] (SH_moveit_head_config) JobProgress: {'identifier': 'SH_moveit_head_config', 'progress': 'build'}
[1.281859] (SH_moveit_head_config) Command: {'cmd': ['/usr/bin/cmake', '--build', '/home/sejong/Desktop/SH_ws/build/SH_moveit_head_config', '--', '-j14', '-l14'], 'cwd': '/home/sejong/Desktop/SH_ws/build/SH_moveit_head_config', 'env': OrderedDict({'LESSOPEN': '| /usr/bin/lesspipe %s', 'USER': 'sejong', 'GZ_CONFIG_PATH': '/opt/ros/jazzy/opt/sdformat_vendor/share/gz', 'ROS_PACKAGE_PATH': '/home/sejong/Desktop/SH_ws/install/ros2_interfaces/share', 'XDG_SESSION_TYPE': 'x11', 'CLUTTER_DISABLE_MIPMAPPED_TEXT': '1', 'SHLVL': '1', 'LD_LIBRARY_PATH': '/home/sejong/Desktop/SH_ws/install/ros2_interfaces/lib:/opt/ros/jazzy/opt/sdformat_vendor/lib:/opt/ros/jazzy/opt/rviz_ogre_vendor/lib:/opt/ros/jazzy/lib/aarch64-linux-gnu:/opt/ros/jazzy/opt/gz_math_vendor/lib:/opt/ros/jazzy/opt/gz_utils_vendor/lib:/opt/ros/jazzy/opt/gz_tools_vendor/lib:/opt/ros/jazzy/opt/gz_cmake_vendor/lib:/opt/ros/jazzy/lib:/usr/local/cuda-13.2/lib64:', 'HOME': '/home/sejong', 'OLDPWD': '/home/sejong/Desktop/SH_ws', 'DESKTOP_SESSION': 'ubuntu', 'ROS_PYTHON_VERSION': '3', 'GNOME_SHELL_SESSION_MODE': 'ubuntu', 'GTK_MODULES': 'gail:atk-bridge', 'SYSTEMD_EXEC_PID': '26002', 'GSM_SKIP_SSH_AGENT_WORKAROUND': 'true', 'DBUS_SESSION_BUS_ADDRESS': 'unix:path=/run/user/2001/bus', 'COLORTERM': 'truecolor', 'DEBUGINFOD_URLS': 'https://debuginfod.ubuntu.com', 'IM_CONFIG_PHASE': '1', 'COLCON_PREFIX_PATH': '/home/sejong/Desktop/SH_ws/install', 'ROS_DISTRO': 'jazzy', 'LOGNAME': 'sejong', '_': '/usr/bin/colcon', 'ROS_VERSION': '2', 'PKG_CONFIG_PATH': '/home/sejong/Desktop/SH_ws/install/ros2_interfaces/lib/aarch64-linux-gnu/pkgconfig:/home/sejong/Desktop/SH_ws/install/ros2_interfaces/lib/pkgconfig', 'XDG_SESSION_CLASS': 'user', 'USERNAME': 'sejong', 'TERM': 'xterm-256color', 'GNOME_DESKTOP_SESSION_ID': 'this-is-deprecated', 'WINDOWPATH': '2', 'PATH': '/home/sejong/.local/bin:/opt/ros/jazzy/opt/gz_tools_vendor/bin:/opt/ros/jazzy/bin:/usr/local/cuda-13.2/bin:/home/sejong/.local/bin:/usr/local/sbin:/usr/local/bin:/usr/sbin:/usr/bin:/sbin:/bin:/usr/games:/usr/local/games:/snap/bin:/snap/bin', 'SESSION_MANAGER': 'local/localhost.localdomain:@/tmp/.ICE-unix/25971,unix/localhost.localdomain:/tmp/.ICE-unix/25971', 'XDG_MENU_PREFIX': 'gnome-', 'GNOME_TERMINAL_SCREEN': '/org/gnome/Terminal/screen/899463a0_25f9_4627_9063_ce5ef1b69624', 'XDG_RUNTIME_DIR': '/run/user/2001', 'DISPLAY': ':1', 'LANG': 'en_US.UTF-8', 'XDG_CURRENT_DESKTOP': 'ubuntu:GNOME', 'XMODIFIERS': '@im=ibus', 'XDG_SESSION_DESKTOP': 'ubuntu', 'XAUTHORITY': '/run/user/2001/gdm/Xauthority', 'LS_COLORS': 'rs=0:di=01;34:ln=01;36:mh=00:pi=40;33:so=01;35:do=01;35:bd=40;33;01:cd=40;33;01:or=40;31;01:mi=00:su=37;41:sg=30;43:ca=00:tw=30;42:ow=34;42:st=37;44:ex=01;32:*.tar=01;31:*.tgz=01;31:*.arc=01;31:*.arj=01;31:*.taz=01;31:*.lha=01;31:*.lz4=01;31:*.lzh=01;31:*.lzma=01;31:*.tlz=01;31:*.txz=01;31:*.tzo=01;31:*.t7z=01;31:*.zip=01;31:*.z=01;31:*.dz=01;31:*.gz=01;31:*.lrz=01;31:*.lz=01;31:*.lzo=01;31:*.xz=01;31:*.zst=01;31:*.tzst=01;31:*.bz2=01;31:*.bz=01;31:*.tbz=01;31:*.tbz2=01;31:*.tz=01;31:*.deb=01;31:*.rpm=01;31:*.jar=01;31:*.war=01;31:*.ear=01;31:*.sar=01;31:*.rar=01;31:*.alz=01;31:*.ace=01;31:*.zoo=01;31:*.cpio=01;31:*.7z=01;31:*.rz=01;31:*.cab=01;31:*.wim=01;31:*.swm=01;31:*.dwm=01;31:*.esd=01;31:*.avif=01;35:*.jpg=01;35:*.jpeg=01;35:*.mjpg=01;35:*.mjpeg=01;35:*.gif=01;35:*.bmp=01;35:*.pbm=01;35:*.pgm=01;35:*.ppm=01;35:*.tga=01;35:*.xbm=01;35:*.xpm=01;35:*.tif=01;35:*.tiff=01;35:*.png=01;35:*.svg=01;35:*.svgz=01;35:*.mng=01;35:*.pcx=01;35:*.mov=01;35:*.mpg=01;35:*.mpeg=01;35:*.m2v=01;35:*.mkv=01;35:*.webm=01;35:*.webp=01;35:*.ogm=01;35:*.mp4=01;35:*.m4v=01;35:*.mp4v=01;35:*.vob=01;35:*.qt=01;35:*.nuv=01;35:*.wmv=01;35:*.asf=01;35:*.rm=01;35:*.rmvb=01;35:*.flc=01;35:*.avi=01;35:*.fli=01;35:*.flv=01;35:*.gl=01;35:*.dl=01;35:*.xcf=01;35:*.xwd=01;35:*.yuv=01;35:*.cgm=01;35:*.emf=01;35:*.ogv=01;35:*.ogx=01;35:*.aac=00;36:*.au=00;36:*.flac=00;36:*.m4a=00;36:*.mid=00;36:*.midi=00;36:*.mka=00;36:*.mp3=00;36:*.mpc=00;36:*.ogg=00;36:*.ra=00;36:*.wav=00;36:*.oga=00;36:*.opus=00;36:*.spx=00;36:*.xspf=00;36:*~=00;90:*#=00;90:*.bak=00;90:*.crdownload=00;90:*.dpkg-dist=00;90:*.dpkg-new=00;90:*.dpkg-old=00;90:*.dpkg-tmp=00;90:*.old=00;90:*.orig=00;90:*.part=00;90:*.rej=00;90:*.rpmnew=00;90:*.rpmorig=00;90:*.rpmsave=00;90:*.swp=00;90:*.tmp=00;90:*.ucf-dist=00;90:*.ucf-new=00;90:*.ucf-old=00;90:', 'GNOME_TERMINAL_SERVICE': ':1.103', 'SSH_AUTH_SOCK': '/run/user/2001/keyring/ssh', 'AMENT_PREFIX_PATH': '/home/sejong/Desktop/SH_ws/install/SH_Humanoid_description:/home/sejong/Desktop/SH_ws/install/sh_motion_demo:/home/sejong/Desktop/SH_ws/install/sh_motion_cpp:/home/sejong/Desktop/SH_ws/install/SH_moveit_head_config:/home/sejong/Desktop/SH_ws/install/SH_moveit_demo_config:/home/sejong/Desktop/SH_ws/install/SH_moveit_config:/opt/ros/jazzy', 'SHELL': '/bin/bash', 'QT_ACCESSIBILITY': '1', 'GDMSESSION': 'ubuntu', 'LESSCLOSE': '/usr/bin/lesspipe %s %s', 'GPG_AGENT_INFO': '/run/user/2001/gnupg/S.gpg-agent:0:1', 'ROS_AUTOMATIC_DISCOVERY_RANGE': 'SUBNET', 'QT_IM_MODULE': 'ibus', 'PWD': '/home/sejong/Desktop/SH_ws/build/SH_moveit_head_config', 'XDG_CONFIG_DIRS': '/etc/xdg/xdg-ubuntu:/etc/xdg', 'XDG_DATA_DIRS': '/usr/share/ubuntu:/usr/share/gnome:/usr/local/share/:/usr/share/:/var/lib/snapd/desktop', 'PYTHONPATH': '/home/sejong/Desktop/SH_ws/install/SH_Humanoid_description/lib/python3.12/site-packages:/home/sejong/Desktop/SH_ws/build/sh_motion_demo:/home/sejong/Desktop/SH_ws/install/sh_motion_demo/lib/python3.12/site-packages:/home/sejong/Desktop/SH_ws/install/ros2_interfaces/lib/python3.12/site-packages:/home/sejong/Desktop/SH_ws/build/SH_Humanoid_description:/opt/ros/jazzy/lib/python3.12/site-packages', 'COLCON': '1', 'VTE_VERSION': '7600', 'CMAKE_PREFIX_PATH': '/home/sejong/Desktop/SH_ws/install/sh_motion_cpp:/home/sejong/Desktop/SH_ws/install/sh_motion_demo:/home/sejong/Desktop/SH_ws/install/SH_Humanoid_description:/opt/ros/jazzy:/home/sejong/Desktop/SH_ws/install/ros2_interfaces:/home/sejong/Desktop/SH_ws/install/SH_moveit_head_config:/home/sejong/Desktop/SH_ws/install/SH_moveit_demo_config:/home/sejong/Desktop/SH_ws/install/SH_moveit_config:/opt/ros/jazzy/opt/sdformat_vendor:/opt/ros/jazzy/opt/gz_math_vendor:/opt/ros/jazzy/opt/gz_utils_vendor:/opt/ros/jazzy/opt/gz_tools_vendor:/opt/ros/jazzy/opt/gz_cmake_vendor'}), 'shell': False}
[1.306241] (-) TimerEvent: {}
[1.320547] (SH_moveit_config) CommandEnded: {'returncode': 0}
[1.322006] (SH_moveit_config) JobProgress: {'identifier': 'SH_moveit_config', 'progress': 'install'}
[1.322111] (SH_moveit_config) Command: {'cmd': ['/usr/bin/cmake', '--install', '/home/sejong/Desktop/SH_ws/build/SH_moveit_config'], 'cwd': '/home/sejong/Desktop/SH_ws/build/SH_moveit_config', 'env': OrderedDict({'LESSOPEN': '| /usr/bin/lesspipe %s', 'USER': 'sejong', 'GZ_CONFIG_PATH': '/opt/ros/jazzy/opt/sdformat_vendor/share/gz', 'ROS_PACKAGE_PATH': '/home/sejong/Desktop/SH_ws/install/ros2_interfaces/share', 'XDG_SESSION_TYPE': 'x11', 'CLUTTER_DISABLE_MIPMAPPED_TEXT': '1', 'SHLVL': '1', 'LD_LIBRARY_PATH': '/home/sejong/Desktop/SH_ws/install/ros2_interfaces/lib:/opt/ros/jazzy/opt/sdformat_vendor/lib:/opt/ros/jazzy/opt/rviz_ogre_vendor/lib:/opt/ros/jazzy/lib/aarch64-linux-gnu:/opt/ros/jazzy/opt/gz_math_vendor/lib:/opt/ros/jazzy/opt/gz_utils_vendor/lib:/opt/ros/jazzy/opt/gz_tools_vendor/lib:/opt/ros/jazzy/opt/gz_cmake_vendor/lib:/opt/ros/jazzy/lib:/usr/local/cuda-13.2/lib64:', 'HOME': '/home/sejong', 'OLDPWD': '/home/sejong/Desktop/SH_ws', 'DESKTOP_SESSION': 'ubuntu', 'ROS_PYTHON_VERSION': '3', 'GNOME_SHELL_SESSION_MODE': 'ubuntu', 'GTK_MODULES': 'gail:atk-bridge', 'SYSTEMD_EXEC_PID': '26002', 'GSM_SKIP_SSH_AGENT_WORKAROUND': 'true', 'DBUS_SESSION_BUS_ADDRESS': 'unix:path=/run/user/2001/bus', 'COLORTERM': 'truecolor', 'DEBUGINFOD_URLS': 'https://debuginfod.ubuntu.com', 'IM_CONFIG_PHASE': '1', 'COLCON_PREFIX_PATH': '/home/sejong/Desktop/SH_ws/install', 'ROS_DISTRO': 'jazzy', 'LOGNAME': 'sejong', '_': '/usr/bin/colcon', 'ROS_VERSION': '2', 'PKG_CONFIG_PATH': '/home/sejong/Desktop/SH_ws/install/ros2_interfaces/lib/aarch64-linux-gnu/pkgconfig:/home/sejong/Desktop/SH_ws/install/ros2_interfaces/lib/pkgconfig', 'XDG_SESSION_CLASS': 'user', 'USERNAME': 'sejong', 'TERM': 'xterm-256color', 'GNOME_DESKTOP_SESSION_ID': 'this-is-deprecated', 'WINDOWPATH': '2', 'PATH': '/home/sejong/.local/bin:/opt/ros/jazzy/opt/gz_tools_vendor/bin:/opt/ros/jazzy/bin:/usr/local/cuda-13.2/bin:/home/sejong/.local/bin:/usr/local/sbin:/usr/local/bin:/usr/sbin:/usr/bin:/sbin:/bin:/usr/games:/usr/local/games:/snap/bin:/snap/bin', 'SESSION_MANAGER': 'local/localhost.localdomain:@/tmp/.ICE-unix/25971,unix/localhost.localdomain:/tmp/.ICE-unix/25971', 'XDG_MENU_PREFIX': 'gnome-', 'GNOME_TERMINAL_SCREEN': '/org/gnome/Terminal/screen/899463a0_25f9_4627_9063_ce5ef1b69624', 'XDG_RUNTIME_DIR': '/run/user/2001', 'DISPLAY': ':1', 'LANG': 'en_US.UTF-8', 'XDG_CURRENT_DESKTOP': 'ubuntu:GNOME', 'XMODIFIERS': '@im=ibus', 'XDG_SESSION_DESKTOP': 'ubuntu', 'XAUTHORITY': '/run/user/2001/gdm/Xauthority', 'LS_COLORS': 'rs=0:di=01;34:ln=01;36:mh=00:pi=40;33:so=01;35:do=01;35:bd=40;33;01:cd=40;33;01:or=40;31;01:mi=00:su=37;41:sg=30;43:ca=00:tw=30;42:ow=34;42:st=37;44:ex=01;32:*.tar=01;31:*.tgz=01;31:*.arc=01;31:*.arj=01;31:*.taz=01;31:*.lha=01;31:*.lz4=01;31:*.lzh=01;31:*.lzma=01;31:*.tlz=01;31:*.txz=01;31:*.tzo=01;31:*.t7z=01;31:*.zip=01;31:*.z=01;31:*.dz=01;31:*.gz=01;31:*.lrz=01;31:*.lz=01;31:*.lzo=01;31:*.xz=01;31:*.zst=01;31:*.tzst=01;31:*.bz2=01;31:*.bz=01;31:*.tbz=01;31:*.tbz2=01;31:*.tz=01;31:*.deb=01;31:*.rpm=01;31:*.jar=01;31:*.war=01;31:*.ear=01;31:*.sar=01;31:*.rar=01;31:*.alz=01;31:*.ace=01;31:*.zoo=01;31:*.cpio=01;31:*.7z=01;31:*.rz=01;31:*.cab=01;31:*.wim=01;31:*.swm=01;31:*.dwm=01;31:*.esd=01;31:*.avif=01;35:*.jpg=01;35:*.jpeg=01;35:*.mjpg=01;35:*.mjpeg=01;35:*.gif=01;35:*.bmp=01;35:*.pbm=01;35:*.pgm=01;35:*.ppm=01;35:*.tga=01;35:*.xbm=01;35:*.xpm=01;35:*.tif=01;35:*.tiff=01;35:*.png=01;35:*.svg=01;35:*.svgz=01;35:*.mng=01;35:*.pcx=01;35:*.mov=01;35:*.mpg=01;35:*.mpeg=01;35:*.m2v=01;35:*.mkv=01;35:*.webm=01;35:*.webp=01;35:*.ogm=01;35:*.mp4=01;35:*.m4v=01;35:*.mp4v=01;35:*.vob=01;35:*.qt=01;35:*.nuv=01;35:*.wmv=01;35:*.asf=01;35:*.rm=01;35:*.rmvb=01;35:*.flc=01;35:*.avi=01;35:*.fli=01;35:*.flv=01;35:*.gl=01;35:*.dl=01;35:*.xcf=01;35:*.xwd=01;35:*.yuv=01;35:*.cgm=01;35:*.emf=01;35:*.ogv=01;35:*.ogx=01;35:*.aac=00;36:*.au=00;36:*.flac=00;36:*.m4a=00;36:*.mid=00;36:*.midi=00;36:*.mka=00;36:*.mp3=00;36:*.mpc=00;36:*.ogg=00;36:*.ra=00;36:*.wav=00;36:*.oga=00;36:*.opus=00;36:*.spx=00;36:*.xspf=00;36:*~=00;90:*#=00;90:*.bak=00;90:*.crdownload=00;90:*.dpkg-dist=00;90:*.dpkg-new=00;90:*.dpkg-old=00;90:*.dpkg-tmp=00;90:*.old=00;90:*.orig=00;90:*.part=00;90:*.rej=00;90:*.rpmnew=00;90:*.rpmorig=00;90:*.rpmsave=00;90:*.swp=00;90:*.tmp=00;90:*.ucf-dist=00;90:*.ucf-new=00;90:*.ucf-old=00;90:', 'GNOME_TERMINAL_SERVICE': ':1.103', 'SSH_AUTH_SOCK': '/run/user/2001/keyring/ssh', 'AMENT_PREFIX_PATH': '/home/sejong/Desktop/SH_ws/install/SH_Humanoid_description:/home/sejong/Desktop/SH_ws/install/sh_motion_demo:/home/sejong/Desktop/SH_ws/install/sh_motion_cpp:/home/sejong/Desktop/SH_ws/install/SH_moveit_head_config:/home/sejong/Desktop/SH_ws/install/SH_moveit_demo_config:/home/sejong/Desktop/SH_ws/install/SH_moveit_config:/opt/ros/jazzy', 'SHELL': '/bin/bash', 'QT_ACCESSIBILITY': '1', 'GDMSESSION': 'ubuntu', 'LESSCLOSE': '/usr/bin/lesspipe %s %s', 'GPG_AGENT_INFO': '/run/user/2001/gnupg/S.gpg-agent:0:1', 'ROS_AUTOMATIC_DISCOVERY_RANGE': 'SUBNET', 'QT_IM_MODULE': 'ibus', 'PWD': '/home/sejong/Desktop/SH_ws/build/SH_moveit_config', 'XDG_CONFIG_DIRS': '/etc/xdg/xdg-ubuntu:/etc/xdg', 'XDG_DATA_DIRS': '/usr/share/ubuntu:/usr/share/gnome:/usr/local/share/:/usr/share/:/var/lib/snapd/desktop', 'PYTHONPATH': '/home/sejong/Desktop/SH_ws/install/SH_Humanoid_description/lib/python3.12/site-packages:/home/sejong/Desktop/SH_ws/build/sh_motion_demo:/home/sejong/Desktop/SH_ws/install/sh_motion_demo/lib/python3.12/site-packages:/home/sejong/Desktop/SH_ws/install/ros2_interfaces/lib/python3.12/site-packages:/home/sejong/Desktop/SH_ws/build/SH_Humanoid_description:/opt/ros/jazzy/lib/python3.12/site-packages', 'COLCON': '1', 'VTE_VERSION': '7600', 'CMAKE_PREFIX_PATH': '/home/sejong/Desktop/SH_ws/install/sh_motion_cpp:/home/sejong/Desktop/SH_ws/install/sh_motion_demo:/home/sejong/Desktop/SH_ws/install/SH_Humanoid_description:/opt/ros/jazzy:/home/sejong/Desktop/SH_ws/install/ros2_interfaces:/home/sejong/Desktop/SH_ws/install/SH_moveit_head_config:/home/sejong/Desktop/SH_ws/install/SH_moveit_demo_config:/home/sejong/Desktop/SH_ws/install/SH_moveit_config:/opt/ros/jazzy/opt/sdformat_vendor:/opt/ros/jazzy/opt/gz_math_vendor:/opt/ros/jazzy/opt/gz_utils_vendor:/opt/ros/jazzy/opt/gz_tools_vendor:/opt/ros/jazzy/opt/gz_cmake_vendor'}), 'shell': False}
[1.324810] (SH_moveit_demo_config) CommandEnded: {'returncode': 0}
[1.325774] (SH_moveit_demo_config) JobProgress: {'identifier': 'SH_moveit_demo_config', 'progress': 'install'}
[1.326354] (SH_moveit_demo_config) Command: {'cmd': ['/usr/bin/cmake', '--install', '/home/sejong/Desktop/SH_ws/build/SH_moveit_demo_config'], 'cwd': '/home/sejong/Desktop/SH_ws/build/SH_moveit_demo_config', 'env': OrderedDict({'LESSOPEN': '| /usr/bin/lesspipe %s', 'USER': 'sejong', 'GZ_CONFIG_PATH': '/opt/ros/jazzy/opt/sdformat_vendor/share/gz', 'ROS_PACKAGE_PATH': '/home/sejong/Desktop/SH_ws/install/ros2_interfaces/share', 'XDG_SESSION_TYPE': 'x11', 'CLUTTER_DISABLE_MIPMAPPED_TEXT': '1', 'SHLVL': '1', 'LD_LIBRARY_PATH': '/home/sejong/Desktop/SH_ws/install/ros2_interfaces/lib:/opt/ros/jazzy/opt/sdformat_vendor/lib:/opt/ros/jazzy/opt/rviz_ogre_vendor/lib:/opt/ros/jazzy/lib/aarch64-linux-gnu:/opt/ros/jazzy/opt/gz_math_vendor/lib:/opt/ros/jazzy/opt/gz_utils_vendor/lib:/opt/ros/jazzy/opt/gz_tools_vendor/lib:/opt/ros/jazzy/opt/gz_cmake_vendor/lib:/opt/ros/jazzy/lib:/usr/local/cuda-13.2/lib64:', 'HOME': '/home/sejong', 'OLDPWD': '/home/sejong/Desktop/SH_ws', 'DESKTOP_SESSION': 'ubuntu', 'ROS_PYTHON_VERSION': '3', 'GNOME_SHELL_SESSION_MODE': 'ubuntu', 'GTK_MODULES': 'gail:atk-bridge', 'SYSTEMD_EXEC_PID': '26002', 'GSM_SKIP_SSH_AGENT_WORKAROUND': 'true', 'DBUS_SESSION_BUS_ADDRESS': 'unix:path=/run/user/2001/bus', 'COLORTERM': 'truecolor', 'DEBUGINFOD_URLS': 'https://debuginfod.ubuntu.com', 'IM_CONFIG_PHASE': '1', 'COLCON_PREFIX_PATH': '/home/sejong/Desktop/SH_ws/install', 'ROS_DISTRO': 'jazzy', 'LOGNAME': 'sejong', '_': '/usr/bin/colcon', 'ROS_VERSION': '2', 'PKG_CONFIG_PATH': '/home/sejong/Desktop/SH_ws/install/ros2_interfaces/lib/aarch64-linux-gnu/pkgconfig:/home/sejong/Desktop/SH_ws/install/ros2_interfaces/lib/pkgconfig', 'XDG_SESSION_CLASS': 'user', 'USERNAME': 'sejong', 'TERM': 'xterm-256color', 'GNOME_DESKTOP_SESSION_ID': 'this-is-deprecated', 'WINDOWPATH': '2', 'PATH': '/home/sejong/.local/bin:/opt/ros/jazzy/opt/gz_tools_vendor/bin:/opt/ros/jazzy/bin:/usr/local/cuda-13.2/bin:/home/sejong/.local/bin:/usr/local/sbin:/usr/local/bin:/usr/sbin:/usr/bin:/sbin:/bin:/usr/games:/usr/local/games:/snap/bin:/snap/bin', 'SESSION_MANAGER': 'local/localhost.localdomain:@/tmp/.ICE-unix/25971,unix/localhost.localdomain:/tmp/.ICE-unix/25971', 'XDG_MENU_PREFIX': 'gnome-', 'GNOME_TERMINAL_SCREEN': '/org/gnome/Terminal/screen/899463a0_25f9_4627_9063_ce5ef1b69624', 'XDG_RUNTIME_DIR': '/run/user/2001', 'DISPLAY': ':1', 'LANG': 'en_US.UTF-8', 'XDG_CURRENT_DESKTOP': 'ubuntu:GNOME', 'XMODIFIERS': '@im=ibus', 'XDG_SESSION_DESKTOP': 'ubuntu', 'XAUTHORITY': '/run/user/2001/gdm/Xauthority', 'LS_COLORS': 'rs=0:di=01;34:ln=01;36:mh=00:pi=40;33:so=01;35:do=01;35:bd=40;33;01:cd=40;33;01:or=40;31;01:mi=00:su=37;41:sg=30;43:ca=00:tw=30;42:ow=34;42:st=37;44:ex=01;32:*.tar=01;31:*.tgz=01;31:*.arc=01;31:*.arj=01;31:*.taz=01;31:*.lha=01;31:*.lz4=01;31:*.lzh=01;31:*.lzma=01;31:*.tlz=01;31:*.txz=01;31:*.tzo=01;31:*.t7z=01;31:*.zip=01;31:*.z=01;31:*.dz=01;31:*.gz=01;31:*.lrz=01;31:*.lz=01;31:*.lzo=01;31:*.xz=01;31:*.zst=01;31:*.tzst=01;31:*.bz2=01;31:*.bz=01;31:*.tbz=01;31:*.tbz2=01;31:*.tz=01;31:*.deb=01;31:*.rpm=01;31:*.jar=01;31:*.war=01;31:*.ear=01;31:*.sar=01;31:*.rar=01;31:*.alz=01;31:*.ace=01;31:*.zoo=01;31:*.cpio=01;31:*.7z=01;31:*.rz=01;31:*.cab=01;31:*.wim=01;31:*.swm=01;31:*.dwm=01;31:*.esd=01;31:*.avif=01;35:*.jpg=01;35:*.jpeg=01;35:*.mjpg=01;35:*.mjpeg=01;35:*.gif=01;35:*.bmp=01;35:*.pbm=01;35:*.pgm=01;35:*.ppm=01;35:*.tga=01;35:*.xbm=01;35:*.xpm=01;35:*.tif=01;35:*.tiff=01;35:*.png=01;35:*.svg=01;35:*.svgz=01;35:*.mng=01;35:*.pcx=01;35:*.mov=01;35:*.mpg=01;35:*.mpeg=01;35:*.m2v=01;35:*.mkv=01;35:*.webm=01;35:*.webp=01;35:*.ogm=01;35:*.mp4=01;35:*.m4v=01;35:*.mp4v=01;35:*.vob=01;35:*.qt=01;35:*.nuv=01;35:*.wmv=01;35:*.asf=01;35:*.rm=01;35:*.rmvb=01;35:*.flc=01;35:*.avi=01;35:*.fli=01;35:*.flv=01;35:*.gl=01;35:*.dl=01;35:*.xcf=01;35:*.xwd=01;35:*.yuv=01;35:*.cgm=01;35:*.emf=01;35:*.ogv=01;35:*.ogx=01;35:*.aac=00;36:*.au=00;36:*.flac=00;36:*.m4a=00;36:*.mid=00;36:*.midi=00;36:*.mka=00;36:*.mp3=00;36:*.mpc=00;36:*.ogg=00;36:*.ra=00;36:*.wav=00;36:*.oga=00;36:*.opus=00;36:*.spx=00;36:*.xspf=00;36:*~=00;90:*#=00;90:*.bak=00;90:*.crdownload=00;90:*.dpkg-dist=00;90:*.dpkg-new=00;90:*.dpkg-old=00;90:*.dpkg-tmp=00;90:*.old=00;90:*.orig=00;90:*.part=00;90:*.rej=00;90:*.rpmnew=00;90:*.rpmorig=00;90:*.rpmsave=00;90:*.swp=00;90:*.tmp=00;90:*.ucf-dist=00;90:*.ucf-new=00;90:*.ucf-old=00;90:', 'GNOME_TERMINAL_SERVICE': ':1.103', 'SSH_AUTH_SOCK': '/run/user/2001/keyring/ssh', 'AMENT_PREFIX_PATH': '/home/sejong/Desktop/SH_ws/install/SH_Humanoid_description:/home/sejong/Desktop/SH_ws/install/sh_motion_demo:/home/sejong/Desktop/SH_ws/install/sh_motion_cpp:/home/sejong/Desktop/SH_ws/install/SH_moveit_head_config:/home/sejong/Desktop/SH_ws/install/SH_moveit_demo_config:/home/sejong/Desktop/SH_ws/install/SH_moveit_config:/opt/ros/jazzy', 'SHELL': '/bin/bash', 'QT_ACCESSIBILITY': '1', 'GDMSESSION': 'ubuntu', 'LESSCLOSE': '/usr/bin/lesspipe %s %s', 'GPG_AGENT_INFO': '/run/user/2001/gnupg/S.gpg-agent:0:1', 'ROS_AUTOMATIC_DISCOVERY_RANGE': 'SUBNET', 'QT_IM_MODULE': 'ibus', 'PWD': '/home/sejong/Desktop/SH_ws/build/SH_moveit_demo_config', 'XDG_CONFIG_DIRS': '/etc/xdg/xdg-ubuntu:/etc/xdg', 'XDG_DATA_DIRS': '/usr/share/ubuntu:/usr/share/gnome:/usr/local/share/:/usr/share/:/var/lib/snapd/desktop', 'PYTHONPATH': '/home/sejong/Desktop/SH_ws/install/SH_Humanoid_description/lib/python3.12/site-packages:/home/sejong/Desktop/SH_ws/build/sh_motion_demo:/home/sejong/Desktop/SH_ws/install/sh_motion_demo/lib/python3.12/site-packages:/home/sejong/Desktop/SH_ws/install/ros2_interfaces/lib/python3.12/site-packages:/home/sejong/Desktop/SH_ws/build/SH_Humanoid_description:/opt/ros/jazzy/lib/python3.12/site-packages', 'COLCON': '1', 'VTE_VERSION': '7600', 'CMAKE_PREFIX_PATH': '/home/sejong/Desktop/SH_ws/install/sh_motion_cpp:/home/sejong/Desktop/SH_ws/install/sh_motion_demo:/home/sejong/Desktop/SH_ws/install/SH_Humanoid_description:/opt/ros/jazzy:/home/sejong/Desktop/SH_ws/install/ros2_interfaces:/home/sejong/Desktop/SH_ws/install/SH_moveit_head_config:/home/sejong/Desktop/SH_ws/install/SH_moveit_demo_config:/home/sejong/Desktop/SH_ws/install/SH_moveit_config:/opt/ros/jazzy/opt/sdformat_vendor:/opt/ros/jazzy/opt/gz_math_vendor:/opt/ros/jazzy/opt/gz_utils_vendor:/opt/ros/jazzy/opt/gz_tools_vendor:/opt/ros/jazzy/opt/gz_cmake_vendor'}), 'shell': False}
[1.328144] (SH_moveit_head_config) CommandEnded: {'returncode': 0}
[1.329027] (SH_moveit_head_config) JobProgress: {'identifier': 'SH_moveit_head_config', 'progress': 'install'}
[1.329540] (SH_moveit_head_config) Command: {'cmd': ['/usr/bin/cmake', '--install', '/home/sejong/Desktop/SH_ws/build/SH_moveit_head_config'], 'cwd': '/home/sejong/Desktop/SH_ws/build/SH_moveit_head_config', 'env': OrderedDict({'LESSOPEN': '| /usr/bin/lesspipe %s', 'USER': 'sejong', 'GZ_CONFIG_PATH': '/opt/ros/jazzy/opt/sdformat_vendor/share/gz', 'ROS_PACKAGE_PATH': '/home/sejong/Desktop/SH_ws/install/ros2_interfaces/share', 'XDG_SESSION_TYPE': 'x11', 'CLUTTER_DISABLE_MIPMAPPED_TEXT': '1', 'SHLVL': '1', 'LD_LIBRARY_PATH': '/home/sejong/Desktop/SH_ws/install/ros2_interfaces/lib:/opt/ros/jazzy/opt/sdformat_vendor/lib:/opt/ros/jazzy/opt/rviz_ogre_vendor/lib:/opt/ros/jazzy/lib/aarch64-linux-gnu:/opt/ros/jazzy/opt/gz_math_vendor/lib:/opt/ros/jazzy/opt/gz_utils_vendor/lib:/opt/ros/jazzy/opt/gz_tools_vendor/lib:/opt/ros/jazzy/opt/gz_cmake_vendor/lib:/opt/ros/jazzy/lib:/usr/local/cuda-13.2/lib64:', 'HOME': '/home/sejong', 'OLDPWD': '/home/sejong/Desktop/SH_ws', 'DESKTOP_SESSION': 'ubuntu', 'ROS_PYTHON_VERSION': '3', 'GNOME_SHELL_SESSION_MODE': 'ubuntu', 'GTK_MODULES': 'gail:atk-bridge', 'SYSTEMD_EXEC_PID': '26002', 'GSM_SKIP_SSH_AGENT_WORKAROUND': 'true', 'DBUS_SESSION_BUS_ADDRESS': 'unix:path=/run/user/2001/bus', 'COLORTERM': 'truecolor', 'DEBUGINFOD_URLS': 'https://debuginfod.ubuntu.com', 'IM_CONFIG_PHASE': '1', 'COLCON_PREFIX_PATH': '/home/sejong/Desktop/SH_ws/install', 'ROS_DISTRO': 'jazzy', 'LOGNAME': 'sejong', '_': '/usr/bin/colcon', 'ROS_VERSION': '2', 'PKG_CONFIG_PATH': '/home/sejong/Desktop/SH_ws/install/ros2_interfaces/lib/aarch64-linux-gnu/pkgconfig:/home/sejong/Desktop/SH_ws/install/ros2_interfaces/lib/pkgconfig', 'XDG_SESSION_CLASS': 'user', 'USERNAME': 'sejong', 'TERM': 'xterm-256color', 'GNOME_DESKTOP_SESSION_ID': 'this-is-deprecated', 'WINDOWPATH': '2', 'PATH': '/home/sejong/.local/bin:/opt/ros/jazzy/opt/gz_tools_vendor/bin:/opt/ros/jazzy/bin:/usr/local/cuda-13.2/bin:/home/sejong/.local/bin:/usr/local/sbin:/usr/local/bin:/usr/sbin:/usr/bin:/sbin:/bin:/usr/games:/usr/local/games:/snap/bin:/snap/bin', 'SESSION_MANAGER': 'local/localhost.localdomain:@/tmp/.ICE-unix/25971,unix/localhost.localdomain:/tmp/.ICE-unix/25971', 'XDG_MENU_PREFIX': 'gnome-', 'GNOME_TERMINAL_SCREEN': '/org/gnome/Terminal/screen/899463a0_25f9_4627_9063_ce5ef1b69624', 'XDG_RUNTIME_DIR': '/run/user/2001', 'DISPLAY': ':1', 'LANG': 'en_US.UTF-8', 'XDG_CURRENT_DESKTOP': 'ubuntu:GNOME', 'XMODIFIERS': '@im=ibus', 'XDG_SESSION_DESKTOP': 'ubuntu', 'XAUTHORITY': '/run/user/2001/gdm/Xauthority', 'LS_COLORS': 'rs=0:di=01;34:ln=01;36:mh=00:pi=40;33:so=01;35:do=01;35:bd=40;33;01:cd=40;33;01:or=40;31;01:mi=00:su=37;41:sg=30;43:ca=00:tw=30;42:ow=34;42:st=37;44:ex=01;32:*.tar=01;31:*.tgz=01;31:*.arc=01;31:*.arj=01;31:*.taz=01;31:*.lha=01;31:*.lz4=01;31:*.lzh=01;31:*.lzma=01;31:*.tlz=01;31:*.txz=01;31:*.tzo=01;31:*.t7z=01;31:*.zip=01;31:*.z=01;31:*.dz=01;31:*.gz=01;31:*.lrz=01;31:*.lz=01;31:*.lzo=01;31:*.xz=01;31:*.zst=01;31:*.tzst=01;31:*.bz2=01;31:*.bz=01;31:*.tbz=01;31:*.tbz2=01;31:*.tz=01;31:*.deb=01;31:*.rpm=01;31:*.jar=01;31:*.war=01;31:*.ear=01;31:*.sar=01;31:*.rar=01;31:*.alz=01;31:*.ace=01;31:*.zoo=01;31:*.cpio=01;31:*.7z=01;31:*.rz=01;31:*.cab=01;31:*.wim=01;31:*.swm=01;31:*.dwm=01;31:*.esd=01;31:*.avif=01;35:*.jpg=01;35:*.jpeg=01;35:*.mjpg=01;35:*.mjpeg=01;35:*.gif=01;35:*.bmp=01;35:*.pbm=01;35:*.pgm=01;35:*.ppm=01;35:*.tga=01;35:*.xbm=01;35:*.xpm=01;35:*.tif=01;35:*.tiff=01;35:*.png=01;35:*.svg=01;35:*.svgz=01;35:*.mng=01;35:*.pcx=01;35:*.mov=01;35:*.mpg=01;35:*.mpeg=01;35:*.m2v=01;35:*.mkv=01;35:*.webm=01;35:*.webp=01;35:*.ogm=01;35:*.mp4=01;35:*.m4v=01;35:*.mp4v=01;35:*.vob=01;35:*.qt=01;35:*.nuv=01;35:*.wmv=01;35:*.asf=01;35:*.rm=01;35:*.rmvb=01;35:*.flc=01;35:*.avi=01;35:*.fli=01;35:*.flv=01;35:*.gl=01;35:*.dl=01;35:*.xcf=01;35:*.xwd=01;35:*.yuv=01;35:*.cgm=01;35:*.emf=01;35:*.ogv=01;35:*.ogx=01;35:*.aac=00;36:*.au=00;36:*.flac=00;36:*.m4a=00;36:*.mid=00;36:*.midi=00;36:*.mka=00;36:*.mp3=00;36:*.mpc=00;36:*.ogg=00;36:*.ra=00;36:*.wav=00;36:*.oga=00;36:*.opus=00;36:*.spx=00;36:*.xspf=00;36:*~=00;90:*#=00;90:*.bak=00;90:*.crdownload=00;90:*.dpkg-dist=00;90:*.dpkg-new=00;90:*.dpkg-old=00;90:*.dpkg-tmp=00;90:*.old=00;90:*.orig=00;90:*.part=00;90:*.rej=00;90:*.rpmnew=00;90:*.rpmorig=00;90:*.rpmsave=00;90:*.swp=00;90:*.tmp=00;90:*.ucf-dist=00;90:*.ucf-new=00;90:*.ucf-old=00;90:', 'GNOME_TERMINAL_SERVICE': ':1.103', 'SSH_AUTH_SOCK': '/run/user/2001/keyring/ssh', 'AMENT_PREFIX_PATH': '/home/sejong/Desktop/SH_ws/install/SH_Humanoid_description:/home/sejong/Desktop/SH_ws/install/sh_motion_demo:/home/sejong/Desktop/SH_ws/install/sh_motion_cpp:/home/sejong/Desktop/SH_ws/install/SH_moveit_head_config:/home/sejong/Desktop/SH_ws/install/SH_moveit_demo_config:/home/sejong/Desktop/SH_ws/install/SH_moveit_config:/opt/ros/jazzy', 'SHELL': '/bin/bash', 'QT_ACCESSIBILITY': '1', 'GDMSESSION': 'ubuntu', 'LESSCLOSE': '/usr/bin/lesspipe %s %s', 'GPG_AGENT_INFO': '/run/user/2001/gnupg/S.gpg-agent:0:1', 'ROS_AUTOMATIC_DISCOVERY_RANGE': 'SUBNET', 'QT_IM_MODULE': 'ibus', 'PWD': '/home/sejong/Desktop/SH_ws/build/SH_moveit_head_config', 'XDG_CONFIG_DIRS': '/etc/xdg/xdg-ubuntu:/etc/xdg', 'XDG_DATA_DIRS': '/usr/share/ubuntu:/usr/share/gnome:/usr/local/share/:/usr/share/:/var/lib/snapd/desktop', 'PYTHONPATH': '/home/sejong/Desktop/SH_ws/install/SH_Humanoid_description/lib/python3.12/site-packages:/home/sejong/Desktop/SH_ws/build/sh_motion_demo:/home/sejong/Desktop/SH_ws/install/sh_motion_demo/lib/python3.12/site-packages:/home/sejong/Desktop/SH_ws/install/ros2_interfaces/lib/python3.12/site-packages:/home/sejong/Desktop/SH_ws/build/SH_Humanoid_description:/opt/ros/jazzy/lib/python3.12/site-packages', 'COLCON': '1', 'VTE_VERSION': '7600', 'CMAKE_PREFIX_PATH': '/home/sejong/Desktop/SH_ws/install/sh_motion_cpp:/home/sejong/Desktop/SH_ws/install/sh_motion_demo:/home/sejong/Desktop/SH_ws/install/SH_Humanoid_description:/opt/ros/jazzy:/home/sejong/Desktop/SH_ws/install/ros2_interfaces:/home/sejong/Desktop/SH_ws/install/SH_moveit_head_config:/home/sejong/Desktop/SH_ws/install/SH_moveit_demo_config:/home/sejong/Desktop/SH_ws/install/SH_moveit_config:/opt/ros/jazzy/opt/sdformat_vendor:/opt/ros/jazzy/opt/gz_math_vendor:/opt/ros/jazzy/opt/gz_utils_vendor:/opt/ros/jazzy/opt/gz_tools_vendor:/opt/ros/jazzy/opt/gz_cmake_vendor'}), 'shell': False}
[1.330725] (SH_moveit_config) StdoutLine: {'line': b'-- Install configuration: ""\n'}
[1.330952] (SH_moveit_config) StdoutLine: {'line': b'-- Execute custom install script\n'}
[1.331271] (SH_moveit_config) StdoutLine: {'line': b'-- Up-to-date symlink: /home/sejong/Desktop/SH_ws/install/SH_moveit_config/share/ament_index/resource_index/package_run_dependencies/SH_moveit_config\n'}
[1.331651] (SH_moveit_config) StdoutLine: {'line': b'-- Up-to-date symlink: /home/sejong/Desktop/SH_ws/install/SH_moveit_config/share/ament_index/resource_index/parent_prefix_path/SH_moveit_config\n'}
[1.332038] (SH_moveit_config) StdoutLine: {'line': b'-- Up-to-date symlink: /home/sejong/Desktop/SH_ws/install/SH_moveit_config/share/SH_moveit_config/environment/ament_prefix_path.sh\n'}
[1.332365] (SH_moveit_config) StdoutLine: {'line': b'-- Up-to-date symlink: /home/sejong/Desktop/SH_ws/install/SH_moveit_config/share/SH_moveit_config/environment/ament_prefix_path.dsv\n'}
[1.332746] (SH_moveit_config) StdoutLine: {'line': b'-- Up-to-date symlink: /home/sejong/Desktop/SH_ws/install/SH_moveit_config/share/SH_moveit_config/environment/path.sh\n'}
[1.332998] (SH_moveit_config) StdoutLine: {'line': b'-- Up-to-date symlink: /home/sejong/Desktop/SH_ws/install/SH_moveit_config/share/SH_moveit_config/environment/path.dsv\n'}
[1.333250] (SH_moveit_config) StdoutLine: {'line': b'-- Up-to-date symlink: /home/sejong/Desktop/SH_ws/install/SH_moveit_config/share/SH_moveit_config/local_setup.bash\n'}
[1.333502] (SH_moveit_config) StdoutLine: {'line': b'-- Up-to-date symlink: /home/sejong/Desktop/SH_ws/install/SH_moveit_config/share/SH_moveit_config/local_setup.sh\n'}
[1.333754] (SH_moveit_config) StdoutLine: {'line': b'-- Up-to-date symlink: /home/sejong/Desktop/SH_ws/install/SH_moveit_config/share/SH_moveit_config/local_setup.zsh\n'}
[1.334002] (SH_moveit_config) StdoutLine: {'line': b'-- Up-to-date symlink: /home/sejong/Desktop/SH_ws/install/SH_moveit_config/share/SH_moveit_config/local_setup.dsv\n'}
[1.334252] (SH_moveit_config) StdoutLine: {'line': b'-- Symlinking: /home/sejong/Desktop/SH_ws/install/SH_moveit_config/share/SH_moveit_config/package.dsv\n'}
[1.334706] (SH_moveit_demo_config) StdoutLine: {'line': b'-- Install configuration: ""\n'}
[1.335273] (SH_moveit_demo_config) StdoutLine: {'line': b'-- Execute custom install script\n'}
[1.335535] (SH_moveit_demo_config) StdoutLine: {'line': b'-- Up-to-date symlink: /home/sejong/Desktop/SH_ws/install/SH_moveit_demo_config/share/ament_index/resource_index/package_run_dependencies/SH_moveit_demo_config\n'}
[1.335784] (SH_moveit_demo_config) StdoutLine: {'line': b'-- Up-to-date symlink: /home/sejong/Desktop/SH_ws/install/SH_moveit_demo_config/share/ament_index/resource_index/parent_prefix_path/SH_moveit_demo_config\n'}
[1.336142] (SH_moveit_demo_config) StdoutLine: {'line': b'-- Up-to-date symlink: /home/sejong/Desktop/SH_ws/install/SH_moveit_demo_config/share/SH_moveit_demo_config/environment/ament_prefix_path.sh\n'}
[1.336492] (SH_moveit_demo_config) StdoutLine: {'line': b'-- Up-to-date symlink: /home/sejong/Desktop/SH_ws/install/SH_moveit_demo_config/share/SH_moveit_demo_config/environment/ament_prefix_path.dsv\n'}
[1.336849] (SH_moveit_demo_config) StdoutLine: {'line': b'-- Up-to-date symlink: /home/sejong/Desktop/SH_ws/install/SH_moveit_demo_config/share/SH_moveit_demo_config/environment/path.sh\n'}
[1.337175] (SH_moveit_demo_config) StdoutLine: {'line': b'-- Up-to-date symlink: /home/sejong/Desktop/SH_ws/install/SH_moveit_demo_config/share/SH_moveit_demo_config/environment/path.dsv\n'}
[1.337431] (SH_moveit_demo_config) StdoutLine: {'line': b'-- Up-to-date symlink: /home/sejong/Desktop/SH_ws/install/SH_moveit_demo_config/share/SH_moveit_demo_config/local_setup.bash\n'}
[1.337687] (SH_moveit_demo_config) StdoutLine: {'line': b'-- Up-to-date symlink: /home/sejong/Desktop/SH_ws/install/SH_moveit_demo_config/share/SH_moveit_demo_config/local_setup.sh\n'}
[1.337939] (SH_moveit_demo_config) StdoutLine: {'line': b'-- Up-to-date symlink: /home/sejong/Desktop/SH_ws/install/SH_moveit_demo_config/share/SH_moveit_demo_config/local_setup.zsh\n'}
[1.338109] (SH_moveit_demo_config) StdoutLine: {'line': b'-- Up-to-date symlink: /home/sejong/Desktop/SH_ws/install/SH_moveit_demo_config/share/SH_moveit_demo_config/local_setup.dsv\n'}
[1.338245] (SH_moveit_demo_config) StdoutLine: {'line': b'-- Symlinking: /home/sejong/Desktop/SH_ws/install/SH_moveit_demo_config/share/SH_moveit_demo_config/package.dsv\n'}
[1.338587] (SH_moveit_head_config) StdoutLine: {'line': b'-- Install configuration: ""\n'}
[1.338931] (SH_moveit_head_config) StdoutLine: {'line': b'-- Execute custom install script\n'}
[1.339230] (SH_moveit_head_config) StdoutLine: {'line': b'-- Up-to-date symlink: /home/sejong/Desktop/SH_ws/install/SH_moveit_head_config/share/ament_index/resource_index/package_run_dependencies/SH_moveit_head_config\n'}
[1.339524] (SH_moveit_head_config) StdoutLine: {'line': b'-- Up-to-date symlink: /home/sejong/Desktop/SH_ws/install/SH_moveit_head_config/share/ament_index/resource_index/parent_prefix_path/SH_moveit_head_config\n'}
[1.339842] (SH_moveit_head_config) StdoutLine: {'line': b'-- Up-to-date symlink: /home/sejong/Desktop/SH_ws/install/SH_moveit_head_config/share/SH_moveit_head_config/environment/ament_prefix_path.sh\n'}
[1.340166] (SH_moveit_head_config) StdoutLine: {'line': b'-- Up-to-date symlink: /home/sejong/Desktop/SH_ws/install/SH_moveit_head_config/share/SH_moveit_head_config/environment/ament_prefix_path.dsv\n'}
[1.340498] (SH_moveit_head_config) StdoutLine: {'line': b'-- Up-to-date symlink: /home/sejong/Desktop/SH_ws/install/SH_moveit_head_config/share/SH_moveit_head_config/environment/path.sh\n'}
[1.340790] (SH_moveit_head_config) StdoutLine: {'line': b'-- Up-to-date symlink: /home/sejong/Desktop/SH_ws/install/SH_moveit_head_config/share/SH_moveit_head_config/environment/path.dsv\n'}
[1.341041] (SH_moveit_head_config) StdoutLine: {'line': b'-- Up-to-date symlink: /home/sejong/Desktop/SH_ws/install/SH_moveit_head_config/share/SH_moveit_head_config/local_setup.bash\n'}
[1.341297] (SH_moveit_head_config) StdoutLine: {'line': b'-- Up-to-date symlink: /home/sejong/Desktop/SH_ws/install/SH_moveit_head_config/share/SH_moveit_head_config/local_setup.sh\n'}
[1.341549] (SH_moveit_head_config) StdoutLine: {'line': b'-- Up-to-date symlink: /home/sejong/Desktop/SH_ws/install/SH_moveit_head_config/share/SH_moveit_head_config/local_setup.zsh\n'}
[1.341793] (SH_moveit_head_config) StdoutLine: {'line': b'-- Up-to-date symlink: /home/sejong/Desktop/SH_ws/install/SH_moveit_head_config/share/SH_moveit_head_config/local_setup.dsv\n'}
[1.342044] (SH_moveit_head_config) StdoutLine: {'line': b'-- Symlinking: /home/sejong/Desktop/SH_ws/install/SH_moveit_head_config/share/SH_moveit_head_config/package.dsv\n'}
[1.345447] (SH_moveit_config) StdoutLine: {'line': b'-- Up-to-date symlink: /home/sejong/Desktop/SH_ws/install/SH_moveit_config/share/ament_index/resource_index/packages/SH_moveit_config\n'}
[1.345872] (SH_moveit_config) StdoutLine: {'line': b'-- Up-to-date symlink: /home/sejong/Desktop/SH_ws/install/SH_moveit_config/share/SH_moveit_config/cmake/SH_moveit_configConfig.cmake\n'}
[1.346174] (SH_moveit_config) StdoutLine: {'line': b'-- Up-to-date symlink: /home/sejong/Desktop/SH_ws/install/SH_moveit_config/share/SH_moveit_config/cmake/SH_moveit_configConfig-version.cmake\n'}
[1.346533] (SH_moveit_config) StdoutLine: {'line': b'-- Up-to-date symlink: /home/sejong/Desktop/SH_ws/install/SH_moveit_config/share/SH_moveit_config/package.xml\n'}
[1.346931] (SH_moveit_config) StdoutLine: {'line': b'-- Up-to-date symlink: /home/sejong/Desktop/SH_ws/install/SH_moveit_config/share/SH_moveit_config/launch/demo.launch.py\n'}
[1.347286] (SH_moveit_config) StdoutLine: {'line': b'-- Up-to-date symlink: /home/sejong/Desktop/SH_ws/install/SH_moveit_config/share/SH_moveit_config/launch/move_group.launch.py\n'}
[1.347616] (SH_moveit_config) StdoutLine: {'line': b'-- Up-to-date symlink: /home/sejong/Desktop/SH_ws/install/SH_moveit_config/share/SH_moveit_config/launch/moveit_rviz.launch.py\n'}
[1.348069] (SH_moveit_config) StdoutLine: {'line': b'-- Up-to-date symlink: /home/sejong/Desktop/SH_ws/install/SH_moveit_config/share/SH_moveit_config/launch/rsp.launch.py\n'}
[1.348457] (SH_moveit_config) StdoutLine: {'line': b'-- Up-to-date symlink: /home/sejong/Desktop/SH_ws/install/SH_moveit_config/share/SH_moveit_config/launch/servo.launch.py\n'}
[1.348962] (SH_moveit_config) StdoutLine: {'line': b'-- Up-to-date symlink: /home/sejong/Desktop/SH_ws/install/SH_moveit_config/share/SH_moveit_config/launch/setup_assistant.launch.py\n'}
[1.349437] (SH_moveit_config) StdoutLine: {'line': b'-- Up-to-date symlink: /home/sejong/Desktop/SH_ws/install/SH_moveit_config/share/SH_moveit_config/launch/spawn_controllers.launch.py\n'}
[1.349750] (SH_moveit_config) StdoutLine: {'line': b'-- Up-to-date symlink: /home/sejong/Desktop/SH_ws/install/SH_moveit_config/share/SH_moveit_config/launch/static_virtual_joint_tfs.launch.py\n'}
[1.350155] (SH_moveit_config) StdoutLine: {'line': b'-- Up-to-date symlink: /home/sejong/Desktop/SH_ws/install/SH_moveit_config/share/SH_moveit_config/launch/warehouse_db.launch.py\n'}
[1.350515] (SH_moveit_config) StdoutLine: {'line': b'-- Up-to-date symlink: /home/sejong/Desktop/SH_ws/install/SH_moveit_config/share/SH_moveit_config/config/SH_Humanoid.ros2_control.xacro\n'}
[1.350948] (SH_moveit_config) StdoutLine: {'line': b'-- Up-to-date symlink: /home/sejong/Desktop/SH_ws/install/SH_moveit_config/share/SH_moveit_config/config/SH_Humanoid.srdf\n'}
[1.352257] (SH_moveit_config) StdoutLine: {'line': b'-- Up-to-date symlink: /home/sejong/Desktop/SH_ws/install/SH_moveit_config/share/SH_moveit_config/config/SH_Humanoid.urdf.xacro\n'}
[1.352763] (SH_moveit_config) StdoutLine: {'line': b'-- Up-to-date symlink: /home/sejong/Desktop/SH_ws/install/SH_moveit_config/share/SH_moveit_config/config/initial_positions.yaml\n'}
[1.353773] (SH_moveit_config) StdoutLine: {'line': b'-- Up-to-date symlink: /home/sejong/Desktop/SH_ws/install/SH_moveit_config/share/SH_moveit_config/config/joint_limits.yaml\n'}
[1.354246] (SH_moveit_config) StdoutLine: {'line': b'-- Up-to-date symlink: /home/sejong/Desktop/SH_ws/install/SH_moveit_config/share/SH_moveit_config/config/kinematics.yaml\n'}
[1.354662] (SH_moveit_config) StdoutLine: {'line': b'-- Up-to-date symlink: /home/sejong/Desktop/SH_ws/install/SH_moveit_config/share/SH_moveit_config/config/moveit.rviz\n'}
[1.354927] (SH_moveit_config) StdoutLine: {'line': b'-- Up-to-date symlink: /home/sejong/Desktop/SH_ws/install/SH_moveit_config/share/SH_moveit_config/config/moveit_controllers.yaml\n'}
[1.355393] (SH_moveit_config) StdoutLine: {'line': b'-- Up-to-date symlink: /home/sejong/Desktop/SH_ws/install/SH_moveit_config/share/SH_moveit_config/config/pilz_cartesian_limits.yaml\n'}
[1.355688] (SH_moveit_config) StdoutLine: {'line': b'-- Up-to-date symlink: /home/sejong/Desktop/SH_ws/install/SH_moveit_config/share/SH_moveit_config/config/poses/home.yaml\n'}
[1.355938] (SH_moveit_config) StdoutLine: {'line': b'-- Up-to-date symlink: /home/sejong/Desktop/SH_ws/install/SH_moveit_config/share/SH_moveit_config/config/poses/wave_left.yaml\n'}
[1.356104] (SH_moveit_config) StdoutLine: {'line': b'-- Up-to-date symlink: /home/sejong/Desktop/SH_ws/install/SH_moveit_config/share/SH_moveit_config/config/poses/wave_ready.yaml\n'}
[1.356281] (SH_moveit_config) StdoutLine: {'line': b'-- Up-to-date symlink: /home/sejong/Desktop/SH_ws/install/SH_moveit_config/share/SH_moveit_config/config/poses/wave_right.yaml\n'}
[1.356465] (SH_moveit_config) StdoutLine: {'line': b'-- Up-to-date symlink: /home/sejong/Desktop/SH_ws/install/SH_moveit_config/share/SH_moveit_config/config/ros2_controllers.yaml\n'}
[1.356628] (SH_moveit_config) StdoutLine: {'line': b'-- Up-to-date symlink: /home/sejong/Desktop/SH_ws/install/SH_moveit_config/share/SH_moveit_config/config/sensors_3d.yaml\n'}
[1.356842] (SH_moveit_config) StdoutLine: {'line': b'-- Up-to-date symlink: /home/sejong/Desktop/SH_ws/install/SH_moveit_config/share/SH_moveit_config/config/servo.yaml\n'}
[1.356998] (SH_moveit_demo_config) StdoutLine: {'line': b'-- Up-to-date symlink: /home/sejong/Desktop/SH_ws/install/SH_moveit_demo_config/share/ament_index/resource_index/packages/SH_moveit_demo_config\n'}
[1.357182] (SH_moveit_demo_config) StdoutLine: {'line': b'-- Up-to-date symlink: /home/sejong/Desktop/SH_ws/install/SH_moveit_demo_config/share/SH_moveit_demo_config/cmake/SH_moveit_demo_configConfig.cmake\n'}
[1.357345] (SH_moveit_demo_config) StdoutLine: {'line': b'-- Up-to-date symlink: /home/sejong/Desktop/SH_ws/install/SH_moveit_demo_config/share/SH_moveit_demo_config/cmake/SH_moveit_demo_configConfig-version.cmake\n'}
[1.357507] (SH_moveit_demo_config) StdoutLine: {'line': b'-- Up-to-date symlink: /home/sejong/Desktop/SH_ws/install/SH_moveit_demo_config/share/SH_moveit_demo_config/package.xml\n'}
[1.357686] (SH_moveit_demo_config) StdoutLine: {'line': b'-- Up-to-date symlink: /home/sejong/Desktop/SH_ws/install/SH_moveit_demo_config/share/SH_moveit_demo_config/launch/demo.launch.py\n'}
[1.357845] (SH_moveit_demo_config) StdoutLine: {'line': b'-- Up-to-date symlink: /home/sejong/Desktop/SH_ws/install/SH_moveit_demo_config/share/SH_moveit_demo_config/launch/move_group.launch.py\n'}
[1.358003] (SH_moveit_demo_config) StdoutLine: {'line': b'-- Up-to-date symlink: /home/sejong/Desktop/SH_ws/install/SH_moveit_demo_config/share/SH_moveit_demo_config/launch/moveit_rviz.launch.py\n'}
[1.358161] (SH_moveit_demo_config) StdoutLine: {'line': b'-- Up-to-date symlink: /home/sejong/Desktop/SH_ws/install/SH_moveit_demo_config/share/SH_moveit_demo_config/launch/rsp.launch.py\n'}
[1.358314] (SH_moveit_demo_config) StdoutLine: {'line': b'-- Up-to-date symlink: /home/sejong/Desktop/SH_ws/install/SH_moveit_demo_config/share/SH_moveit_demo_config/launch/servo.launch.py\n'}
[1.358475] (SH_moveit_demo_config) StdoutLine: {'line': b'-- Up-to-date symlink: /home/sejong/Desktop/SH_ws/install/SH_moveit_demo_config/share/SH_moveit_demo_config/launch/setup_assistant.launch.py\n'}
[1.358686] (SH_moveit_demo_config) StdoutLine: {'line': b'-- Up-to-date symlink: /home/sejong/Desktop/SH_ws/install/SH_moveit_demo_config/share/SH_moveit_demo_config/launch/spawn_controllers.launch.py\n'}
[1.359687] (SH_moveit_demo_config) StdoutLine: {'line': b'-- Up-to-date symlink: /home/sejong/Desktop/SH_ws/install/SH_moveit_demo_config/share/SH_moveit_demo_config/launch/static_virtual_joint_tfs.launch.py\n'}
[1.359948] (SH_moveit_demo_config) StdoutLine: {'line': b'-- Up-to-date symlink: /home/sejong/Desktop/SH_ws/install/SH_moveit_demo_config/share/SH_moveit_demo_config/launch/warehouse_db.launch.py\n'}
[1.360358] (SH_moveit_demo_config) StdoutLine: {'line': b'-- Up-to-date symlink: /home/sejong/Desktop/SH_ws/install/SH_moveit_demo_config/share/SH_moveit_demo_config/config/SH_Humanoid.ros2_control.xacro\n'}
[1.360770] (SH_moveit_config) StdoutLine: {'line': b'-- Up-to-date symlink: /home/sejong/Desktop/SH_ws/install/SH_moveit_config/share/SH_moveit_config/.setup_assistant\n'}
[1.361066] (SH_moveit_demo_config) StdoutLine: {'line': b'-- Up-to-date symlink: /home/sejong/Desktop/SH_ws/install/SH_moveit_demo_config/share/SH_moveit_demo_config/config/SH_Humanoid.srdf\n'}
[1.361642] (SH_moveit_demo_config) StdoutLine: {'line': b'-- Up-to-date symlink: /home/sejong/Desktop/SH_ws/install/SH_moveit_demo_config/share/SH_moveit_demo_config/config/SH_Humanoid.urdf.xacro\n'}
[1.361830] (SH_moveit_demo_config) StdoutLine: {'line': b'-- Up-to-date symlink: /home/sejong/Desktop/SH_ws/install/SH_moveit_demo_config/share/SH_moveit_demo_config/config/initial_positions.yaml\n'}
[1.362358] (SH_moveit_demo_config) StdoutLine: {'line': b'-- Up-to-date symlink: /home/sejong/Desktop/SH_ws/install/SH_moveit_demo_config/share/SH_moveit_demo_config/config/joint_limits.yaml\n'}
[1.363197] (SH_moveit_demo_config) StdoutLine: {'line': b'-- Up-to-date symlink: /home/sejong/Desktop/SH_ws/install/SH_moveit_demo_config/share/SH_moveit_demo_config/config/kinematics.yaml\n'}
[1.364550] (SH_moveit_demo_config) StdoutLine: {'line': b'-- Up-to-date symlink: /home/sejong/Desktop/SH_ws/install/SH_moveit_demo_config/share/SH_moveit_demo_config/config/moveit.rviz\n'}
[1.365297] (SH_moveit_demo_config) StdoutLine: {'line': b'-- Up-to-date symlink: /home/sejong/Desktop/SH_ws/install/SH_moveit_demo_config/share/SH_moveit_demo_config/config/moveit_controllers.yaml\n'}
[1.365603] (SH_moveit_demo_config) StdoutLine: {'line': b'-- Up-to-date symlink: /home/sejong/Desktop/SH_ws/install/SH_moveit_demo_config/share/SH_moveit_demo_config/config/pilz_cartesian_limits.yaml\n'}
[1.366190] (SH_moveit_demo_config) StdoutLine: {'line': b'-- Up-to-date symlink: /home/sejong/Desktop/SH_ws/install/SH_moveit_demo_config/share/SH_moveit_demo_config/config/poses/home.yaml\n'}
[1.366488] (SH_moveit_demo_config) StdoutLine: {'line': b'-- Up-to-date symlink: /home/sejong/Desktop/SH_ws/install/SH_moveit_demo_config/share/SH_moveit_demo_config/config/poses/wave_left.yaml\n'}
[1.366735] (SH_moveit_head_config) StdoutLine: {'line': b'-- Up-to-date symlink: /home/sejong/Desktop/SH_ws/install/SH_moveit_head_config/share/ament_index/resource_index/packages/SH_moveit_head_config\n'}
[1.366884] (SH_moveit_demo_config) StdoutLine: {'line': b'-- Up-to-date symlink: /home/sejong/Desktop/SH_ws/install/SH_moveit_demo_config/share/SH_moveit_demo_config/config/poses/wave_ready.yaml\n'}
[1.367031] (SH_moveit_demo_config) StdoutLine: {'line': b'-- Up-to-date symlink: /home/sejong/Desktop/SH_ws/install/SH_moveit_demo_config/share/SH_moveit_demo_config/config/poses/wave_right.yaml\n'}
[1.367207] (SH_moveit_head_config) StdoutLine: {'line': b'-- Up-to-date symlink: /home/sejong/Desktop/SH_ws/install/SH_moveit_head_config/share/SH_moveit_head_config/cmake/SH_moveit_head_configConfig.cmake\n'}
[1.367738] (SH_moveit_demo_config) StdoutLine: {'line': b'-- Up-to-date symlink: /home/sejong/Desktop/SH_ws/install/SH_moveit_demo_config/share/SH_moveit_demo_config/config/ros2_controllers.yaml\n'}
[1.367921] (SH_moveit_head_config) StdoutLine: {'line': b'-- Up-to-date symlink: /home/sejong/Desktop/SH_ws/install/SH_moveit_head_config/share/SH_moveit_head_config/cmake/SH_moveit_head_configConfig-version.cmake\n'}
[1.368354] (SH_moveit_demo_config) StdoutLine: {'line': b'-- Up-to-date symlink: /home/sejong/Desktop/SH_ws/install/SH_moveit_demo_config/share/SH_moveit_demo_config/config/servo.yaml\n'}
[1.368782] (SH_moveit_demo_config) StdoutLine: {'line': b'-- Up-to-date symlink: /home/sejong/Desktop/SH_ws/install/SH_moveit_demo_config/share/SH_moveit_demo_config/.setup_assistant\n'}
[1.369375] (SH_moveit_head_config) StdoutLine: {'line': b'-- Up-to-date symlink: /home/sejong/Desktop/SH_ws/install/SH_moveit_head_config/share/SH_moveit_head_config/package.xml\n'}
[1.369690] (SH_moveit_head_config) StdoutLine: {'line': b'-- Up-to-date symlink: /home/sejong/Desktop/SH_ws/install/SH_moveit_head_config/share/SH_moveit_head_config/launch/demo.launch.py\n'}
[1.369947] (SH_moveit_head_config) StdoutLine: {'line': b'-- Up-to-date symlink: /home/sejong/Desktop/SH_ws/install/SH_moveit_head_config/share/SH_moveit_head_config/launch/demo_bridge.launch.py\n'}
[1.370210] (SH_moveit_head_config) StdoutLine: {'line': b'-- Up-to-date symlink: /home/sejong/Desktop/SH_ws/install/SH_moveit_head_config/share/SH_moveit_head_config/launch/move_group.launch.py\n'}
[1.370429] (SH_moveit_head_config) StdoutLine: {'line': b'-- Up-to-date symlink: /home/sejong/Desktop/SH_ws/install/SH_moveit_head_config/share/SH_moveit_head_config/launch/moveit_rviz.launch.py\n'}
[1.371346] (SH_moveit_head_config) StdoutLine: {'line': b'-- Up-to-date symlink: /home/sejong/Desktop/SH_ws/install/SH_moveit_head_config/share/SH_moveit_head_config/launch/rsp.launch.py\n'}
[1.372395] (SH_moveit_head_config) StdoutLine: {'line': b'-- Up-to-date symlink: /home/sejong/Desktop/SH_ws/install/SH_moveit_head_config/share/SH_moveit_head_config/launch/servo.launch.py\n'}
[1.372665] (SH_moveit_head_config) StdoutLine: {'line': b'-- Up-to-date symlink: /home/sejong/Desktop/SH_ws/install/SH_moveit_head_config/share/SH_moveit_head_config/launch/setup_assistant.launch.py\n'}
[1.372897] (SH_moveit_head_config) StdoutLine: {'line': b'-- Up-to-date symlink: /home/sejong/Desktop/SH_ws/install/SH_moveit_head_config/share/SH_moveit_head_config/launch/spawn_controllers.launch.py\n'}
[1.373069] (SH_moveit_head_config) StdoutLine: {'line': b'-- Up-to-date symlink: /home/sejong/Desktop/SH_ws/install/SH_moveit_head_config/share/SH_moveit_head_config/launch/static_virtual_joint_tfs.launch.py\n'}
[1.373253] (SH_moveit_head_config) StdoutLine: {'line': b'-- Up-to-date symlink: /home/sejong/Desktop/SH_ws/install/SH_moveit_head_config/share/SH_moveit_head_config/launch/warehouse_db.launch.py\n'}
[1.373423] (SH_moveit_head_config) StdoutLine: {'line': b'-- Up-to-date symlink: /home/sejong/Desktop/SH_ws/install/SH_moveit_head_config/share/SH_moveit_head_config/config/SH_Humanoid.ros2_control.xacro\n'}
[1.373642] (SH_moveit_config) CommandEnded: {'returncode': 0}
[1.374137] (SH_moveit_head_config) StdoutLine: {'line': b'-- Up-to-date symlink: /home/sejong/Desktop/SH_ws/install/SH_moveit_head_config/share/SH_moveit_head_config/config/SH_Humanoid.srdf\n'}
[1.374306] (SH_moveit_head_config) StdoutLine: {'line': b'-- Up-to-date symlink: /home/sejong/Desktop/SH_ws/install/SH_moveit_head_config/share/SH_moveit_head_config/config/SH_Humanoid.urdf.xacro\n'}
[1.374460] (SH_moveit_head_config) StdoutLine: {'line': b'-- Up-to-date symlink: /home/sejong/Desktop/SH_ws/install/SH_moveit_head_config/share/SH_moveit_head_config/config/initial_positions.yaml\n'}
[1.374613] (SH_moveit_head_config) StdoutLine: {'line': b'-- Up-to-date symlink: /home/sejong/Desktop/SH_ws/install/SH_moveit_head_config/share/SH_moveit_head_config/config/joint_limits.yaml\n'}
[1.374794] (SH_moveit_head_config) StdoutLine: {'line': b'-- Up-to-date symlink: /home/sejong/Desktop/SH_ws/install/SH_moveit_head_config/share/SH_moveit_head_config/config/kinematics.yaml\n'}
[1.374960] (SH_moveit_head_config) StdoutLine: {'line': b'-- Up-to-date symlink: /home/sejong/Desktop/SH_ws/install/SH_moveit_head_config/share/SH_moveit_head_config/config/moveit.rviz\n'}
[1.375120] (SH_moveit_head_config) StdoutLine: {'line': b'-- Up-to-date symlink: /home/sejong/Desktop/SH_ws/install/SH_moveit_head_config/share/SH_moveit_head_config/config/moveit_controllers.yaml\n'}
[1.375274] (SH_moveit_head_config) StdoutLine: {'line': b'-- Up-to-date symlink: /home/sejong/Desktop/SH_ws/install/SH_moveit_head_config/share/SH_moveit_head_config/config/pilz_cartesian_limits.yaml\n'}
[1.375440] (SH_moveit_head_config) StdoutLine: {'line': b'-- Up-to-date symlink: /home/sejong/Desktop/SH_ws/install/SH_moveit_head_config/share/SH_moveit_head_config/config/poses/home.yaml\n'}
[1.375925] (SH_moveit_head_config) StdoutLine: {'line': b'-- Up-to-date symlink: /home/sejong/Desktop/SH_ws/install/SH_moveit_head_config/share/SH_moveit_head_config/config/poses/wave_left.yaml\n'}
[1.376466] (SH_moveit_head_config) StdoutLine: {'line': b'-- Up-to-date symlink: /home/sejong/Desktop/SH_ws/install/SH_moveit_head_config/share/SH_moveit_head_config/config/poses/wave_ready.yaml\n'}
[1.376656] (SH_moveit_head_config) StdoutLine: {'line': b'-- Up-to-date symlink: /home/sejong/Desktop/SH_ws/install/SH_moveit_head_config/share/SH_moveit_head_config/config/poses/wave_right.yaml\n'}
[1.376952] (SH_moveit_head_config) StdoutLine: {'line': b'-- Up-to-date symlink: /home/sejong/Desktop/SH_ws/install/SH_moveit_head_config/share/SH_moveit_head_config/config/ros2_controllers.yaml\n'}
[1.377411] (SH_moveit_head_config) StdoutLine: {'line': b'-- Up-to-date symlink: /home/sejong/Desktop/SH_ws/install/SH_moveit_head_config/share/SH_moveit_head_config/config/servo.yaml\n'}
[1.377779] (SH_moveit_head_config) StdoutLine: {'line': b'-- Up-to-date symlink: /home/sejong/Desktop/SH_ws/install/SH_moveit_head_config/share/SH_moveit_head_config/.setup_assistant\n'}
[1.384153] (SH_moveit_config) JobEnded: {'identifier': 'SH_moveit_config', 'rc': 0}
[1.385822] (SH_moveit_demo_config) CommandEnded: {'returncode': 0}
[1.405079] (SH_moveit_demo_config) JobEnded: {'identifier': 'SH_moveit_demo_config', 'rc': 0}
[1.406343] (-) TimerEvent: {}
[1.406500] (SH_moveit_head_config) CommandEnded: {'returncode': 0}
[1.424092] (SH_moveit_head_config) JobEnded: {'identifier': 'SH_moveit_head_config', 'rc': 0}
[1.425325] (-) EventReactorShutdown: {}
