[0.000000] (-) TimerEvent: {}
[0.000323] (SH_Humanoid_description) JobQueued: {'identifier': 'SH_Humanoid_description', 'dependencies': OrderedDict()}
[0.000408] (ros2_interfaces) JobQueued: {'identifier': 'ros2_interfaces', 'dependencies': OrderedDict()}
[0.000610] (sh_motion_demo) JobQueued: {'identifier': 'sh_motion_demo', 'dependencies': OrderedDict()}
[0.000704] (SH_moveit_config) JobQueued: {'identifier': 'SH_moveit_config', 'dependencies': OrderedDict({'SH_Humanoid_description': '/home/sejong/Desktop/SH_ws/install/SH_Humanoid_description'})}
[0.000826] (SH_moveit_demo_config) JobQueued: {'identifier': 'SH_moveit_demo_config', 'dependencies': OrderedDict({'SH_Humanoid_description': '/home/sejong/Desktop/SH_ws/install/SH_Humanoid_description'})}
[0.000913] (SH_moveit_head_config) JobQueued: {'identifier': 'SH_moveit_head_config', 'dependencies': OrderedDict({'SH_Humanoid_description': '/home/sejong/Desktop/SH_ws/install/SH_Humanoid_description'})}
[0.000946] (sh_motion_cpp) JobQueued: {'identifier': 'sh_motion_cpp', 'dependencies': OrderedDict({'ros2_interfaces': '/home/sejong/Desktop/SH_ws/install/ros2_interfaces'})}
[0.000975] (SH_Humanoid_description) JobStarted: {'identifier': 'SH_Humanoid_description'}
[0.007107] (ros2_interfaces) JobStarted: {'identifier': 'ros2_interfaces'}
[0.010128] (sh_motion_demo) JobStarted: {'identifier': 'sh_motion_demo'}
[0.099713] (-) TimerEvent: {}
[0.200088] (-) TimerEvent: {}
[0.206057] (ros2_interfaces) JobProgress: {'identifier': 'ros2_interfaces', 'progress': 'cmake'}
[0.206942] (ros2_interfaces) JobProgress: {'identifier': 'ros2_interfaces', 'progress': 'build'}
[0.208252] (ros2_interfaces) Command: {'cmd': ['/usr/bin/cmake', '--build', '/home/sejong/Desktop/SH_ws/build/ros2_interfaces', '--', '-j14', '-l14'], 'cwd': '/home/sejong/Desktop/SH_ws/build/ros2_interfaces', 'env': OrderedDict({'LESSOPEN': '| /usr/bin/lesspipe %s', 'USER': 'sejong', 'GZ_CONFIG_PATH': '/opt/ros/jazzy/opt/sdformat_vendor/share/gz', 'ROS_PACKAGE_PATH': '/home/sejong/Desktop/SH_ws/install/ros2_interfaces/share', 'XDG_SESSION_TYPE': 'x11', 'CLUTTER_DISABLE_MIPMAPPED_TEXT': '1', 'SHLVL': '1', 'LD_LIBRARY_PATH': '/home/sejong/Desktop/SH_ws/install/ros2_interfaces/lib:/opt/ros/jazzy/opt/sdformat_vendor/lib:/opt/ros/jazzy/opt/rviz_ogre_vendor/lib:/opt/ros/jazzy/lib/aarch64-linux-gnu:/opt/ros/jazzy/opt/gz_math_vendor/lib:/opt/ros/jazzy/opt/gz_utils_vendor/lib:/opt/ros/jazzy/opt/gz_tools_vendor/lib:/opt/ros/jazzy/opt/gz_cmake_vendor/lib:/opt/ros/jazzy/lib:/usr/local/cuda-13.2/lib64:', 'HOME': '/home/sejong', 'OLDPWD': '/home/sejong', 'DESKTOP_SESSION': 'ubuntu', 'ROS_PYTHON_VERSION': '3', 'GNOME_SHELL_SESSION_MODE': 'ubuntu', 'GTK_MODULES': 'gail:atk-bridge', 'SYSTEMD_EXEC_PID': '13162', 'GSM_SKIP_SSH_AGENT_WORKAROUND': 'true', 'DBUS_SESSION_BUS_ADDRESS': 'unix:path=/run/user/2001/bus', 'COLORTERM': 'truecolor', 'DEBUGINFOD_URLS': 'https://debuginfod.ubuntu.com', 'IM_CONFIG_PHASE': '1', 'COLCON_PREFIX_PATH': '/home/sejong/Desktop/SH_ws/install', 'ROS_DISTRO': 'jazzy', 'LOGNAME': 'sejong', '_': '/usr/bin/colcon', 'ROS_VERSION': '2', 'PKG_CONFIG_PATH': '/home/sejong/Desktop/SH_ws/install/ros2_interfaces/lib/aarch64-linux-gnu/pkgconfig:/home/sejong/Desktop/SH_ws/install/ros2_interfaces/lib/pkgconfig', 'XDG_SESSION_CLASS': 'user', 'USERNAME': 'sejong', 'TERM': 'xterm-256color', 'GNOME_DESKTOP_SESSION_ID': 'this-is-deprecated', 'WINDOWPATH': '2', 'PATH': '/home/sejong/.local/bin:/opt/ros/jazzy/opt/gz_tools_vendor/bin:/opt/ros/jazzy/bin:/usr/local/cuda-13.2/bin:/home/sejong/.local/bin:/usr/local/sbin:/usr/local/bin:/usr/sbin:/usr/bin:/sbin:/bin:/usr/games:/usr/local/games:/snap/bin:/snap/bin', 'SESSION_MANAGER': 'local/localhost.localdomain:@/tmp/.ICE-unix/13131,unix/localhost.localdomain:/tmp/.ICE-unix/13131', 'XDG_MENU_PREFIX': 'gnome-', 'GNOME_TERMINAL_SCREEN': '/org/gnome/Terminal/screen/92d96b46_1f1e_4837_9845_b22a7e0410af', 'XDG_RUNTIME_DIR': '/run/user/2001', 'DISPLAY': ':1', 'LANG': 'en_US.UTF-8', 'XDG_CURRENT_DESKTOP': 'ubuntu:GNOME', 'XMODIFIERS': '@im=ibus', 'XDG_SESSION_DESKTOP': 'ubuntu', 'XAUTHORITY': '/run/user/2001/gdm/Xauthority', 'LS_COLORS': 'rs=0:di=01;34:ln=01;36:mh=00:pi=40;33:so=01;35:do=01;35:bd=40;33;01:cd=40;33;01:or=40;31;01:mi=00:su=37;41:sg=30;43:ca=00:tw=30;42:ow=34;42:st=37;44:ex=01;32:*.tar=01;31:*.tgz=01;31:*.arc=01;31:*.arj=01;31:*.taz=01;31:*.lha=01;31:*.lz4=01;31:*.lzh=01;31:*.lzma=01;31:*.tlz=01;31:*.txz=01;31:*.tzo=01;31:*.t7z=01;31:*.zip=01;31:*.z=01;31:*.dz=01;31:*.gz=01;31:*.lrz=01;31:*.lz=01;31:*.lzo=01;31:*.xz=01;31:*.zst=01;31:*.tzst=01;31:*.bz2=01;31:*.bz=01;31:*.tbz=01;31:*.tbz2=01;31:*.tz=01;31:*.deb=01;31:*.rpm=01;31:*.jar=01;31:*.war=01;31:*.ear=01;31:*.sar=01;31:*.rar=01;31:*.alz=01;31:*.ace=01;31:*.zoo=01;31:*.cpio=01;31:*.7z=01;31:*.rz=01;31:*.cab=01;31:*.wim=01;31:*.swm=01;31:*.dwm=01;31:*.esd=01;31:*.avif=01;35:*.jpg=01;35:*.jpeg=01;35:*.mjpg=01;35:*.mjpeg=01;35:*.gif=01;35:*.bmp=01;35:*.pbm=01;35:*.pgm=01;35:*.ppm=01;35:*.tga=01;35:*.xbm=01;35:*.xpm=01;35:*.tif=01;35:*.tiff=01;35:*.png=01;35:*.svg=01;35:*.svgz=01;35:*.mng=01;35:*.pcx=01;35:*.mov=01;35:*.mpg=01;35:*.mpeg=01;35:*.m2v=01;35:*.mkv=01;35:*.webm=01;35:*.webp=01;35:*.ogm=01;35:*.mp4=01;35:*.m4v=01;35:*.mp4v=01;35:*.vob=01;35:*.qt=01;35:*.nuv=01;35:*.wmv=01;35:*.asf=01;35:*.rm=01;35:*.rmvb=01;35:*.flc=01;35:*.avi=01;35:*.fli=01;35:*.flv=01;35:*.gl=01;35:*.dl=01;35:*.xcf=01;35:*.xwd=01;35:*.yuv=01;35:*.cgm=01;35:*.emf=01;35:*.ogv=01;35:*.ogx=01;35:*.aac=00;36:*.au=00;36:*.flac=00;36:*.m4a=00;36:*.mid=00;36:*.midi=00;36:*.mka=00;36:*.mp3=00;36:*.mpc=00;36:*.ogg=00;36:*.ra=00;36:*.wav=00;36:*.oga=00;36:*.opus=00;36:*.spx=00;36:*.xspf=00;36:*~=00;90:*#=00;90:*.bak=00;90:*.crdownload=00;90:*.dpkg-dist=00;90:*.dpkg-new=00;90:*.dpkg-old=00;90:*.dpkg-tmp=00;90:*.old=00;90:*.orig=00;90:*.part=00;90:*.rej=00;90:*.rpmnew=00;90:*.rpmorig=00;90:*.rpmsave=00;90:*.swp=00;90:*.tmp=00;90:*.ucf-dist=00;90:*.ucf-new=00;90:*.ucf-old=00;90:', 'GNOME_TERMINAL_SERVICE': ':1.104', 'SSH_AUTH_SOCK': '/run/user/2001/keyring/ssh', 'AMENT_PREFIX_PATH': '/home/sejong/Desktop/SH_ws/install/sh_motion_demo:/home/sejong/Desktop/SH_ws/install/sh_motion_cpp:/home/sejong/Desktop/SH_ws/install/SH_moveit_head_config:/home/sejong/Desktop/SH_ws/install/SH_moveit_demo_config:/home/sejong/Desktop/SH_ws/install/SH_moveit_config:/home/sejong/Desktop/SH_ws/install/SH_Humanoid_description:/opt/ros/jazzy', 'SHELL': '/bin/bash', 'QT_ACCESSIBILITY': '1', 'GDMSESSION': 'ubuntu', 'LESSCLOSE': '/usr/bin/lesspipe %s %s', 'GPG_AGENT_INFO': '/run/user/2001/gnupg/S.gpg-agent:0:1', 'ROS_AUTOMATIC_DISCOVERY_RANGE': 'SUBNET', 'QT_IM_MODULE': 'ibus', 'PWD': '/home/sejong/Desktop/SH_ws/build/ros2_interfaces', 'XDG_CONFIG_DIRS': '/etc/xdg/xdg-ubuntu:/etc/xdg', 'XDG_DATA_DIRS': '/usr/share/ubuntu:/usr/share/gnome:/usr/local/share/:/usr/share/:/var/lib/snapd/desktop', 'PYTHONPATH': '/home/sejong/Desktop/SH_ws/install/sh_motion_demo/lib/python3.12/site-packages:/home/sejong/Desktop/SH_ws/install/ros2_interfaces/lib/python3.12/site-packages:/home/sejong/Desktop/SH_ws/install/SH_Humanoid_description/lib/python3.12/site-packages:/opt/ros/jazzy/lib/python3.12/site-packages', 'COLCON': '1', 'VTE_VERSION': '7600', 'CMAKE_PREFIX_PATH': '/home/sejong/Desktop/SH_ws/install/sh_motion_cpp:/home/sejong/Desktop/SH_ws/install/ros2_interfaces:/home/sejong/Desktop/SH_ws/install/SH_moveit_head_config:/home/sejong/Desktop/SH_ws/install/SH_moveit_demo_config:/home/sejong/Desktop/SH_ws/install/SH_moveit_config:/opt/ros/jazzy/opt/sdformat_vendor:/opt/ros/jazzy/opt/gz_math_vendor:/opt/ros/jazzy/opt/gz_utils_vendor:/opt/ros/jazzy/opt/gz_tools_vendor:/opt/ros/jazzy/opt/gz_cmake_vendor'}), 'shell': False}
[0.271971] (ros2_interfaces) StdoutLine: {'line': b'[  1%] Built target ros2_interfaces__rosidl_generator_type_description\n'}
[0.273129] (ros2_interfaces) StdoutLine: {'line': b'[  2%] Built target ros2_interfaces__rs\n'}
[0.285779] (ros2_interfaces) StdoutLine: {'line': b'[  2%] Built target ament_cmake_python_copy_ros2_interfaces\n'}
[0.297079] (ros2_interfaces) StdoutLine: {'line': b'[  3%] Built target ros2_interfaces__cpp\n'}
[0.298519] (ros2_interfaces) StdoutLine: {'line': b'[ 27%] Built target ros2_interfaces__rosidl_generator_c\n'}
[0.300202] (-) TimerEvent: {}
[0.321903] (ros2_interfaces) StdoutLine: {'line': b'[ 36%] Built target ros2_interfaces__rosidl_typesupport_introspection_c\n'}
[0.323015] (ros2_interfaces) StdoutLine: {'line': b'[ 45%] Built target ros2_interfaces__rosidl_typesupport_c\n'}
[0.325818] (ros2_interfaces) StdoutLine: {'line': b'[ 55%] Built target ros2_interfaces__rosidl_typesupport_cpp\n'}
[0.329087] (ros2_interfaces) StdoutLine: {'line': b'[ 70%] Built target ros2_interfaces__rosidl_typesupport_fastrtps_cpp\n'}
[0.329202] (ros2_interfaces) StdoutLine: {'line': b'[ 74%] Built target ros2_interfaces__rosidl_typesupport_fastrtps_c\n'}
[0.329284] (ros2_interfaces) StdoutLine: {'line': b'[ 83%] Built target ros2_interfaces__rosidl_typesupport_introspection_cpp\n'}
[0.349426] (ros2_interfaces) StdoutLine: {'line': b'[ 83%] Built target ros2_interfaces\n'}
[0.375164] (ros2_interfaces) StdoutLine: {'line': b'[ 84%] Built target ros2_interfaces__py\n'}
[0.400286] (-) TimerEvent: {}
[0.408749] (ros2_interfaces) StdoutLine: {'line': b'[ 92%] Built target ros2_interfaces__rosidl_generator_py\n'}
[0.435603] (ros2_interfaces) StdoutLine: {'line': b'[ 96%] Built target ros2_interfaces_s__rosidl_typesupport_introspection_c\n'}
[0.435866] (ros2_interfaces) StdoutLine: {'line': b'[ 97%] Built target ros2_interfaces_s__rosidl_typesupport_c\n'}
[0.437090] (ros2_interfaces) StdoutLine: {'line': b'[100%] Built target ros2_interfaces_s__rosidl_typesupport_fastrtps_c\n'}
[0.448635] (ros2_interfaces) StdoutLine: {'line': b'running egg_info\n'}
[0.460768] (ros2_interfaces) StdoutLine: {'line': b'writing ros2_interfaces.egg-info/PKG-INFO\n'}
[0.461027] (ros2_interfaces) StdoutLine: {'line': b'writing dependency_links to ros2_interfaces.egg-info/dependency_links.txt\n'}
[0.461227] (ros2_interfaces) StdoutLine: {'line': b'writing top-level names to ros2_interfaces.egg-info/top_level.txt\n'}
[0.495832] (ros2_interfaces) StdoutLine: {'line': b"reading manifest file 'ros2_interfaces.egg-info/SOURCES.txt'\n"}
[0.495996] (ros2_interfaces) StdoutLine: {'line': b"writing manifest file 'ros2_interfaces.egg-info/SOURCES.txt'\n"}
[0.500358] (-) TimerEvent: {}
[0.528176] (ros2_interfaces) StdoutLine: {'line': b'[100%] Built target ament_cmake_python_build_ros2_interfaces_egg\n'}
[0.546926] (ros2_interfaces) CommandEnded: {'returncode': 0}
[0.548489] (ros2_interfaces) JobProgress: {'identifier': 'ros2_interfaces', 'progress': 'install'}
[0.559400] (ros2_interfaces) Command: {'cmd': ['/usr/bin/cmake', '--install', '/home/sejong/Desktop/SH_ws/build/ros2_interfaces'], 'cwd': '/home/sejong/Desktop/SH_ws/build/ros2_interfaces', 'env': OrderedDict({'LESSOPEN': '| /usr/bin/lesspipe %s', 'USER': 'sejong', 'GZ_CONFIG_PATH': '/opt/ros/jazzy/opt/sdformat_vendor/share/gz', 'ROS_PACKAGE_PATH': '/home/sejong/Desktop/SH_ws/install/ros2_interfaces/share', 'XDG_SESSION_TYPE': 'x11', 'CLUTTER_DISABLE_MIPMAPPED_TEXT': '1', 'SHLVL': '1', 'LD_LIBRARY_PATH': '/home/sejong/Desktop/SH_ws/install/ros2_interfaces/lib:/opt/ros/jazzy/opt/sdformat_vendor/lib:/opt/ros/jazzy/opt/rviz_ogre_vendor/lib:/opt/ros/jazzy/lib/aarch64-linux-gnu:/opt/ros/jazzy/opt/gz_math_vendor/lib:/opt/ros/jazzy/opt/gz_utils_vendor/lib:/opt/ros/jazzy/opt/gz_tools_vendor/lib:/opt/ros/jazzy/opt/gz_cmake_vendor/lib:/opt/ros/jazzy/lib:/usr/local/cuda-13.2/lib64:', 'HOME': '/home/sejong', 'OLDPWD': '/home/sejong', 'DESKTOP_SESSION': 'ubuntu', 'ROS_PYTHON_VERSION': '3', 'GNOME_SHELL_SESSION_MODE': 'ubuntu', 'GTK_MODULES': 'gail:atk-bridge', 'SYSTEMD_EXEC_PID': '13162', 'GSM_SKIP_SSH_AGENT_WORKAROUND': 'true', 'DBUS_SESSION_BUS_ADDRESS': 'unix:path=/run/user/2001/bus', 'COLORTERM': 'truecolor', 'DEBUGINFOD_URLS': 'https://debuginfod.ubuntu.com', 'IM_CONFIG_PHASE': '1', 'COLCON_PREFIX_PATH': '/home/sejong/Desktop/SH_ws/install', 'ROS_DISTRO': 'jazzy', 'LOGNAME': 'sejong', '_': '/usr/bin/colcon', 'ROS_VERSION': '2', 'PKG_CONFIG_PATH': '/home/sejong/Desktop/SH_ws/install/ros2_interfaces/lib/aarch64-linux-gnu/pkgconfig:/home/sejong/Desktop/SH_ws/install/ros2_interfaces/lib/pkgconfig', 'XDG_SESSION_CLASS': 'user', 'USERNAME': 'sejong', 'TERM': 'xterm-256color', 'GNOME_DESKTOP_SESSION_ID': 'this-is-deprecated', 'WINDOWPATH': '2', 'PATH': '/home/sejong/.local/bin:/opt/ros/jazzy/opt/gz_tools_vendor/bin:/opt/ros/jazzy/bin:/usr/local/cuda-13.2/bin:/home/sejong/.local/bin:/usr/local/sbin:/usr/local/bin:/usr/sbin:/usr/bin:/sbin:/bin:/usr/games:/usr/local/games:/snap/bin:/snap/bin', 'SESSION_MANAGER': 'local/localhost.localdomain:@/tmp/.ICE-unix/13131,unix/localhost.localdomain:/tmp/.ICE-unix/13131', 'XDG_MENU_PREFIX': 'gnome-', 'GNOME_TERMINAL_SCREEN': '/org/gnome/Terminal/screen/92d96b46_1f1e_4837_9845_b22a7e0410af', 'XDG_RUNTIME_DIR': '/run/user/2001', 'DISPLAY': ':1', 'LANG': 'en_US.UTF-8', 'XDG_CURRENT_DESKTOP': 'ubuntu:GNOME', 'XMODIFIERS': '@im=ibus', 'XDG_SESSION_DESKTOP': 'ubuntu', 'XAUTHORITY': '/run/user/2001/gdm/Xauthority', 'LS_COLORS': 'rs=0:di=01;34:ln=01;36:mh=00:pi=40;33:so=01;35:do=01;35:bd=40;33;01:cd=40;33;01:or=40;31;01:mi=00:su=37;41:sg=30;43:ca=00:tw=30;42:ow=34;42:st=37;44:ex=01;32:*.tar=01;31:*.tgz=01;31:*.arc=01;31:*.arj=01;31:*.taz=01;31:*.lha=01;31:*.lz4=01;31:*.lzh=01;31:*.lzma=01;31:*.tlz=01;31:*.txz=01;31:*.tzo=01;31:*.t7z=01;31:*.zip=01;31:*.z=01;31:*.dz=01;31:*.gz=01;31:*.lrz=01;31:*.lz=01;31:*.lzo=01;31:*.xz=01;31:*.zst=01;31:*.tzst=01;31:*.bz2=01;31:*.bz=01;31:*.tbz=01;31:*.tbz2=01;31:*.tz=01;31:*.deb=01;31:*.rpm=01;31:*.jar=01;31:*.war=01;31:*.ear=01;31:*.sar=01;31:*.rar=01;31:*.alz=01;31:*.ace=01;31:*.zoo=01;31:*.cpio=01;31:*.7z=01;31:*.rz=01;31:*.cab=01;31:*.wim=01;31:*.swm=01;31:*.dwm=01;31:*.esd=01;31:*.avif=01;35:*.jpg=01;35:*.jpeg=01;35:*.mjpg=01;35:*.mjpeg=01;35:*.gif=01;35:*.bmp=01;35:*.pbm=01;35:*.pgm=01;35:*.ppm=01;35:*.tga=01;35:*.xbm=01;35:*.xpm=01;35:*.tif=01;35:*.tiff=01;35:*.png=01;35:*.svg=01;35:*.svgz=01;35:*.mng=01;35:*.pcx=01;35:*.mov=01;35:*.mpg=01;35:*.mpeg=01;35:*.m2v=01;35:*.mkv=01;35:*.webm=01;35:*.webp=01;35:*.ogm=01;35:*.mp4=01;35:*.m4v=01;35:*.mp4v=01;35:*.vob=01;35:*.qt=01;35:*.nuv=01;35:*.wmv=01;35:*.asf=01;35:*.rm=01;35:*.rmvb=01;35:*.flc=01;35:*.avi=01;35:*.fli=01;35:*.flv=01;35:*.gl=01;35:*.dl=01;35:*.xcf=01;35:*.xwd=01;35:*.yuv=01;35:*.cgm=01;35:*.emf=01;35:*.ogv=01;35:*.ogx=01;35:*.aac=00;36:*.au=00;36:*.flac=00;36:*.m4a=00;36:*.mid=00;36:*.midi=00;36:*.mka=00;36:*.mp3=00;36:*.mpc=00;36:*.ogg=00;36:*.ra=00;36:*.wav=00;36:*.oga=00;36:*.opus=00;36:*.spx=00;36:*.xspf=00;36:*~=00;90:*#=00;90:*.bak=00;90:*.crdownload=00;90:*.dpkg-dist=00;90:*.dpkg-new=00;90:*.dpkg-old=00;90:*.dpkg-tmp=00;90:*.old=00;90:*.orig=00;90:*.part=00;90:*.rej=00;90:*.rpmnew=00;90:*.rpmorig=00;90:*.rpmsave=00;90:*.swp=00;90:*.tmp=00;90:*.ucf-dist=00;90:*.ucf-new=00;90:*.ucf-old=00;90:', 'GNOME_TERMINAL_SERVICE': ':1.104', 'SSH_AUTH_SOCK': '/run/user/2001/keyring/ssh', 'AMENT_PREFIX_PATH': '/home/sejong/Desktop/SH_ws/install/sh_motion_demo:/home/sejong/Desktop/SH_ws/install/sh_motion_cpp:/home/sejong/Desktop/SH_ws/install/SH_moveit_head_config:/home/sejong/Desktop/SH_ws/install/SH_moveit_demo_config:/home/sejong/Desktop/SH_ws/install/SH_moveit_config:/home/sejong/Desktop/SH_ws/install/SH_Humanoid_description:/opt/ros/jazzy', 'SHELL': '/bin/bash', 'QT_ACCESSIBILITY': '1', 'GDMSESSION': 'ubuntu', 'LESSCLOSE': '/usr/bin/lesspipe %s %s', 'GPG_AGENT_INFO': '/run/user/2001/gnupg/S.gpg-agent:0:1', 'ROS_AUTOMATIC_DISCOVERY_RANGE': 'SUBNET', 'QT_IM_MODULE': 'ibus', 'PWD': '/home/sejong/Desktop/SH_ws/build/ros2_interfaces', 'XDG_CONFIG_DIRS': '/etc/xdg/xdg-ubuntu:/etc/xdg', 'XDG_DATA_DIRS': '/usr/share/ubuntu:/usr/share/gnome:/usr/local/share/:/usr/share/:/var/lib/snapd/desktop', 'PYTHONPATH': '/home/sejong/Desktop/SH_ws/install/sh_motion_demo/lib/python3.12/site-packages:/home/sejong/Desktop/SH_ws/install/ros2_interfaces/lib/python3.12/site-packages:/home/sejong/Desktop/SH_ws/install/SH_Humanoid_description/lib/python3.12/site-packages:/opt/ros/jazzy/lib/python3.12/site-packages', 'COLCON': '1', 'VTE_VERSION': '7600', 'CMAKE_PREFIX_PATH': '/home/sejong/Desktop/SH_ws/install/sh_motion_cpp:/home/sejong/Desktop/SH_ws/install/ros2_interfaces:/home/sejong/Desktop/SH_ws/install/SH_moveit_head_config:/home/sejong/Desktop/SH_ws/install/SH_moveit_demo_config:/home/sejong/Desktop/SH_ws/install/SH_moveit_config:/opt/ros/jazzy/opt/sdformat_vendor:/opt/ros/jazzy/opt/gz_math_vendor:/opt/ros/jazzy/opt/gz_utils_vendor:/opt/ros/jazzy/opt/gz_tools_vendor:/opt/ros/jazzy/opt/gz_cmake_vendor'}), 'shell': False}
[0.569972] (ros2_interfaces) StdoutLine: {'line': b'-- Install configuration: ""\n'}
[0.573106] (ros2_interfaces) StdoutLine: {'line': b'-- Up-to-date: /home/sejong/Desktop/SH_ws/install/ros2_interfaces/share/ament_index/resource_index/rosidl_interfaces/ros2_interfaces\n'}
[0.573370] (ros2_interfaces) StdoutLine: {'line': b'-- Up-to-date: /home/sejong/Desktop/SH_ws/install/ros2_interfaces/share/ros2_interfaces/msg/UpperBodyCommand.json\n'}
[0.573537] (ros2_interfaces) StdoutLine: {'line': b'-- Up-to-date: /home/sejong/Desktop/SH_ws/install/ros2_interfaces/share/ros2_interfaces/msg/UpperBodySystemState.json\n'}
[0.573692] (ros2_interfaces) StdoutLine: {'line': b'-- Up-to-date: /home/sejong/Desktop/SH_ws/install/ros2_interfaces/share/ros2_interfaces/msg/UpperMotorState.json\n'}
[0.573833] (ros2_interfaces) StdoutLine: {'line': b'-- Up-to-date: /home/sejong/Desktop/SH_ws/install/ros2_interfaces/share/ros2_interfaces/srv/EnableMotors.json\n'}
[0.573978] (ros2_interfaces) StdoutLine: {'line': b'-- Up-to-date: /home/sejong/Desktop/SH_ws/install/ros2_interfaces/share/ros2_interfaces/srv/SetRunMode.json\n'}
[0.574125] (ros2_interfaces) StdoutLine: {'line': b'-- Up-to-date: /home/sejong/Desktop/SH_ws/install/ros2_interfaces/share/ros2_interfaces/srv/SimpleMotorResult.json\n'}
[0.574298] (ros2_interfaces) StdoutLine: {'line': b'-- Up-to-date: /home/sejong/Desktop/SH_ws/install/ros2_interfaces/include/ros2_interfaces/ros2_interfaces\n'}
[0.574456] (ros2_interfaces) StdoutLine: {'line': b'-- Up-to-date: /home/sejong/Desktop/SH_ws/install/ros2_interfaces/include/ros2_interfaces/ros2_interfaces/srv\n'}
[0.593681] (ros2_interfaces) StdoutLine: {'line': b'-- Up-to-date: /home/sejong/Desktop/SH_ws/install/ros2_interfaces/include/ros2_interfaces/ros2_interfaces/srv/set_run_mode.h\n'}
[0.593896] (ros2_interfaces) StdoutLine: {'line': b'-- Up-to-date: /home/sejong/Desktop/SH_ws/install/ros2_interfaces/include/ros2_interfaces/ros2_interfaces/srv/simple_motor_result.h\n'}
[0.594067] (ros2_interfaces) StdoutLine: {'line': b'-- Up-to-date: /home/sejong/Desktop/SH_ws/install/ros2_interfaces/include/ros2_interfaces/ros2_interfaces/srv/detail\n'}
[0.594228] (ros2_interfaces) StdoutLine: {'line': b'-- Up-to-date: /home/sejong/Desktop/SH_ws/install/ros2_interfaces/include/ros2_interfaces/ros2_interfaces/srv/detail/set_run_mode__struct.h\n'}
[0.594385] (ros2_interfaces) StdoutLine: {'line': b'-- Up-to-date: /home/sejong/Desktop/SH_ws/install/ros2_interfaces/include/ros2_interfaces/ros2_interfaces/srv/detail/simple_motor_result__description.c\n'}
[0.594565] (ros2_interfaces) StdoutLine: {'line': b'-- Up-to-date: /home/sejong/Desktop/SH_ws/install/ros2_interfaces/include/ros2_interfaces/ros2_interfaces/srv/detail/simple_motor_result__functions.c\n'}
[0.594724] (ros2_interfaces) StdoutLine: {'line': b'-- Up-to-date: /home/sejong/Desktop/SH_ws/install/ros2_interfaces/include/ros2_interfaces/ros2_interfaces/srv/detail/set_run_mode__type_support.c\n'}
[0.594876] (ros2_interfaces) StdoutLine: {'line': b'-- Up-to-date: /home/sejong/Desktop/SH_ws/install/ros2_interfaces/include/ros2_interfaces/ros2_interfaces/srv/detail/enable_motors__description.c\n'}
[0.595027] (ros2_interfaces) StdoutLine: {'line': b'-- Up-to-date: /home/sejong/Desktop/SH_ws/install/ros2_interfaces/include/ros2_interfaces/ros2_interfaces/srv/detail/simple_motor_result__functions.h\n'}
[0.595179] (ros2_interfaces) StdoutLine: {'line': b'-- Up-to-date: /home/sejong/Desktop/SH_ws/install/ros2_interfaces/include/ros2_interfaces/ros2_interfaces/srv/detail/enable_motors__type_support.h\n'}
[0.595329] (ros2_interfaces) StdoutLine: {'line': b'-- Up-to-date: /home/sejong/Desktop/SH_ws/install/ros2_interfaces/include/ros2_interfaces/ros2_interfaces/srv/detail/enable_motors__functions.c\n'}
[0.595478] (ros2_interfaces) StdoutLine: {'line': b'-- Up-to-date: /home/sejong/Desktop/SH_ws/install/ros2_interfaces/include/ros2_interfaces/ros2_interfaces/srv/detail/set_run_mode__type_support.h\n'}
[0.595683] (ros2_interfaces) StdoutLine: {'line': b'-- Up-to-date: /home/sejong/Desktop/SH_ws/install/ros2_interfaces/include/ros2_interfaces/ros2_interfaces/srv/detail/set_run_mode__functions.c\n'}
[0.595836] (ros2_interfaces) StdoutLine: {'line': b'-- Up-to-date: /home/sejong/Desktop/SH_ws/install/ros2_interfaces/include/ros2_interfaces/ros2_interfaces/srv/detail/enable_motors__type_support.c\n'}
[0.595984] (ros2_interfaces) StdoutLine: {'line': b'-- Up-to-date: /home/sejong/Desktop/SH_ws/install/ros2_interfaces/include/ros2_interfaces/ros2_interfaces/srv/detail/set_run_mode__functions.h\n'}
[0.596136] (ros2_interfaces) StdoutLine: {'line': b'-- Up-to-date: /home/sejong/Desktop/SH_ws/install/ros2_interfaces/include/ros2_interfaces/ros2_interfaces/srv/detail/simple_motor_result__type_support.c\n'}
[0.596283] (ros2_interfaces) StdoutLine: {'line': b'-- Up-to-date: /home/sejong/Desktop/SH_ws/install/ros2_interfaces/include/ros2_interfaces/ros2_interfaces/srv/detail/simple_motor_result__type_support.h\n'}
[0.596433] (ros2_interfaces) StdoutLine: {'line': b'-- Up-to-date: /home/sejong/Desktop/SH_ws/install/ros2_interfaces/include/ros2_interfaces/ros2_interfaces/srv/detail/simple_motor_result__struct.h\n'}
[0.596580] (ros2_interfaces) StdoutLine: {'line': b'-- Up-to-date: /home/sejong/Desktop/SH_ws/install/ros2_interfaces/include/ros2_interfaces/ros2_interfaces/srv/detail/set_run_mode__description.c\n'}
[0.596726] (ros2_interfaces) StdoutLine: {'line': b'-- Up-to-date: /home/sejong/Desktop/SH_ws/install/ros2_interfaces/include/ros2_interfaces/ros2_interfaces/srv/detail/enable_motors__struct.h\n'}
[0.596870] (ros2_interfaces) StdoutLine: {'line': b'-- Up-to-date: /home/sejong/Desktop/SH_ws/install/ros2_interfaces/include/ros2_interfaces/ros2_interfaces/srv/detail/enable_motors__functions.h\n'}
[0.597037] (ros2_interfaces) StdoutLine: {'line': b'-- Up-to-date: /home/sejong/Desktop/SH_ws/install/ros2_interfaces/include/ros2_interfaces/ros2_interfaces/srv/enable_motors.h\n'}
[0.597194] (ros2_interfaces) StdoutLine: {'line': b'-- Up-to-date: /home/sejong/Desktop/SH_ws/install/ros2_interfaces/include/ros2_interfaces/ros2_interfaces/msg\n'}
[0.597343] (ros2_interfaces) StdoutLine: {'line': b'-- Up-to-date: /home/sejong/Desktop/SH_ws/install/ros2_interfaces/include/ros2_interfaces/ros2_interfaces/msg/upper_motor_state.h\n'}
[0.597489] (ros2_interfaces) StdoutLine: {'line': b'-- Up-to-date: /home/sejong/Desktop/SH_ws/install/ros2_interfaces/include/ros2_interfaces/ros2_interfaces/msg/rosidl_generator_c__visibility_control.h\n'}
[0.597635] (ros2_interfaces) StdoutLine: {'line': b'-- Up-to-date: /home/sejong/Desktop/SH_ws/install/ros2_interfaces/include/ros2_interfaces/ros2_interfaces/msg/upper_body_system_state.h\n'}
[0.597780] (ros2_interfaces) StdoutLine: {'line': b'-- Up-to-date: /home/sejong/Desktop/SH_ws/install/ros2_interfaces/include/ros2_interfaces/ros2_interfaces/msg/detail\n'}
[0.597925] (ros2_interfaces) StdoutLine: {'line': b'-- Up-to-date: /home/sejong/Desktop/SH_ws/install/ros2_interfaces/include/ros2_interfaces/ros2_interfaces/msg/detail/upper_body_command__type_support.h\n'}
[0.598068] (ros2_interfaces) StdoutLine: {'line': b'-- Up-to-date: /home/sejong/Desktop/SH_ws/install/ros2_interfaces/include/ros2_interfaces/ros2_interfaces/msg/detail/upper_body_command__description.c\n'}
[0.598214] (ros2_interfaces) StdoutLine: {'line': b'-- Up-to-date: /home/sejong/Desktop/SH_ws/install/ros2_interfaces/include/ros2_interfaces/ros2_interfaces/msg/detail/upper_motor_state__functions.c\n'}
[0.598358] (ros2_interfaces) StdoutLine: {'line': b'-- Up-to-date: /home/sejong/Desktop/SH_ws/install/ros2_interfaces/include/ros2_interfaces/ros2_interfaces/msg/detail/upper_body_system_state__description.c\n'}
[0.598505] (ros2_interfaces) StdoutLine: {'line': b'-- Up-to-date: /home/sejong/Desktop/SH_ws/install/ros2_interfaces/include/ros2_interfaces/ros2_interfaces/msg/detail/upper_motor_state__type_support.c\n'}
[0.598666] (ros2_interfaces) StdoutLine: {'line': b'-- Up-to-date: /home/sejong/Desktop/SH_ws/install/ros2_interfaces/include/ros2_interfaces/ros2_interfaces/msg/detail/upper_motor_state__type_support.h\n'}
[0.598811] (ros2_interfaces) StdoutLine: {'line': b'-- Up-to-date: /home/sejong/Desktop/SH_ws/install/ros2_interfaces/include/ros2_interfaces/ros2_interfaces/msg/detail/upper_body_command__functions.c\n'}
[0.598955] (ros2_interfaces) StdoutLine: {'line': b'-- Up-to-date: /home/sejong/Desktop/SH_ws/install/ros2_interfaces/include/ros2_interfaces/ros2_interfaces/msg/detail/upper_motor_state__functions.h\n'}
[0.599100] (ros2_interfaces) StdoutLine: {'line': b'-- Up-to-date: /home/sejong/Desktop/SH_ws/install/ros2_interfaces/include/ros2_interfaces/ros2_interfaces/msg/detail/upper_body_system_state__functions.h\n'}
[0.599245] (ros2_interfaces) StdoutLine: {'line': b'-- Up-to-date: /home/sejong/Desktop/SH_ws/install/ros2_interfaces/include/ros2_interfaces/ros2_interfaces/msg/detail/upper_body_system_state__type_support.c\n'}
[0.599394] (ros2_interfaces) StdoutLine: {'line': b'-- Up-to-date: /home/sejong/Desktop/SH_ws/install/ros2_interfaces/include/ros2_interfaces/ros2_interfaces/msg/detail/upper_body_system_state__functions.c\n'}
[0.599538] (ros2_interfaces) StdoutLine: {'line': b'-- Up-to-date: /home/sejong/Desktop/SH_ws/install/ros2_interfaces/include/ros2_interfaces/ros2_interfaces/msg/detail/upper_body_system_state__struct.h\n'}
[0.599683] (ros2_interfaces) StdoutLine: {'line': b'-- Up-to-date: /home/sejong/Desktop/SH_ws/install/ros2_interfaces/include/ros2_interfaces/ros2_interfaces/msg/detail/upper_motor_state__description.c\n'}
[0.599841] (ros2_interfaces) StdoutLine: {'line': b'-- Up-to-date: /home/sejong/Desktop/SH_ws/install/ros2_interfaces/include/ros2_interfaces/ros2_interfaces/msg/detail/upper_body_command__functions.h\n'}
[0.599988] (ros2_interfaces) StdoutLine: {'line': b'-- Up-to-date: /home/sejong/Desktop/SH_ws/install/ros2_interfaces/include/ros2_interfaces/ros2_interfaces/msg/detail/upper_motor_state__struct.h\n'}
[0.600132] (ros2_interfaces) StdoutLine: {'line': b'-- Up-to-date: /home/sejong/Desktop/SH_ws/install/ros2_interfaces/include/ros2_interfaces/ros2_interfaces/msg/detail/upper_body_system_state__type_support.h\n'}
[0.600276] (ros2_interfaces) StdoutLine: {'line': b'-- Up-to-date: /home/sejong/Desktop/SH_ws/install/ros2_interfaces/include/ros2_interfaces/ros2_interfaces/msg/detail/upper_body_command__struct.h\n'}
[0.600420] (-) TimerEvent: {}
[0.600633] (ros2_interfaces) StdoutLine: {'line': b'-- Up-to-date: /home/sejong/Desktop/SH_ws/install/ros2_interfaces/include/ros2_interfaces/ros2_interfaces/msg/detail/upper_body_command__type_support.c\n'}
[0.600806] (ros2_interfaces) StdoutLine: {'line': b'-- Up-to-date: /home/sejong/Desktop/SH_ws/install/ros2_interfaces/include/ros2_interfaces/ros2_interfaces/msg/upper_body_command.h\n'}
[0.600954] (ros2_interfaces) StdoutLine: {'line': b'-- Up-to-date: /home/sejong/Desktop/SH_ws/install/ros2_interfaces/share/ros2_interfaces/environment/library_path.sh\n'}
[0.601119] (ros2_interfaces) StdoutLine: {'line': b'-- Up-to-date: /home/sejong/Desktop/SH_ws/install/ros2_interfaces/share/ros2_interfaces/environment/library_path.dsv\n'}
[0.601267] (ros2_interfaces) StdoutLine: {'line': b'-- Up-to-date: /home/sejong/Desktop/SH_ws/install/ros2_interfaces/lib/libros2_interfaces__rosidl_generator_c.so\n'}
[0.601414] (ros2_interfaces) StdoutLine: {'line': b'-- Up-to-date: /home/sejong/Desktop/SH_ws/install/ros2_interfaces/include/ros2_interfaces/ros2_interfaces\n'}
[0.601559] (ros2_interfaces) StdoutLine: {'line': b'-- Up-to-date: /home/sejong/Desktop/SH_ws/install/ros2_interfaces/include/ros2_interfaces/ros2_interfaces/srv\n'}
[0.601702] (ros2_interfaces) StdoutLine: {'line': b'-- Up-to-date: /home/sejong/Desktop/SH_ws/install/ros2_interfaces/include/ros2_interfaces/ros2_interfaces/srv/detail\n'}
[0.601845] (ros2_interfaces) StdoutLine: {'line': b'-- Up-to-date: /home/sejong/Desktop/SH_ws/install/ros2_interfaces/include/ros2_interfaces/ros2_interfaces/srv/detail/simple_motor_result__rosidl_typesupport_fastrtps_c.h\n'}
[0.602010] (ros2_interfaces) StdoutLine: {'line': b'-- Up-to-date: /home/sejong/Desktop/SH_ws/install/ros2_interfaces/include/ros2_interfaces/ros2_interfaces/srv/detail/enable_motors__rosidl_typesupport_fastrtps_c.h\n'}
[0.602156] (ros2_interfaces) StdoutLine: {'line': b'-- Up-to-date: /home/sejong/Desktop/SH_ws/install/ros2_interfaces/include/ros2_interfaces/ros2_interfaces/srv/detail/set_run_mode__rosidl_typesupport_fastrtps_c.h\n'}
[0.602299] (ros2_interfaces) StdoutLine: {'line': b'-- Up-to-date: /home/sejong/Desktop/SH_ws/install/ros2_interfaces/include/ros2_interfaces/ros2_interfaces/msg\n'}
[0.602441] (ros2_interfaces) StdoutLine: {'line': b'-- Up-to-date: /home/sejong/Desktop/SH_ws/install/ros2_interfaces/include/ros2_interfaces/ros2_interfaces/msg/rosidl_typesupport_fastrtps_c__visibility_control.h\n'}
[0.602585] (ros2_interfaces) StdoutLine: {'line': b'-- Up-to-date: /home/sejong/Desktop/SH_ws/install/ros2_interfaces/include/ros2_interfaces/ros2_interfaces/msg/detail\n'}
[0.602727] (ros2_interfaces) StdoutLine: {'line': b'-- Up-to-date: /home/sejong/Desktop/SH_ws/install/ros2_interfaces/include/ros2_interfaces/ros2_interfaces/msg/detail/upper_body_command__rosidl_typesupport_fastrtps_c.h\n'}
[0.602871] (ros2_interfaces) StdoutLine: {'line': b'-- Up-to-date: /home/sejong/Desktop/SH_ws/install/ros2_interfaces/include/ros2_interfaces/ros2_interfaces/msg/detail/upper_body_system_state__rosidl_typesupport_fastrtps_c.h\n'}
[0.603024] (ros2_interfaces) StdoutLine: {'line': b'-- Up-to-date: /home/sejong/Desktop/SH_ws/install/ros2_interfaces/include/ros2_interfaces/ros2_interfaces/msg/detail/upper_motor_state__rosidl_typesupport_fastrtps_c.h\n'}
[0.603171] (ros2_interfaces) StdoutLine: {'line': b'-- Up-to-date: /home/sejong/Desktop/SH_ws/install/ros2_interfaces/lib/libros2_interfaces__rosidl_typesupport_fastrtps_c.so\n'}
[0.603313] (ros2_interfaces) StdoutLine: {'line': b'-- Up-to-date: /home/sejong/Desktop/SH_ws/install/ros2_interfaces/include/ros2_interfaces/ros2_interfaces\n'}
[0.603458] (ros2_interfaces) StdoutLine: {'line': b'-- Up-to-date: /home/sejong/Desktop/SH_ws/install/ros2_interfaces/include/ros2_interfaces/ros2_interfaces/srv\n'}
[0.603603] (ros2_interfaces) StdoutLine: {'line': b'-- Up-to-date: /home/sejong/Desktop/SH_ws/install/ros2_interfaces/include/ros2_interfaces/ros2_interfaces/srv/detail\n'}
[0.603746] (ros2_interfaces) StdoutLine: {'line': b'-- Up-to-date: /home/sejong/Desktop/SH_ws/install/ros2_interfaces/include/ros2_interfaces/ros2_interfaces/srv/detail/set_run_mode__rosidl_typesupport_introspection_c.h\n'}
[0.603892] (ros2_interfaces) StdoutLine: {'line': b'-- Up-to-date: /home/sejong/Desktop/SH_ws/install/ros2_interfaces/include/ros2_interfaces/ros2_interfaces/srv/detail/set_run_mode__type_support.c\n'}
[0.604036] (ros2_interfaces) StdoutLine: {'line': b'-- Up-to-date: /home/sejong/Desktop/SH_ws/install/ros2_interfaces/include/ros2_interfaces/ros2_interfaces/srv/detail/enable_motors__rosidl_typesupport_introspection_c.h\n'}
[0.604180] (ros2_interfaces) StdoutLine: {'line': b'-- Up-to-date: /home/sejong/Desktop/SH_ws/install/ros2_interfaces/include/ros2_interfaces/ros2_interfaces/srv/detail/simple_motor_result__rosidl_typesupport_introspection_c.h\n'}
[0.604323] (ros2_interfaces) StdoutLine: {'line': b'-- Up-to-date: /home/sejong/Desktop/SH_ws/install/ros2_interfaces/include/ros2_interfaces/ros2_interfaces/srv/detail/enable_motors__type_support.c\n'}
[0.604483] (ros2_interfaces) StdoutLine: {'line': b'-- Up-to-date: /home/sejong/Desktop/SH_ws/install/ros2_interfaces/include/ros2_interfaces/ros2_interfaces/srv/detail/simple_motor_result__type_support.c\n'}
[0.604631] (ros2_interfaces) StdoutLine: {'line': b'-- Up-to-date: /home/sejong/Desktop/SH_ws/install/ros2_interfaces/include/ros2_interfaces/ros2_interfaces/msg\n'}
[0.604775] (ros2_interfaces) StdoutLine: {'line': b'-- Up-to-date: /home/sejong/Desktop/SH_ws/install/ros2_interfaces/include/ros2_interfaces/ros2_interfaces/msg/rosidl_typesupport_introspection_c__visibility_control.h\n'}
[0.604929] (ros2_interfaces) StdoutLine: {'line': b'-- Up-to-date: /home/sejong/Desktop/SH_ws/install/ros2_interfaces/include/ros2_interfaces/ros2_interfaces/msg/detail\n'}
[0.605091] (ros2_interfaces) StdoutLine: {'line': b'-- Up-to-date: /home/sejong/Desktop/SH_ws/install/ros2_interfaces/include/ros2_interfaces/ros2_interfaces/msg/detail/upper_body_command__rosidl_typesupport_introspection_c.h\n'}
[0.605236] (ros2_interfaces) StdoutLine: {'line': b'-- Up-to-date: /home/sejong/Desktop/SH_ws/install/ros2_interfaces/include/ros2_interfaces/ros2_interfaces/msg/detail/upper_motor_state__type_support.c\n'}
[0.605381] (ros2_interfaces) StdoutLine: {'line': b'-- Up-to-date: /home/sejong/Desktop/SH_ws/install/ros2_interfaces/include/ros2_interfaces/ros2_interfaces/msg/detail/upper_body_system_state__rosidl_typesupport_introspection_c.h\n'}
[0.605523] (ros2_interfaces) StdoutLine: {'line': b'-- Up-to-date: /home/sejong/Desktop/SH_ws/install/ros2_interfaces/include/ros2_interfaces/ros2_interfaces/msg/detail/upper_body_system_state__type_support.c\n'}
[0.605663] (ros2_interfaces) StdoutLine: {'line': b'-- Up-to-date: /home/sejong/Desktop/SH_ws/install/ros2_interfaces/include/ros2_interfaces/ros2_interfaces/msg/detail/upper_motor_state__rosidl_typesupport_introspection_c.h\n'}
[0.605804] (ros2_interfaces) StdoutLine: {'line': b'-- Up-to-date: /home/sejong/Desktop/SH_ws/install/ros2_interfaces/include/ros2_interfaces/ros2_interfaces/msg/detail/upper_body_command__type_support.c\n'}
[0.605947] (ros2_interfaces) StdoutLine: {'line': b'-- Up-to-date: /home/sejong/Desktop/SH_ws/install/ros2_interfaces/lib/libros2_interfaces__rosidl_typesupport_introspection_c.so\n'}
[0.606091] (ros2_interfaces) StdoutLine: {'line': b'-- Up-to-date: /home/sejong/Desktop/SH_ws/install/ros2_interfaces/lib/libros2_interfaces__rosidl_typesupport_c.so\n'}
[0.606234] (ros2_interfaces) StdoutLine: {'line': b'-- Up-to-date: /home/sejong/Desktop/SH_ws/install/ros2_interfaces/include/ros2_interfaces/ros2_interfaces\n'}
[0.606374] (ros2_interfaces) StdoutLine: {'line': b'-- Up-to-date: /home/sejong/Desktop/SH_ws/install/ros2_interfaces/include/ros2_interfaces/ros2_interfaces/srv\n'}
[0.606514] (ros2_interfaces) StdoutLine: {'line': b'-- Up-to-date: /home/sejong/Desktop/SH_ws/install/ros2_interfaces/include/ros2_interfaces/ros2_interfaces/srv/set_run_mode.hpp\n'}
[0.606653] (ros2_interfaces) StdoutLine: {'line': b'-- Up-to-date: /home/sejong/Desktop/SH_ws/install/ros2_interfaces/include/ros2_interfaces/ros2_interfaces/srv/detail\n'}
[0.606795] (ros2_interfaces) StdoutLine: {'line': b'-- Up-to-date: /home/sejong/Desktop/SH_ws/install/ros2_interfaces/include/ros2_interfaces/ros2_interfaces/srv/detail/enable_motors__traits.hpp\n'}
[0.606949] (ros2_interfaces) StdoutLine: {'line': b'-- Up-to-date: /home/sejong/Desktop/SH_ws/install/ros2_interfaces/include/ros2_interfaces/ros2_interfaces/srv/detail/simple_motor_result__traits.hpp\n'}
[0.607097] (ros2_interfaces) StdoutLine: {'line': b'-- Up-to-date: /home/sejong/Desktop/SH_ws/install/ros2_interfaces/include/ros2_interfaces/ros2_interfaces/srv/detail/set_run_mode__traits.hpp\n'}
[0.607241] (ros2_interfaces) StdoutLine: {'line': b'-- Up-to-date: /home/sejong/Desktop/SH_ws/install/ros2_interfaces/include/ros2_interfaces/ros2_interfaces/srv/detail/set_run_mode__struct.hpp\n'}
[0.607388] (ros2_interfaces) StdoutLine: {'line': b'-- Up-to-date: /home/sejong/Desktop/SH_ws/install/ros2_interfaces/include/ros2_interfaces/ros2_interfaces/srv/detail/simple_motor_result__struct.hpp\n'}
[0.607532] (ros2_interfaces) StdoutLine: {'line': b'-- Up-to-date: /home/sejong/Desktop/SH_ws/install/ros2_interfaces/include/ros2_interfaces/ros2_interfaces/srv/detail/set_run_mode__builder.hpp\n'}
[0.607677] (ros2_interfaces) StdoutLine: {'line': b'-- Up-to-date: /home/sejong/Desktop/SH_ws/install/ros2_interfaces/include/ros2_interfaces/ros2_interfaces/srv/detail/enable_motors__type_support.hpp\n'}
[0.607821] (ros2_interfaces) StdoutLine: {'line': b'-- Up-to-date: /home/sejong/Desktop/SH_ws/install/ros2_interfaces/include/ros2_interfaces/ros2_interfaces/srv/detail/enable_motors__builder.hpp\n'}
[0.607972] (ros2_interfaces) StdoutLine: {'line': b'-- Up-to-date: /home/sejong/Desktop/SH_ws/install/ros2_interfaces/include/ros2_interfaces/ros2_interfaces/srv/detail/set_run_mode__type_support.hpp\n'}
[0.608115] (ros2_interfaces) StdoutLine: {'line': b'-- Up-to-date: /home/sejong/Desktop/SH_ws/install/ros2_interfaces/include/ros2_interfaces/ros2_interfaces/srv/detail/enable_motors__struct.hpp\n'}
[0.608259] (ros2_interfaces) StdoutLine: {'line': b'-- Up-to-date: /home/sejong/Desktop/SH_ws/install/ros2_interfaces/include/ros2_interfaces/ros2_interfaces/srv/detail/simple_motor_result__builder.hpp\n'}
[0.608400] (ros2_interfaces) StdoutLine: {'line': b'-- Up-to-date: /home/sejong/Desktop/SH_ws/install/ros2_interfaces/include/ros2_interfaces/ros2_interfaces/srv/detail/simple_motor_result__type_support.hpp\n'}
[0.608556] (ros2_interfaces) StdoutLine: {'line': b'-- Up-to-date: /home/sejong/Desktop/SH_ws/install/ros2_interfaces/include/ros2_interfaces/ros2_interfaces/srv/enable_motors.hpp\n'}
[0.608700] (ros2_interfaces) StdoutLine: {'line': b'-- Up-to-date: /home/sejong/Desktop/SH_ws/install/ros2_interfaces/include/ros2_interfaces/ros2_interfaces/srv/simple_motor_result.hpp\n'}
[0.608842] (ros2_interfaces) StdoutLine: {'line': b'-- Up-to-date: /home/sejong/Desktop/SH_ws/install/ros2_interfaces/include/ros2_interfaces/ros2_interfaces/msg\n'}
[0.608994] (ros2_interfaces) StdoutLine: {'line': b'-- Up-to-date: /home/sejong/Desktop/SH_ws/install/ros2_interfaces/include/ros2_interfaces/ros2_interfaces/msg/upper_body_system_state.hpp\n'}
[0.609149] (ros2_interfaces) StdoutLine: {'line': b'-- Up-to-date: /home/sejong/Desktop/SH_ws/install/ros2_interfaces/include/ros2_interfaces/ros2_interfaces/msg/rosidl_generator_cpp__visibility_control.hpp\n'}
[0.609298] (ros2_interfaces) StdoutLine: {'line': b'-- Up-to-date: /home/sejong/Desktop/SH_ws/install/ros2_interfaces/include/ros2_interfaces/ros2_interfaces/msg/detail\n'}
[0.609445] (ros2_interfaces) StdoutLine: {'line': b'-- Up-to-date: /home/sejong/Desktop/SH_ws/install/ros2_interfaces/include/ros2_interfaces/ros2_interfaces/msg/detail/upper_motor_state__type_support.hpp\n'}
[0.609592] (ros2_interfaces) StdoutLine: {'line': b'-- Up-to-date: /home/sejong/Desktop/SH_ws/install/ros2_interfaces/include/ros2_interfaces/ros2_interfaces/msg/detail/upper_body_system_state__traits.hpp\n'}
[0.609746] (ros2_interfaces) StdoutLine: {'line': b'-- Up-to-date: /home/sejong/Desktop/SH_ws/install/ros2_interfaces/include/ros2_interfaces/ros2_interfaces/msg/detail/upper_body_command__traits.hpp\n'}
[0.609895] (ros2_interfaces) StdoutLine: {'line': b'-- Up-to-date: /home/sejong/Desktop/SH_ws/install/ros2_interfaces/include/ros2_interfaces/ros2_interfaces/msg/detail/upper_body_system_state__builder.hpp\n'}
[0.610042] (ros2_interfaces) StdoutLine: {'line': b'-- Up-to-date: /home/sejong/Desktop/SH_ws/install/ros2_interfaces/include/ros2_interfaces/ros2_interfaces/msg/detail/upper_body_command__struct.hpp\n'}
[0.610187] (ros2_interfaces) StdoutLine: {'line': b'-- Up-to-date: /home/sejong/Desktop/SH_ws/install/ros2_interfaces/include/ros2_interfaces/ros2_interfaces/msg/detail/upper_motor_state__builder.hpp\n'}
[0.610330] (ros2_interfaces) StdoutLine: {'line': b'-- Up-to-date: /home/sejong/Desktop/SH_ws/install/ros2_interfaces/include/ros2_interfaces/ros2_interfaces/msg/detail/upper_motor_state__traits.hpp\n'}
[0.610473] (ros2_interfaces) StdoutLine: {'line': b'-- Up-to-date: /home/sejong/Desktop/SH_ws/install/ros2_interfaces/include/ros2_interfaces/ros2_interfaces/msg/detail/upper_body_command__builder.hpp\n'}
[0.610614] (ros2_interfaces) StdoutLine: {'line': b'-- Up-to-date: /home/sejong/Desktop/SH_ws/install/ros2_interfaces/include/ros2_interfaces/ros2_interfaces/msg/detail/upper_body_system_state__type_support.hpp\n'}
[0.610763] (ros2_interfaces) StdoutLine: {'line': b'-- Up-to-date: /home/sejong/Desktop/SH_ws/install/ros2_interfaces/include/ros2_interfaces/ros2_interfaces/msg/detail/upper_body_command__type_support.hpp\n'}
[0.610912] (ros2_interfaces) StdoutLine: {'line': b'-- Up-to-date: /home/sejong/Desktop/SH_ws/install/ros2_interfaces/include/ros2_interfaces/ros2_interfaces/msg/detail/upper_motor_state__struct.hpp\n'}
[0.611055] (ros2_interfaces) StdoutLine: {'line': b'-- Up-to-date: /home/sejong/Desktop/SH_ws/install/ros2_interfaces/include/ros2_interfaces/ros2_interfaces/msg/detail/upper_body_system_state__struct.hpp\n'}
[0.611200] (ros2_interfaces) StdoutLine: {'line': b'-- Up-to-date: /home/sejong/Desktop/SH_ws/install/ros2_interfaces/include/ros2_interfaces/ros2_interfaces/msg/upper_motor_state.hpp\n'}
[0.611343] (ros2_interfaces) StdoutLine: {'line': b'-- Up-to-date: /home/sejong/Desktop/SH_ws/install/ros2_interfaces/include/ros2_interfaces/ros2_interfaces/msg/upper_body_command.hpp\n'}
[0.611488] (ros2_interfaces) StdoutLine: {'line': b'-- Up-to-date: /home/sejong/Desktop/SH_ws/install/ros2_interfaces/include/ros2_interfaces/ros2_interfaces\n'}
[0.611632] (ros2_interfaces) StdoutLine: {'line': b'-- Up-to-date: /home/sejong/Desktop/SH_ws/install/ros2_interfaces/include/ros2_interfaces/ros2_interfaces/srv\n'}
[0.611775] (ros2_interfaces) StdoutLine: {'line': b'-- Up-to-date: /home/sejong/Desktop/SH_ws/install/ros2_interfaces/include/ros2_interfaces/ros2_interfaces/srv/detail\n'}
[0.611918] (ros2_interfaces) StdoutLine: {'line': b'-- Up-to-date: /home/sejong/Desktop/SH_ws/install/ros2_interfaces/include/ros2_interfaces/ros2_interfaces/srv/detail/set_run_mode__rosidl_typesupport_fastrtps_cpp.hpp\n'}
[0.612063] (ros2_interfaces) StdoutLine: {'line': b'-- Up-to-date: /home/sejong/Desktop/SH_ws/install/ros2_interfaces/include/ros2_interfaces/ros2_interfaces/srv/detail/dds_fastrtps\n'}
[0.612205] (ros2_interfaces) StdoutLine: {'line': b'-- Up-to-date: /home/sejong/Desktop/SH_ws/install/ros2_interfaces/include/ros2_interfaces/ros2_interfaces/srv/detail/simple_motor_result__rosidl_typesupport_fastrtps_cpp.hpp\n'}
[0.612347] (ros2_interfaces) StdoutLine: {'line': b'-- Up-to-date: /home/sejong/Desktop/SH_ws/install/ros2_interfaces/include/ros2_interfaces/ros2_interfaces/srv/detail/enable_motors__rosidl_typesupport_fastrtps_cpp.hpp\n'}
[0.612489] (ros2_interfaces) StdoutLine: {'line': b'-- Up-to-date: /home/sejong/Desktop/SH_ws/install/ros2_interfaces/include/ros2_interfaces/ros2_interfaces/msg\n'}
[0.612631] (ros2_interfaces) StdoutLine: {'line': b'-- Up-to-date: /home/sejong/Desktop/SH_ws/install/ros2_interfaces/include/ros2_interfaces/ros2_interfaces/msg/rosidl_typesupport_fastrtps_cpp__visibility_control.h\n'}
[0.612818] (ros2_interfaces) StdoutLine: {'line': b'-- Up-to-date: /home/sejong/Desktop/SH_ws/install/ros2_interfaces/include/ros2_interfaces/ros2_interfaces/msg/detail\n'}
[0.612961] (ros2_interfaces) StdoutLine: {'line': b'-- Up-to-date: /home/sejong/Desktop/SH_ws/install/ros2_interfaces/include/ros2_interfaces/ros2_interfaces/msg/detail/upper_body_system_state__rosidl_typesupport_fastrtps_cpp.hpp\n'}
[0.613143] (ros2_interfaces) StdoutLine: {'line': b'-- Up-to-date: /home/sejong/Desktop/SH_ws/install/ros2_interfaces/include/ros2_interfaces/ros2_interfaces/msg/detail/dds_fastrtps\n'}
[0.613288] (ros2_interfaces) StdoutLine: {'line': b'-- Up-to-date: /home/sejong/Desktop/SH_ws/install/ros2_interfaces/include/ros2_interfaces/ros2_interfaces/msg/detail/upper_body_command__rosidl_typesupport_fastrtps_cpp.hpp\n'}
[0.613432] (ros2_interfaces) StdoutLine: {'line': b'-- Up-to-date: /home/sejong/Desktop/SH_ws/install/ros2_interfaces/include/ros2_interfaces/ros2_interfaces/msg/detail/upper_motor_state__rosidl_typesupport_fastrtps_cpp.hpp\n'}
[0.613573] (ros2_interfaces) StdoutLine: {'line': b'-- Up-to-date: /home/sejong/Desktop/SH_ws/install/ros2_interfaces/lib/libros2_interfaces__rosidl_typesupport_fastrtps_cpp.so\n'}
[0.613716] (ros2_interfaces) StdoutLine: {'line': b'-- Up-to-date: /home/sejong/Desktop/SH_ws/install/ros2_interfaces/include/ros2_interfaces/ros2_interfaces\n'}
[0.613860] (ros2_interfaces) StdoutLine: {'line': b'-- Up-to-date: /home/sejong/Desktop/SH_ws/install/ros2_interfaces/include/ros2_interfaces/ros2_interfaces/srv\n'}
[0.614012] (ros2_interfaces) StdoutLine: {'line': b'-- Up-to-date: /home/sejong/Desktop/SH_ws/install/ros2_interfaces/include/ros2_interfaces/ros2_interfaces/srv/detail\n'}
[0.614154] (ros2_interfaces) StdoutLine: {'line': b'-- Up-to-date: /home/sejong/Desktop/SH_ws/install/ros2_interfaces/include/ros2_interfaces/ros2_interfaces/srv/detail/simple_motor_result__rosidl_typesupport_introspection_cpp.hpp\n'}
[0.614297] (ros2_interfaces) StdoutLine: {'line': b'-- Up-to-date: /home/sejong/Desktop/SH_ws/install/ros2_interfaces/include/ros2_interfaces/ros2_interfaces/srv/detail/enable_motors__rosidl_typesupport_introspection_cpp.hpp\n'}
[0.614439] (ros2_interfaces) StdoutLine: {'line': b'-- Up-to-date: /home/sejong/Desktop/SH_ws/install/ros2_interfaces/include/ros2_interfaces/ros2_interfaces/srv/detail/set_run_mode__type_support.cpp\n'}
[0.614581] (ros2_interfaces) StdoutLine: {'line': b'-- Up-to-date: /home/sejong/Desktop/SH_ws/install/ros2_interfaces/include/ros2_interfaces/ros2_interfaces/srv/detail/set_run_mode__rosidl_typesupport_introspection_cpp.hpp\n'}
[0.614730] (ros2_interfaces) StdoutLine: {'line': b'-- Up-to-date: /home/sejong/Desktop/SH_ws/install/ros2_interfaces/include/ros2_interfaces/ros2_interfaces/srv/detail/enable_motors__type_support.cpp\n'}
[0.614874] (ros2_interfaces) StdoutLine: {'line': b'-- Up-to-date: /home/sejong/Desktop/SH_ws/install/ros2_interfaces/include/ros2_interfaces/ros2_interfaces/srv/detail/simple_motor_result__type_support.cpp\n'}
[0.615024] (ros2_interfaces) StdoutLine: {'line': b'-- Up-to-date: /home/sejong/Desktop/SH_ws/install/ros2_interfaces/include/ros2_interfaces/ros2_interfaces/msg\n'}
[0.615168] (ros2_interfaces) StdoutLine: {'line': b'-- Up-to-date: /home/sejong/Desktop/SH_ws/install/ros2_interfaces/include/ros2_interfaces/ros2_interfaces/msg/detail\n'}
[0.615308] (ros2_interfaces) StdoutLine: {'line': b'-- Up-to-date: /home/sejong/Desktop/SH_ws/install/ros2_interfaces/include/ros2_interfaces/ros2_interfaces/msg/detail/upper_body_command__rosidl_typesupport_introspection_cpp.hpp\n'}
[0.615452] (ros2_interfaces) StdoutLine: {'line': b'-- Up-to-date: /home/sejong/Desktop/SH_ws/install/ros2_interfaces/include/ros2_interfaces/ros2_interfaces/msg/detail/upper_motor_state__rosidl_typesupport_introspection_cpp.hpp\n'}
[0.615598] (ros2_interfaces) StdoutLine: {'line': b'-- Up-to-date: /home/sejong/Desktop/SH_ws/install/ros2_interfaces/include/ros2_interfaces/ros2_interfaces/msg/detail/upper_motor_state__type_support.cpp\n'}
[0.615741] (ros2_interfaces) StdoutLine: {'line': b'-- Up-to-date: /home/sejong/Desktop/SH_ws/install/ros2_interfaces/include/ros2_interfaces/ros2_interfaces/msg/detail/upper_body_command__type_support.cpp\n'}
[0.615880] (ros2_interfaces) StdoutLine: {'line': b'-- Up-to-date: /home/sejong/Desktop/SH_ws/install/ros2_interfaces/include/ros2_interfaces/ros2_interfaces/msg/detail/upper_body_system_state__rosidl_typesupport_introspection_cpp.hpp\n'}
[0.616028] (ros2_interfaces) StdoutLine: {'line': b'-- Up-to-date: /home/sejong/Desktop/SH_ws/install/ros2_interfaces/include/ros2_interfaces/ros2_interfaces/msg/detail/upper_body_system_state__type_support.cpp\n'}
[0.616172] (ros2_interfaces) StdoutLine: {'line': b'-- Up-to-date: /home/sejong/Desktop/SH_ws/install/ros2_interfaces/lib/libros2_interfaces__rosidl_typesupport_introspection_cpp.so\n'}
[0.616316] (ros2_interfaces) StdoutLine: {'line': b'-- Up-to-date: /home/sejong/Desktop/SH_ws/install/ros2_interfaces/lib/libros2_interfaces__rosidl_typesupport_cpp.so\n'}
[0.616460] (ros2_interfaces) StdoutLine: {'line': b'-- Up-to-date: /home/sejong/Desktop/SH_ws/install/ros2_interfaces/share/ros2_interfaces/environment/pythonpath.sh\n'}
[0.616603] (ros2_interfaces) StdoutLine: {'line': b'-- Up-to-date: /home/sejong/Desktop/SH_ws/install/ros2_interfaces/share/ros2_interfaces/environment/pythonpath.dsv\n'}
[0.616744] (ros2_interfaces) StdoutLine: {'line': b'-- Up-to-date: /home/sejong/Desktop/SH_ws/install/ros2_interfaces/lib/python3.12/site-packages/ros2_interfaces-0.0.1-py3.12.egg-info\n'}
[0.616889] (ros2_interfaces) StdoutLine: {'line': b'-- Installing: /home/sejong/Desktop/SH_ws/install/ros2_interfaces/lib/python3.12/site-packages/ros2_interfaces-0.0.1-py3.12.egg-info/dependency_links.txt\n'}
[0.617084] (ros2_interfaces) StdoutLine: {'line': b'-- Installing: /home/sejong/Desktop/SH_ws/install/ros2_interfaces/lib/python3.12/site-packages/ros2_interfaces-0.0.1-py3.12.egg-info/top_level.txt\n'}
[0.617234] (ros2_interfaces) StdoutLine: {'line': b'-- Installing: /home/sejong/Desktop/SH_ws/install/ros2_interfaces/lib/python3.12/site-packages/ros2_interfaces-0.0.1-py3.12.egg-info/SOURCES.txt\n'}
[0.617378] (ros2_interfaces) StdoutLine: {'line': b'-- Installing: /home/sejong/Desktop/SH_ws/install/ros2_interfaces/lib/python3.12/site-packages/ros2_interfaces-0.0.1-py3.12.egg-info/PKG-INFO\n'}
[0.617521] (ros2_interfaces) StdoutLine: {'line': b'-- Up-to-date: /home/sejong/Desktop/SH_ws/install/ros2_interfaces/lib/python3.12/site-packages/ros2_interfaces\n'}
[0.617665] (ros2_interfaces) StdoutLine: {'line': b'-- Up-to-date: /home/sejong/Desktop/SH_ws/install/ros2_interfaces/lib/python3.12/site-packages/ros2_interfaces/__init__.py\n'}
[0.617810] (ros2_interfaces) StdoutLine: {'line': b'-- Up-to-date: /home/sejong/Desktop/SH_ws/install/ros2_interfaces/lib/python3.12/site-packages/ros2_interfaces/_ros2_interfaces_s.ep.rosidl_typesupport_introspection_c.c\n'}
[0.617954] (ros2_interfaces) StdoutLine: {'line': b'-- Up-to-date: /home/sejong/Desktop/SH_ws/install/ros2_interfaces/lib/python3.12/site-packages/ros2_interfaces/srv\n'}
[0.618096] (ros2_interfaces) StdoutLine: {'line': b'-- Up-to-date: /home/sejong/Desktop/SH_ws/install/ros2_interfaces/lib/python3.12/site-packages/ros2_interfaces/srv/__init__.py\n'}
[0.618241] (ros2_interfaces) StdoutLine: {'line': b'-- Up-to-date: /home/sejong/Desktop/SH_ws/install/ros2_interfaces/lib/python3.12/site-packages/ros2_interfaces/srv/_set_run_mode_s.c\n'}
[0.618384] (ros2_interfaces) StdoutLine: {'line': b'-- Up-to-date: /home/sejong/Desktop/SH_ws/install/ros2_interfaces/lib/python3.12/site-packages/ros2_interfaces/srv/_enable_motors_s.c\n'}
[0.618526] (ros2_interfaces) StdoutLine: {'line': b'-- Up-to-date: /home/sejong/Desktop/SH_ws/install/ros2_interfaces/lib/python3.12/site-packages/ros2_interfaces/srv/_enable_motors.py\n'}
[0.618670] (ros2_interfaces) StdoutLine: {'line': b'-- Up-to-date: /home/sejong/Desktop/SH_ws/install/ros2_interfaces/lib/python3.12/site-packages/ros2_interfaces/srv/_simple_motor_result_s.c\n'}
[0.618819] (ros2_interfaces) StdoutLine: {'line': b'-- Up-to-date: /home/sejong/Desktop/SH_ws/install/ros2_interfaces/lib/python3.12/site-packages/ros2_interfaces/srv/_set_run_mode.py\n'}
[0.618964] (ros2_interfaces) StdoutLine: {'line': b'-- Up-to-date: /home/sejong/Desktop/SH_ws/install/ros2_interfaces/lib/python3.12/site-packages/ros2_interfaces/srv/_simple_motor_result.py\n'}
[0.619126] (ros2_interfaces) StdoutLine: {'line': b'-- Up-to-date: /home/sejong/Desktop/SH_ws/install/ros2_interfaces/lib/python3.12/site-packages/ros2_interfaces/_ros2_interfaces_s.ep.rosidl_typesupport_fastrtps_c.c\n'}
[0.619269] (ros2_interfaces) StdoutLine: {'line': b'-- Up-to-date: /home/sejong/Desktop/SH_ws/install/ros2_interfaces/lib/python3.12/site-packages/ros2_interfaces/ros2_interfaces_s__rosidl_typesupport_introspection_c.so\n'}
[0.619415] (ros2_interfaces) StdoutLine: {'line': b'-- Up-to-date: /home/sejong/Desktop/SH_ws/install/ros2_interfaces/lib/python3.12/site-packages/ros2_interfaces/msg\n'}
[0.619555] (ros2_interfaces) StdoutLine: {'line': b'-- Up-to-date: /home/sejong/Desktop/SH_ws/install/ros2_interfaces/lib/python3.12/site-packages/ros2_interfaces/msg/_upper_body_command.py\n'}
[0.619712] (ros2_interfaces) StdoutLine: {'line': b'-- Up-to-date: /home/sejong/Desktop/SH_ws/install/ros2_interfaces/lib/python3.12/site-packages/ros2_interfaces/msg/__init__.py\n'}
[0.619857] (ros2_interfaces) StdoutLine: {'line': b'-- Up-to-date: /home/sejong/Desktop/SH_ws/install/ros2_interfaces/lib/python3.12/site-packages/ros2_interfaces/msg/_upper_body_system_state.py\n'}
[0.619998] (ros2_interfaces) StdoutLine: {'line': b'-- Up-to-date: /home/sejong/Desktop/SH_ws/install/ros2_interfaces/lib/python3.12/site-packages/ros2_interfaces/msg/_upper_motor_state.py\n'}
[0.620148] (ros2_interfaces) StdoutLine: {'line': b'-- Up-to-date: /home/sejong/Desktop/SH_ws/install/ros2_interfaces/lib/python3.12/site-packages/ros2_interfaces/msg/_upper_body_system_state_s.c\n'}
[0.620290] (ros2_interfaces) StdoutLine: {'line': b'-- Up-to-date: /home/sejong/Desktop/SH_ws/install/ros2_interfaces/lib/python3.12/site-packages/ros2_interfaces/msg/_upper_motor_state_s.c\n'}
[0.620434] (ros2_interfaces) StdoutLine: {'line': b'-- Up-to-date: /home/sejong/Desktop/SH_ws/install/ros2_interfaces/lib/python3.12/site-packages/ros2_interfaces/msg/_upper_body_command_s.c\n'}
[0.620575] (ros2_interfaces) StdoutLine: {'line': b'-- Up-to-date: /home/sejong/Desktop/SH_ws/install/ros2_interfaces/lib/python3.12/site-packages/ros2_interfaces/_ros2_interfaces_s.ep.rosidl_typesupport_c.c\n'}
[0.620720] (ros2_interfaces) StdoutLine: {'line': b'-- Up-to-date: /home/sejong/Desktop/SH_ws/install/ros2_interfaces/lib/python3.12/site-packages/ros2_interfaces/ros2_interfaces_s__rosidl_typesupport_fastrtps_c.so\n'}
[0.620863] (ros2_interfaces) StdoutLine: {'line': b'-- Up-to-date: /home/sejong/Desktop/SH_ws/install/ros2_interfaces/lib/python3.12/site-packages/ros2_interfaces/ros2_interfaces_s__rosidl_typesupport_c.so\n'}
[0.621040] (ros2_interfaces) StdoutLine: {'line': b"Listing '/home/sejong/Desktop/SH_ws/install/ros2_interfaces/lib/python3.12/site-packages/ros2_interfaces'...\n"}
[0.621186] (ros2_interfaces) StdoutLine: {'line': b"Listing '/home/sejong/Desktop/SH_ws/install/ros2_interfaces/lib/python3.12/site-packages/ros2_interfaces/msg'...\n"}
[0.621338] (ros2_interfaces) StdoutLine: {'line': b"Listing '/home/sejong/Desktop/SH_ws/install/ros2_interfaces/lib/python3.12/site-packages/ros2_interfaces/srv'...\n"}
[0.627515] (ros2_interfaces) StdoutLine: {'line': b'-- Up-to-date: /home/sejong/Desktop/SH_ws/install/ros2_interfaces/lib/python3.12/site-packages/ros2_interfaces/ros2_interfaces_s__rosidl_typesupport_fastrtps_c.so\n'}
[0.627893] (ros2_interfaces) StdoutLine: {'line': b'-- Up-to-date: /home/sejong/Desktop/SH_ws/install/ros2_interfaces/lib/python3.12/site-packages/ros2_interfaces/ros2_interfaces_s__rosidl_typesupport_introspection_c.so\n'}
[0.628214] (ros2_interfaces) StdoutLine: {'line': b'-- Up-to-date: /home/sejong/Desktop/SH_ws/install/ros2_interfaces/lib/python3.12/site-packages/ros2_interfaces/ros2_interfaces_s__rosidl_typesupport_c.so\n'}
[0.628534] (ros2_interfaces) StdoutLine: {'line': b'-- Up-to-date: /home/sejong/Desktop/SH_ws/install/ros2_interfaces/lib/libros2_interfaces__rosidl_generator_py.so\n'}
[0.628739] (ros2_interfaces) StdoutLine: {'line': b'-- Up-to-date: /home/sejong/Desktop/SH_ws/install/ros2_interfaces/share/ament_index/resource_index/rust_packages/ros2_interfaces\n'}
[0.628890] (ros2_interfaces) StdoutLine: {'line': b'-- Up-to-date: /home/sejong/Desktop/SH_ws/install/ros2_interfaces/share/ros2_interfaces/rust\n'}
[0.629069] (ros2_interfaces) StdoutLine: {'line': b'-- Up-to-date: /home/sejong/Desktop/SH_ws/install/ros2_interfaces/share/ros2_interfaces/rust/src\n'}
[0.629238] (ros2_interfaces) StdoutLine: {'line': b'-- Up-to-date: /home/sejong/Desktop/SH_ws/install/ros2_interfaces/share/ros2_interfaces/rust/src/lib.rs\n'}
[0.629390] (ros2_interfaces) StdoutLine: {'line': b'-- Up-to-date: /home/sejong/Desktop/SH_ws/install/ros2_interfaces/share/ros2_interfaces/rust/src/srv\n'}
[0.629553] (ros2_interfaces) StdoutLine: {'line': b'-- Up-to-date: /home/sejong/Desktop/SH_ws/install/ros2_interfaces/share/ros2_interfaces/rust/src/srv/rmw.rs\n'}
[0.629717] (ros2_interfaces) StdoutLine: {'line': b'-- Up-to-date: /home/sejong/Desktop/SH_ws/install/ros2_interfaces/share/ros2_interfaces/rust/src/srv.rs\n'}
[0.629875] (ros2_interfaces) StdoutLine: {'line': b'-- Up-to-date: /home/sejong/Desktop/SH_ws/install/ros2_interfaces/share/ros2_interfaces/rust/src/msg\n'}
[0.630043] (ros2_interfaces) StdoutLine: {'line': b'-- Up-to-date: /home/sejong/Desktop/SH_ws/install/ros2_interfaces/share/ros2_interfaces/rust/src/msg/rmw.rs\n'}
[0.630213] (ros2_interfaces) StdoutLine: {'line': b'-- Up-to-date: /home/sejong/Desktop/SH_ws/install/ros2_interfaces/share/ros2_interfaces/rust/src/msg.rs\n'}
[0.630366] (ros2_interfaces) StdoutLine: {'line': b'-- Up-to-date: /home/sejong/Desktop/SH_ws/install/ros2_interfaces/share/ros2_interfaces/rust/build.rs\n'}
[0.630520] (ros2_interfaces) StdoutLine: {'line': b'-- Up-to-date: /home/sejong/Desktop/SH_ws/install/ros2_interfaces/share/ros2_interfaces/rust/Cargo.toml\n'}
[0.630658] (ros2_interfaces) StdoutLine: {'line': b'-- Up-to-date: /home/sejong/Desktop/SH_ws/install/ros2_interfaces/share/ros2_interfaces/msg/UpperBodyCommand.idl\n'}
[0.630799] (ros2_interfaces) StdoutLine: {'line': b'-- Up-to-date: /home/sejong/Desktop/SH_ws/install/ros2_interfaces/share/ros2_interfaces/msg/UpperBodySystemState.idl\n'}
[0.630942] (ros2_interfaces) StdoutLine: {'line': b'-- Up-to-date: /home/sejong/Desktop/SH_ws/install/ros2_interfaces/share/ros2_interfaces/msg/UpperMotorState.idl\n'}
[0.631084] (ros2_interfaces) StdoutLine: {'line': b'-- Up-to-date: /home/sejong/Desktop/SH_ws/install/ros2_interfaces/share/ros2_interfaces/srv/EnableMotors.idl\n'}
[0.631239] (ros2_interfaces) StdoutLine: {'line': b'-- Up-to-date: /home/sejong/Desktop/SH_ws/install/ros2_interfaces/share/ros2_interfaces/srv/SetRunMode.idl\n'}
[0.631400] (ros2_interfaces) StdoutLine: {'line': b'-- Up-to-date: /home/sejong/Desktop/SH_ws/install/ros2_interfaces/share/ros2_interfaces/srv/SimpleMotorResult.idl\n'}
[0.631548] (ros2_interfaces) StdoutLine: {'line': b'-- Up-to-date: /home/sejong/Desktop/SH_ws/install/ros2_interfaces/share/ros2_interfaces/msg/UpperBodyCommand.msg\n'}
[0.631695] (ros2_interfaces) StdoutLine: {'line': b'-- Up-to-date: /home/sejong/Desktop/SH_ws/install/ros2_interfaces/share/ros2_interfaces/msg/UpperBodySystemState.msg\n'}
[0.631846] (ros2_interfaces) StdoutLine: {'line': b'-- Up-to-date: /home/sejong/Desktop/SH_ws/install/ros2_interfaces/share/ros2_interfaces/msg/UpperMotorState.msg\n'}
[0.631992] (ros2_interfaces) StdoutLine: {'line': b'-- Up-to-date: /home/sejong/Desktop/SH_ws/install/ros2_interfaces/share/ros2_interfaces/srv/EnableMotors.srv\n'}
[0.632149] (ros2_interfaces) StdoutLine: {'line': b'-- Up-to-date: /home/sejong/Desktop/SH_ws/install/ros2_interfaces/share/ros2_interfaces/srv/SetRunMode.srv\n'}
[0.632294] (ros2_interfaces) StdoutLine: {'line': b'-- Up-to-date: /home/sejong/Desktop/SH_ws/install/ros2_interfaces/share/ros2_interfaces/srv/SimpleMotorResult.srv\n'}
[0.632446] (ros2_interfaces) StdoutLine: {'line': b'-- Up-to-date: /home/sejong/Desktop/SH_ws/install/ros2_interfaces/share/ament_index/resource_index/package_run_dependencies/ros2_interfaces\n'}
[0.632596] (ros2_interfaces) StdoutLine: {'line': b'-- Up-to-date: /home/sejong/Desktop/SH_ws/install/ros2_interfaces/share/ament_index/resource_index/parent_prefix_path/ros2_interfaces\n'}
[0.632747] (ros2_interfaces) StdoutLine: {'line': b'-- Up-to-date: /home/sejong/Desktop/SH_ws/install/ros2_interfaces/share/ros2_interfaces/environment/ament_prefix_path.sh\n'}
[0.632895] (ros2_interfaces) StdoutLine: {'line': b'-- Up-to-date: /home/sejong/Desktop/SH_ws/install/ros2_interfaces/share/ros2_interfaces/environment/ament_prefix_path.dsv\n'}
[0.633080] (ros2_interfaces) StdoutLine: {'line': b'-- Up-to-date: /home/sejong/Desktop/SH_ws/install/ros2_interfaces/share/ros2_interfaces/environment/path.sh\n'}
[0.633229] (ros2_interfaces) StdoutLine: {'line': b'-- Up-to-date: /home/sejong/Desktop/SH_ws/install/ros2_interfaces/share/ros2_interfaces/environment/path.dsv\n'}
[0.633368] (ros2_interfaces) StdoutLine: {'line': b'-- Up-to-date: /home/sejong/Desktop/SH_ws/install/ros2_interfaces/share/ros2_interfaces/local_setup.bash\n'}
[0.633525] (ros2_interfaces) StdoutLine: {'line': b'-- Up-to-date: /home/sejong/Desktop/SH_ws/install/ros2_interfaces/share/ros2_interfaces/local_setup.sh\n'}
[0.633668] (ros2_interfaces) StdoutLine: {'line': b'-- Up-to-date: /home/sejong/Desktop/SH_ws/install/ros2_interfaces/share/ros2_interfaces/local_setup.zsh\n'}
[0.633818] (ros2_interfaces) StdoutLine: {'line': b'-- Up-to-date: /home/sejong/Desktop/SH_ws/install/ros2_interfaces/share/ros2_interfaces/local_setup.dsv\n'}
[0.633960] (ros2_interfaces) StdoutLine: {'line': b'-- Installing: /home/sejong/Desktop/SH_ws/install/ros2_interfaces/share/ros2_interfaces/package.dsv\n'}
[0.634102] (ros2_interfaces) StdoutLine: {'line': b'-- Up-to-date: /home/sejong/Desktop/SH_ws/install/ros2_interfaces/share/ament_index/resource_index/packages/ros2_interfaces\n'}
[0.634243] (ros2_interfaces) StdoutLine: {'line': b'-- Up-to-date: /home/sejong/Desktop/SH_ws/install/ros2_interfaces/share/ros2_interfaces/cmake/export_ros2_interfaces__rosidl_generator_cExport.cmake\n'}
[0.634384] (ros2_interfaces) StdoutLine: {'line': b'-- Up-to-date: /home/sejong/Desktop/SH_ws/install/ros2_interfaces/share/ros2_interfaces/cmake/export_ros2_interfaces__rosidl_generator_cExport-noconfig.cmake\n'}
[0.634525] (ros2_interfaces) StdoutLine: {'line': b'-- Up-to-date: /home/sejong/Desktop/SH_ws/install/ros2_interfaces/share/ros2_interfaces/cmake/export_ros2_interfaces__rosidl_typesupport_fastrtps_cExport.cmake\n'}
[0.634673] (ros2_interfaces) StdoutLine: {'line': b'-- Up-to-date: /home/sejong/Desktop/SH_ws/install/ros2_interfaces/share/ros2_interfaces/cmake/export_ros2_interfaces__rosidl_typesupport_fastrtps_cExport-noconfig.cmake\n'}
[0.634815] (ros2_interfaces) StdoutLine: {'line': b'-- Up-to-date: /home/sejong/Desktop/SH_ws/install/ros2_interfaces/share/ros2_interfaces/cmake/ros2_interfaces__rosidl_typesupport_introspection_cExport.cmake\n'}
[0.634954] (ros2_interfaces) StdoutLine: {'line': b'-- Up-to-date: /home/sejong/Desktop/SH_ws/install/ros2_interfaces/share/ros2_interfaces/cmake/ros2_interfaces__rosidl_typesupport_introspection_cExport-noconfig.cmake\n'}
[0.635094] (ros2_interfaces) StdoutLine: {'line': b'-- Up-to-date: /home/sejong/Desktop/SH_ws/install/ros2_interfaces/share/ros2_interfaces/cmake/ros2_interfaces__rosidl_typesupport_cExport.cmake\n'}
[0.635236] (ros2_interfaces) StdoutLine: {'line': b'-- Up-to-date: /home/sejong/Desktop/SH_ws/install/ros2_interfaces/share/ros2_interfaces/cmake/ros2_interfaces__rosidl_typesupport_cExport-noconfig.cmake\n'}
[0.635380] (ros2_interfaces) StdoutLine: {'line': b'-- Up-to-date: /home/sejong/Desktop/SH_ws/install/ros2_interfaces/share/ros2_interfaces/cmake/export_ros2_interfaces__rosidl_generator_cppExport.cmake\n'}
[0.635520] (ros2_interfaces) StdoutLine: {'line': b'-- Up-to-date: /home/sejong/Desktop/SH_ws/install/ros2_interfaces/share/ros2_interfaces/cmake/export_ros2_interfaces__rosidl_typesupport_fastrtps_cppExport.cmake\n'}
[0.635662] (ros2_interfaces) StdoutLine: {'line': b'-- Up-to-date: /home/sejong/Desktop/SH_ws/install/ros2_interfaces/share/ros2_interfaces/cmake/export_ros2_interfaces__rosidl_typesupport_fastrtps_cppExport-noconfig.cmake\n'}
[0.635802] (ros2_interfaces) StdoutLine: {'line': b'-- Up-to-date: /home/sejong/Desktop/SH_ws/install/ros2_interfaces/share/ros2_interfaces/cmake/ros2_interfaces__rosidl_typesupport_introspection_cppExport.cmake\n'}
[0.635944] (ros2_interfaces) StdoutLine: {'line': b'-- Up-to-date: /home/sejong/Desktop/SH_ws/install/ros2_interfaces/share/ros2_interfaces/cmake/ros2_interfaces__rosidl_typesupport_introspection_cppExport-noconfig.cmake\n'}
[0.636086] (ros2_interfaces) StdoutLine: {'line': b'-- Up-to-date: /home/sejong/Desktop/SH_ws/install/ros2_interfaces/share/ros2_interfaces/cmake/ros2_interfaces__rosidl_typesupport_cppExport.cmake\n'}
[0.636382] (ros2_interfaces) StdoutLine: {'line': b'-- Up-to-date: /home/sejong/Desktop/SH_ws/install/ros2_interfaces/share/ros2_interfaces/cmake/ros2_interfaces__rosidl_typesupport_cppExport-noconfig.cmake\n'}
[0.636608] (ros2_interfaces) StdoutLine: {'line': b'-- Up-to-date: /home/sejong/Desktop/SH_ws/install/ros2_interfaces/share/ros2_interfaces/cmake/export_ros2_interfaces__rosidl_generator_pyExport.cmake\n'}
[0.637060] (ros2_interfaces) StdoutLine: {'line': b'-- Up-to-date: /home/sejong/Desktop/SH_ws/install/ros2_interfaces/share/ros2_interfaces/cmake/export_ros2_interfaces__rosidl_generator_pyExport-noconfig.cmake\n'}
[0.637653] (ros2_interfaces) StdoutLine: {'line': b'-- Up-to-date: /home/sejong/Desktop/SH_ws/install/ros2_interfaces/share/ros2_interfaces/cmake/rosidl_cmake-extras.cmake\n'}
[0.637798] (ros2_interfaces) StdoutLine: {'line': b'-- Up-to-date: /home/sejong/Desktop/SH_ws/install/ros2_interfaces/share/ros2_interfaces/cmake/ament_cmake_export_dependencies-extras.cmake\n'}
[0.637956] (ros2_interfaces) StdoutLine: {'line': b'-- Up-to-date: /home/sejong/Desktop/SH_ws/install/ros2_interfaces/share/ros2_interfaces/cmake/ament_cmake_export_include_directories-extras.cmake\n'}
[0.638243] (ros2_interfaces) StdoutLine: {'line': b'-- Up-to-date: /home/sejong/Desktop/SH_ws/install/ros2_interfaces/share/ros2_interfaces/cmake/ament_cmake_export_libraries-extras.cmake\n'}
[0.638684] (ros2_interfaces) StdoutLine: {'line': b'-- Up-to-date: /home/sejong/Desktop/SH_ws/install/ros2_interfaces/share/ros2_interfaces/cmake/ament_cmake_export_targets-extras.cmake\n'}
[0.639628] (ros2_interfaces) StdoutLine: {'line': b'-- Up-to-date: /home/sejong/Desktop/SH_ws/install/ros2_interfaces/share/ros2_interfaces/cmake/rosidl_cmake_export_typesupport_targets-extras.cmake\n'}
[0.640052] (ros2_interfaces) StdoutLine: {'line': b'-- Up-to-date: /home/sejong/Desktop/SH_ws/install/ros2_interfaces/share/ros2_interfaces/cmake/rosidl_cmake_export_typesupport_libraries-extras.cmake\n'}
[0.640669] (ros2_interfaces) StdoutLine: {'line': b'-- Up-to-date: /home/sejong/Desktop/SH_ws/install/ros2_interfaces/share/ros2_interfaces/cmake/rosidl_cmake_aggregate_target-extras.cmake\n'}
[0.640956] (ros2_interfaces) StdoutLine: {'line': b'-- Up-to-date: /home/sejong/Desktop/SH_ws/install/ros2_interfaces/share/ros2_interfaces/cmake/ros2_interfacesConfig.cmake\n'}
[0.641377] (ros2_interfaces) StdoutLine: {'line': b'-- Up-to-date: /home/sejong/Desktop/SH_ws/install/ros2_interfaces/share/ros2_interfaces/cmake/ros2_interfacesConfig-version.cmake\n'}
[0.641661] (ros2_interfaces) StdoutLine: {'line': b'-- Up-to-date: /home/sejong/Desktop/SH_ws/install/ros2_interfaces/share/ros2_interfaces/package.xml\n'}
[0.642141] (ros2_interfaces) CommandEnded: {'returncode': 0}
[0.676760] (ros2_interfaces) JobEnded: {'identifier': 'ros2_interfaces', 'rc': 0}
[0.678107] (sh_motion_cpp) JobStarted: {'identifier': 'sh_motion_cpp'}
[0.689746] (sh_motion_cpp) JobProgress: {'identifier': 'sh_motion_cpp', 'progress': 'cmake'}
[0.690896] (sh_motion_cpp) JobProgress: {'identifier': 'sh_motion_cpp', 'progress': 'build'}
[0.691634] (sh_motion_cpp) Command: {'cmd': ['/usr/bin/cmake', '--build', '/home/sejong/Desktop/SH_ws/build/sh_motion_cpp', '--', '-j14', '-l14'], 'cwd': '/home/sejong/Desktop/SH_ws/build/sh_motion_cpp', 'env': OrderedDict({'LESSOPEN': '| /usr/bin/lesspipe %s', 'USER': 'sejong', 'GZ_CONFIG_PATH': '/opt/ros/jazzy/opt/sdformat_vendor/share/gz', 'ROS_PACKAGE_PATH': '/home/sejong/Desktop/SH_ws/install/ros2_interfaces/share', 'XDG_SESSION_TYPE': 'x11', 'CLUTTER_DISABLE_MIPMAPPED_TEXT': '1', 'SHLVL': '1', 'LD_LIBRARY_PATH': '/home/sejong/Desktop/SH_ws/install/ros2_interfaces/lib:/opt/ros/jazzy/opt/sdformat_vendor/lib:/opt/ros/jazzy/opt/rviz_ogre_vendor/lib:/opt/ros/jazzy/lib/aarch64-linux-gnu:/opt/ros/jazzy/opt/gz_math_vendor/lib:/opt/ros/jazzy/opt/gz_utils_vendor/lib:/opt/ros/jazzy/opt/gz_tools_vendor/lib:/opt/ros/jazzy/opt/gz_cmake_vendor/lib:/opt/ros/jazzy/lib:/usr/local/cuda-13.2/lib64', 'HOME': '/home/sejong', 'OLDPWD': '/home/sejong', 'DESKTOP_SESSION': 'ubuntu', 'ROS_PYTHON_VERSION': '3', 'GNOME_SHELL_SESSION_MODE': 'ubuntu', 'GTK_MODULES': 'gail:atk-bridge', 'SYSTEMD_EXEC_PID': '13162', 'GSM_SKIP_SSH_AGENT_WORKAROUND': 'true', 'DBUS_SESSION_BUS_ADDRESS': 'unix:path=/run/user/2001/bus', 'COLORTERM': 'truecolor', 'DEBUGINFOD_URLS': 'https://debuginfod.ubuntu.com', 'IM_CONFIG_PHASE': '1', 'COLCON_PREFIX_PATH': '/home/sejong/Desktop/SH_ws/install', 'ROS_DISTRO': 'jazzy', 'LOGNAME': 'sejong', '_': '/usr/bin/colcon', 'ROS_VERSION': '2', 'PKG_CONFIG_PATH': '/home/sejong/Desktop/SH_ws/install/ros2_interfaces/lib/aarch64-linux-gnu/pkgconfig:/home/sejong/Desktop/SH_ws/install/ros2_interfaces/lib/pkgconfig', 'XDG_SESSION_CLASS': 'user', 'USERNAME': 'sejong', 'TERM': 'xterm-256color', 'GNOME_DESKTOP_SESSION_ID': 'this-is-deprecated', 'WINDOWPATH': '2', 'PATH': '/home/sejong/.local/bin:/opt/ros/jazzy/opt/gz_tools_vendor/bin:/opt/ros/jazzy/bin:/usr/local/cuda-13.2/bin:/home/sejong/.local/bin:/usr/local/sbin:/usr/local/bin:/usr/sbin:/usr/bin:/sbin:/bin:/usr/games:/usr/local/games:/snap/bin:/snap/bin', 'SESSION_MANAGER': 'local/localhost.localdomain:@/tmp/.ICE-unix/13131,unix/localhost.localdomain:/tmp/.ICE-unix/13131', 'XDG_MENU_PREFIX': 'gnome-', 'GNOME_TERMINAL_SCREEN': '/org/gnome/Terminal/screen/92d96b46_1f1e_4837_9845_b22a7e0410af', 'XDG_RUNTIME_DIR': '/run/user/2001', 'DISPLAY': ':1', 'LANG': 'en_US.UTF-8', 'XDG_CURRENT_DESKTOP': 'ubuntu:GNOME', 'XMODIFIERS': '@im=ibus', 'XDG_SESSION_DESKTOP': 'ubuntu', 'XAUTHORITY': '/run/user/2001/gdm/Xauthority', 'LS_COLORS': 'rs=0:di=01;34:ln=01;36:mh=00:pi=40;33:so=01;35:do=01;35:bd=40;33;01:cd=40;33;01:or=40;31;01:mi=00:su=37;41:sg=30;43:ca=00:tw=30;42:ow=34;42:st=37;44:ex=01;32:*.tar=01;31:*.tgz=01;31:*.arc=01;31:*.arj=01;31:*.taz=01;31:*.lha=01;31:*.lz4=01;31:*.lzh=01;31:*.lzma=01;31:*.tlz=01;31:*.txz=01;31:*.tzo=01;31:*.t7z=01;31:*.zip=01;31:*.z=01;31:*.dz=01;31:*.gz=01;31:*.lrz=01;31:*.lz=01;31:*.lzo=01;31:*.xz=01;31:*.zst=01;31:*.tzst=01;31:*.bz2=01;31:*.bz=01;31:*.tbz=01;31:*.tbz2=01;31:*.tz=01;31:*.deb=01;31:*.rpm=01;31:*.jar=01;31:*.war=01;31:*.ear=01;31:*.sar=01;31:*.rar=01;31:*.alz=01;31:*.ace=01;31:*.zoo=01;31:*.cpio=01;31:*.7z=01;31:*.rz=01;31:*.cab=01;31:*.wim=01;31:*.swm=01;31:*.dwm=01;31:*.esd=01;31:*.avif=01;35:*.jpg=01;35:*.jpeg=01;35:*.mjpg=01;35:*.mjpeg=01;35:*.gif=01;35:*.bmp=01;35:*.pbm=01;35:*.pgm=01;35:*.ppm=01;35:*.tga=01;35:*.xbm=01;35:*.xpm=01;35:*.tif=01;35:*.tiff=01;35:*.png=01;35:*.svg=01;35:*.svgz=01;35:*.mng=01;35:*.pcx=01;35:*.mov=01;35:*.mpg=01;35:*.mpeg=01;35:*.m2v=01;35:*.mkv=01;35:*.webm=01;35:*.webp=01;35:*.ogm=01;35:*.mp4=01;35:*.m4v=01;35:*.mp4v=01;35:*.vob=01;35:*.qt=01;35:*.nuv=01;35:*.wmv=01;35:*.asf=01;35:*.rm=01;35:*.rmvb=01;35:*.flc=01;35:*.avi=01;35:*.fli=01;35:*.flv=01;35:*.gl=01;35:*.dl=01;35:*.xcf=01;35:*.xwd=01;35:*.yuv=01;35:*.cgm=01;35:*.emf=01;35:*.ogv=01;35:*.ogx=01;35:*.aac=00;36:*.au=00;36:*.flac=00;36:*.m4a=00;36:*.mid=00;36:*.midi=00;36:*.mka=00;36:*.mp3=00;36:*.mpc=00;36:*.ogg=00;36:*.ra=00;36:*.wav=00;36:*.oga=00;36:*.opus=00;36:*.spx=00;36:*.xspf=00;36:*~=00;90:*#=00;90:*.bak=00;90:*.crdownload=00;90:*.dpkg-dist=00;90:*.dpkg-new=00;90:*.dpkg-old=00;90:*.dpkg-tmp=00;90:*.old=00;90:*.orig=00;90:*.part=00;90:*.rej=00;90:*.rpmnew=00;90:*.rpmorig=00;90:*.rpmsave=00;90:*.swp=00;90:*.tmp=00;90:*.ucf-dist=00;90:*.ucf-new=00;90:*.ucf-old=00;90:', 'GNOME_TERMINAL_SERVICE': ':1.104', 'SSH_AUTH_SOCK': '/run/user/2001/keyring/ssh', 'AMENT_PREFIX_PATH': '/home/sejong/Desktop/SH_ws/install/sh_motion_demo:/home/sejong/Desktop/SH_ws/install/sh_motion_cpp:/home/sejong/Desktop/SH_ws/install/SH_moveit_head_config:/home/sejong/Desktop/SH_ws/install/SH_moveit_demo_config:/home/sejong/Desktop/SH_ws/install/SH_moveit_config:/home/sejong/Desktop/SH_ws/install/SH_Humanoid_description:/opt/ros/jazzy', 'SHELL': '/bin/bash', 'QT_ACCESSIBILITY': '1', 'GDMSESSION': 'ubuntu', 'LESSCLOSE': '/usr/bin/lesspipe %s %s', 'GPG_AGENT_INFO': '/run/user/2001/gnupg/S.gpg-agent:0:1', 'ROS_AUTOMATIC_DISCOVERY_RANGE': 'SUBNET', 'QT_IM_MODULE': 'ibus', 'PWD': '/home/sejong/Desktop/SH_ws/build/sh_motion_cpp', 'XDG_CONFIG_DIRS': '/etc/xdg/xdg-ubuntu:/etc/xdg', 'XDG_DATA_DIRS': '/usr/share/ubuntu:/usr/share/gnome:/usr/local/share/:/usr/share/:/var/lib/snapd/desktop', 'PYTHONPATH': '/home/sejong/Desktop/SH_ws/install/ros2_interfaces/lib/python3.12/site-packages:/home/sejong/Desktop/SH_ws/install/sh_motion_demo/lib/python3.12/site-packages:/home/sejong/Desktop/SH_ws/install/SH_Humanoid_description/lib/python3.12/site-packages:/opt/ros/jazzy/lib/python3.12/site-packages', 'COLCON': '1', 'VTE_VERSION': '7600', 'CMAKE_PREFIX_PATH': '/home/sejong/Desktop/SH_ws/install/sh_motion_demo:/home/sejong/Desktop/SH_ws/install/SH_Humanoid_description:/opt/ros/jazzy:/home/sejong/Desktop/SH_ws/install/ros2_interfaces:/home/sejong/Desktop/SH_ws/install/sh_motion_cpp:/home/sejong/Desktop/SH_ws/install/SH_moveit_head_config:/home/sejong/Desktop/SH_ws/install/SH_moveit_demo_config:/home/sejong/Desktop/SH_ws/install/SH_moveit_config:/opt/ros/jazzy/opt/sdformat_vendor:/opt/ros/jazzy/opt/gz_math_vendor:/opt/ros/jazzy/opt/gz_utils_vendor:/opt/ros/jazzy/opt/gz_tools_vendor:/opt/ros/jazzy/opt/gz_cmake_vendor'}), 'shell': False}
[0.700500] (-) TimerEvent: {}
[0.770072] (sh_motion_cpp) StdoutLine: {'line': b'[ 33%] Built target wave\n'}
[0.774750] (sh_motion_cpp) StdoutLine: {'line': b'[ 66%] Built target joint_state_bridge\n'}
[0.787028] (sh_motion_cpp) StdoutLine: {'line': b'[ 83%] \x1b[32mBuilding CXX object CMakeFiles/trajectory_bridge_node.dir/src/trajectory_bridge_node.cpp.o\x1b[0m\n'}
[0.800601] (-) TimerEvent: {}
[0.835127] (SH_Humanoid_description) Command: {'cmd': ['/usr/bin/python3', '-W', 'ignore:setup.py install is deprecated', '-W', 'ignore:easy_install command is deprecated', 'setup.py', 'egg_info', '--egg-base', '../../build/SH_Humanoid_description', 'build', '--build-base', '/home/sejong/Desktop/SH_ws/build/SH_Humanoid_description/build', 'install', '--record', '/home/sejong/Desktop/SH_ws/build/SH_Humanoid_description/install.log', '--install-scripts', '$base/lib/SH_Humanoid_description', '--single-version-externally-managed', 'install_data'], 'cwd': '/home/sejong/Desktop/SH_ws/src/SH_Humanoid_description', 'env': {'LESSOPEN': '| /usr/bin/lesspipe %s', 'USER': 'sejong', 'GZ_CONFIG_PATH': '/opt/ros/jazzy/opt/sdformat_vendor/share/gz', 'ROS_PACKAGE_PATH': '/home/sejong/Desktop/SH_ws/install/ros2_interfaces/share', 'XDG_SESSION_TYPE': 'x11', 'CLUTTER_DISABLE_MIPMAPPED_TEXT': '1', 'SHLVL': '1', 'LD_LIBRARY_PATH': '/home/sejong/Desktop/SH_ws/install/ros2_interfaces/lib:/opt/ros/jazzy/opt/sdformat_vendor/lib:/opt/ros/jazzy/opt/rviz_ogre_vendor/lib:/opt/ros/jazzy/lib/aarch64-linux-gnu:/opt/ros/jazzy/opt/gz_math_vendor/lib:/opt/ros/jazzy/opt/gz_utils_vendor/lib:/opt/ros/jazzy/opt/gz_tools_vendor/lib:/opt/ros/jazzy/opt/gz_cmake_vendor/lib:/opt/ros/jazzy/lib:/usr/local/cuda-13.2/lib64:', 'HOME': '/home/sejong', 'OLDPWD': '/home/sejong', 'DESKTOP_SESSION': 'ubuntu', 'ROS_PYTHON_VERSION': '3', 'GNOME_SHELL_SESSION_MODE': 'ubuntu', 'GTK_MODULES': 'gail:atk-bridge', 'SYSTEMD_EXEC_PID': '13162', 'GSM_SKIP_SSH_AGENT_WORKAROUND': 'true', 'DBUS_SESSION_BUS_ADDRESS': 'unix:path=/run/user/2001/bus', 'COLORTERM': 'truecolor', 'DEBUGINFOD_URLS': 'https://debuginfod.ubuntu.com', 'IM_CONFIG_PHASE': '1', 'COLCON_PREFIX_PATH': '/home/sejong/Desktop/SH_ws/install', 'ROS_DISTRO': 'jazzy', 'LOGNAME': 'sejong', '_': '/usr/bin/colcon', 'ROS_VERSION': '2', 'PKG_CONFIG_PATH': '/home/sejong/Desktop/SH_ws/install/ros2_interfaces/lib/aarch64-linux-gnu/pkgconfig:/home/sejong/Desktop/SH_ws/install/ros2_interfaces/lib/pkgconfig', 'XDG_SESSION_CLASS': 'user', 'USERNAME': 'sejong', 'TERM': 'xterm-256color', 'GNOME_DESKTOP_SESSION_ID': 'this-is-deprecated', 'WINDOWPATH': '2', 'PATH': '/home/sejong/.local/bin:/opt/ros/jazzy/opt/gz_tools_vendor/bin:/opt/ros/jazzy/bin:/usr/local/cuda-13.2/bin:/home/sejong/.local/bin:/usr/local/sbin:/usr/local/bin:/usr/sbin:/usr/bin:/sbin:/bin:/usr/games:/usr/local/games:/snap/bin:/snap/bin', 'SESSION_MANAGER': 'local/localhost.localdomain:@/tmp/.ICE-unix/13131,unix/localhost.localdomain:/tmp/.ICE-unix/13131', 'XDG_MENU_PREFIX': 'gnome-', 'GNOME_TERMINAL_SCREEN': '/org/gnome/Terminal/screen/92d96b46_1f1e_4837_9845_b22a7e0410af', 'XDG_RUNTIME_DIR': '/run/user/2001', 'DISPLAY': ':1', 'LANG': 'en_US.UTF-8', 'XDG_CURRENT_DESKTOP': 'ubuntu:GNOME', 'XMODIFIERS': '@im=ibus', 'XDG_SESSION_DESKTOP': 'ubuntu', 'XAUTHORITY': '/run/user/2001/gdm/Xauthority', 'LS_COLORS': 'rs=0:di=01;34:ln=01;36:mh=00:pi=40;33:so=01;35:do=01;35:bd=40;33;01:cd=40;33;01:or=40;31;01:mi=00:su=37;41:sg=30;43:ca=00:tw=30;42:ow=34;42:st=37;44:ex=01;32:*.tar=01;31:*.tgz=01;31:*.arc=01;31:*.arj=01;31:*.taz=01;31:*.lha=01;31:*.lz4=01;31:*.lzh=01;31:*.lzma=01;31:*.tlz=01;31:*.txz=01;31:*.tzo=01;31:*.t7z=01;31:*.zip=01;31:*.z=01;31:*.dz=01;31:*.gz=01;31:*.lrz=01;31:*.lz=01;31:*.lzo=01;31:*.xz=01;31:*.zst=01;31:*.tzst=01;31:*.bz2=01;31:*.bz=01;31:*.tbz=01;31:*.tbz2=01;31:*.tz=01;31:*.deb=01;31:*.rpm=01;31:*.jar=01;31:*.war=01;31:*.ear=01;31:*.sar=01;31:*.rar=01;31:*.alz=01;31:*.ace=01;31:*.zoo=01;31:*.cpio=01;31:*.7z=01;31:*.rz=01;31:*.cab=01;31:*.wim=01;31:*.swm=01;31:*.dwm=01;31:*.esd=01;31:*.avif=01;35:*.jpg=01;35:*.jpeg=01;35:*.mjpg=01;35:*.mjpeg=01;35:*.gif=01;35:*.bmp=01;35:*.pbm=01;35:*.pgm=01;35:*.ppm=01;35:*.tga=01;35:*.xbm=01;35:*.xpm=01;35:*.tif=01;35:*.tiff=01;35:*.png=01;35:*.svg=01;35:*.svgz=01;35:*.mng=01;35:*.pcx=01;35:*.mov=01;35:*.mpg=01;35:*.mpeg=01;35:*.m2v=01;35:*.mkv=01;35:*.webm=01;35:*.webp=01;35:*.ogm=01;35:*.mp4=01;35:*.m4v=01;35:*.mp4v=01;35:*.vob=01;35:*.qt=01;35:*.nuv=01;35:*.wmv=01;35:*.asf=01;35:*.rm=01;35:*.rmvb=01;35:*.flc=01;35:*.avi=01;35:*.fli=01;35:*.flv=01;35:*.gl=01;35:*.dl=01;35:*.xcf=01;35:*.xwd=01;35:*.yuv=01;35:*.cgm=01;35:*.emf=01;35:*.ogv=01;35:*.ogx=01;35:*.aac=00;36:*.au=00;36:*.flac=00;36:*.m4a=00;36:*.mid=00;36:*.midi=00;36:*.mka=00;36:*.mp3=00;36:*.mpc=00;36:*.ogg=00;36:*.ra=00;36:*.wav=00;36:*.oga=00;36:*.opus=00;36:*.spx=00;36:*.xspf=00;36:*~=00;90:*#=00;90:*.bak=00;90:*.crdownload=00;90:*.dpkg-dist=00;90:*.dpkg-new=00;90:*.dpkg-old=00;90:*.dpkg-tmp=00;90:*.old=00;90:*.orig=00;90:*.part=00;90:*.rej=00;90:*.rpmnew=00;90:*.rpmorig=00;90:*.rpmsave=00;90:*.swp=00;90:*.tmp=00;90:*.ucf-dist=00;90:*.ucf-new=00;90:*.ucf-old=00;90:', 'GNOME_TERMINAL_SERVICE': ':1.104', 'SSH_AUTH_SOCK': '/run/user/2001/keyring/ssh', 'AMENT_PREFIX_PATH': '/home/sejong/Desktop/SH_ws/install/sh_motion_demo:/home/sejong/Desktop/SH_ws/install/sh_motion_cpp:/home/sejong/Desktop/SH_ws/install/SH_moveit_head_config:/home/sejong/Desktop/SH_ws/install/SH_moveit_demo_config:/home/sejong/Desktop/SH_ws/install/SH_moveit_config:/home/sejong/Desktop/SH_ws/install/SH_Humanoid_description:/opt/ros/jazzy', 'SHELL': '/bin/bash', 'QT_ACCESSIBILITY': '1', 'GDMSESSION': 'ubuntu', 'LESSCLOSE': '/usr/bin/lesspipe %s %s', 'GPG_AGENT_INFO': '/run/user/2001/gnupg/S.gpg-agent:0:1', 'ROS_AUTOMATIC_DISCOVERY_RANGE': 'SUBNET', 'QT_IM_MODULE': 'ibus', 'PWD': '/home/sejong/Desktop/SH_ws/build/SH_Humanoid_description', 'XDG_CONFIG_DIRS': '/etc/xdg/xdg-ubuntu:/etc/xdg', 'XDG_DATA_DIRS': '/usr/share/ubuntu:/usr/share/gnome:/usr/local/share/:/usr/share/:/var/lib/snapd/desktop', 'PYTHONPATH': '/home/sejong/Desktop/SH_ws/build/SH_Humanoid_description/prefix_override:/usr/lib/python3/dist-packages/colcon_core/task/python/colcon_distutils_commands:/home/sejong/Desktop/SH_ws/install/SH_Humanoid_description/lib/python3.12/site-packages:/home/sejong/Desktop/SH_ws/install/sh_motion_demo/lib/python3.12/site-packages:/home/sejong/Desktop/SH_ws/install/ros2_interfaces/lib/python3.12/site-packages:/home/sejong/Desktop/SH_ws/install/SH_Humanoid_description/lib/python3.12/site-packages:/opt/ros/jazzy/lib/python3.12/site-packages', 'COLCON': '1', 'VTE_VERSION': '7600', 'CMAKE_PREFIX_PATH': '/home/sejong/Desktop/SH_ws/install/sh_motion_cpp:/home/sejong/Desktop/SH_ws/install/ros2_interfaces:/home/sejong/Desktop/SH_ws/install/SH_moveit_head_config:/home/sejong/Desktop/SH_ws/install/SH_moveit_demo_config:/home/sejong/Desktop/SH_ws/install/SH_moveit_config:/opt/ros/jazzy/opt/sdformat_vendor:/opt/ros/jazzy/opt/gz_math_vendor:/opt/ros/jazzy/opt/gz_utils_vendor:/opt/ros/jazzy/opt/gz_tools_vendor:/opt/ros/jazzy/opt/gz_cmake_vendor'}, 'shell': False}
[0.886300] (sh_motion_demo) Command: {'cmd': ['/usr/bin/python3', '-W', 'ignore:setup.py install is deprecated', '-W', 'ignore:easy_install command is deprecated', 'setup.py', 'egg_info', '--egg-base', '../../build/sh_motion_demo', 'build', '--build-base', '/home/sejong/Desktop/SH_ws/build/sh_motion_demo/build', 'install', '--record', '/home/sejong/Desktop/SH_ws/build/sh_motion_demo/install.log', '--single-version-externally-managed', 'install_data'], 'cwd': '/home/sejong/Desktop/SH_ws/src/sh_motion_demo', 'env': {'LESSOPEN': '| /usr/bin/lesspipe %s', 'USER': 'sejong', 'GZ_CONFIG_PATH': '/opt/ros/jazzy/opt/sdformat_vendor/share/gz', 'ROS_PACKAGE_PATH': '/home/sejong/Desktop/SH_ws/install/ros2_interfaces/share', 'XDG_SESSION_TYPE': 'x11', 'CLUTTER_DISABLE_MIPMAPPED_TEXT': '1', 'SHLVL': '1', 'LD_LIBRARY_PATH': '/home/sejong/Desktop/SH_ws/install/ros2_interfaces/lib:/opt/ros/jazzy/opt/sdformat_vendor/lib:/opt/ros/jazzy/opt/rviz_ogre_vendor/lib:/opt/ros/jazzy/lib/aarch64-linux-gnu:/opt/ros/jazzy/opt/gz_math_vendor/lib:/opt/ros/jazzy/opt/gz_utils_vendor/lib:/opt/ros/jazzy/opt/gz_tools_vendor/lib:/opt/ros/jazzy/opt/gz_cmake_vendor/lib:/opt/ros/jazzy/lib:/usr/local/cuda-13.2/lib64:', 'HOME': '/home/sejong', 'OLDPWD': '/home/sejong', 'DESKTOP_SESSION': 'ubuntu', 'ROS_PYTHON_VERSION': '3', 'GNOME_SHELL_SESSION_MODE': 'ubuntu', 'GTK_MODULES': 'gail:atk-bridge', 'SYSTEMD_EXEC_PID': '13162', 'GSM_SKIP_SSH_AGENT_WORKAROUND': 'true', 'DBUS_SESSION_BUS_ADDRESS': 'unix:path=/run/user/2001/bus', 'COLORTERM': 'truecolor', 'DEBUGINFOD_URLS': 'https://debuginfod.ubuntu.com', 'IM_CONFIG_PHASE': '1', 'COLCON_PREFIX_PATH': '/home/sejong/Desktop/SH_ws/install', 'ROS_DISTRO': 'jazzy', 'LOGNAME': 'sejong', '_': '/usr/bin/colcon', 'ROS_VERSION': '2', 'PKG_CONFIG_PATH': '/home/sejong/Desktop/SH_ws/install/ros2_interfaces/lib/aarch64-linux-gnu/pkgconfig:/home/sejong/Desktop/SH_ws/install/ros2_interfaces/lib/pkgconfig', 'XDG_SESSION_CLASS': 'user', 'USERNAME': 'sejong', 'TERM': 'xterm-256color', 'GNOME_DESKTOP_SESSION_ID': 'this-is-deprecated', 'WINDOWPATH': '2', 'PATH': '/home/sejong/.local/bin:/opt/ros/jazzy/opt/gz_tools_vendor/bin:/opt/ros/jazzy/bin:/usr/local/cuda-13.2/bin:/home/sejong/.local/bin:/usr/local/sbin:/usr/local/bin:/usr/sbin:/usr/bin:/sbin:/bin:/usr/games:/usr/local/games:/snap/bin:/snap/bin', 'SESSION_MANAGER': 'local/localhost.localdomain:@/tmp/.ICE-unix/13131,unix/localhost.localdomain:/tmp/.ICE-unix/13131', 'XDG_MENU_PREFIX': 'gnome-', 'GNOME_TERMINAL_SCREEN': '/org/gnome/Terminal/screen/92d96b46_1f1e_4837_9845_b22a7e0410af', 'XDG_RUNTIME_DIR': '/run/user/2001', 'DISPLAY': ':1', 'LANG': 'en_US.UTF-8', 'XDG_CURRENT_DESKTOP': 'ubuntu:GNOME', 'XMODIFIERS': '@im=ibus', 'XDG_SESSION_DESKTOP': 'ubuntu', 'XAUTHORITY': '/run/user/2001/gdm/Xauthority', 'LS_COLORS': 'rs=0:di=01;34:ln=01;36:mh=00:pi=40;33:so=01;35:do=01;35:bd=40;33;01:cd=40;33;01:or=40;31;01:mi=00:su=37;41:sg=30;43:ca=00:tw=30;42:ow=34;42:st=37;44:ex=01;32:*.tar=01;31:*.tgz=01;31:*.arc=01;31:*.arj=01;31:*.taz=01;31:*.lha=01;31:*.lz4=01;31:*.lzh=01;31:*.lzma=01;31:*.tlz=01;31:*.txz=01;31:*.tzo=01;31:*.t7z=01;31:*.zip=01;31:*.z=01;31:*.dz=01;31:*.gz=01;31:*.lrz=01;31:*.lz=01;31:*.lzo=01;31:*.xz=01;31:*.zst=01;31:*.tzst=01;31:*.bz2=01;31:*.bz=01;31:*.tbz=01;31:*.tbz2=01;31:*.tz=01;31:*.deb=01;31:*.rpm=01;31:*.jar=01;31:*.war=01;31:*.ear=01;31:*.sar=01;31:*.rar=01;31:*.alz=01;31:*.ace=01;31:*.zoo=01;31:*.cpio=01;31:*.7z=01;31:*.rz=01;31:*.cab=01;31:*.wim=01;31:*.swm=01;31:*.dwm=01;31:*.esd=01;31:*.avif=01;35:*.jpg=01;35:*.jpeg=01;35:*.mjpg=01;35:*.mjpeg=01;35:*.gif=01;35:*.bmp=01;35:*.pbm=01;35:*.pgm=01;35:*.ppm=01;35:*.tga=01;35:*.xbm=01;35:*.xpm=01;35:*.tif=01;35:*.tiff=01;35:*.png=01;35:*.svg=01;35:*.svgz=01;35:*.mng=01;35:*.pcx=01;35:*.mov=01;35:*.mpg=01;35:*.mpeg=01;35:*.m2v=01;35:*.mkv=01;35:*.webm=01;35:*.webp=01;35:*.ogm=01;35:*.mp4=01;35:*.m4v=01;35:*.mp4v=01;35:*.vob=01;35:*.qt=01;35:*.nuv=01;35:*.wmv=01;35:*.asf=01;35:*.rm=01;35:*.rmvb=01;35:*.flc=01;35:*.avi=01;35:*.fli=01;35:*.flv=01;35:*.gl=01;35:*.dl=01;35:*.xcf=01;35:*.xwd=01;35:*.yuv=01;35:*.cgm=01;35:*.emf=01;35:*.ogv=01;35:*.ogx=01;35:*.aac=00;36:*.au=00;36:*.flac=00;36:*.m4a=00;36:*.mid=00;36:*.midi=00;36:*.mka=00;36:*.mp3=00;36:*.mpc=00;36:*.ogg=00;36:*.ra=00;36:*.wav=00;36:*.oga=00;36:*.opus=00;36:*.spx=00;36:*.xspf=00;36:*~=00;90:*#=00;90:*.bak=00;90:*.crdownload=00;90:*.dpkg-dist=00;90:*.dpkg-new=00;90:*.dpkg-old=00;90:*.dpkg-tmp=00;90:*.old=00;90:*.orig=00;90:*.part=00;90:*.rej=00;90:*.rpmnew=00;90:*.rpmorig=00;90:*.rpmsave=00;90:*.swp=00;90:*.tmp=00;90:*.ucf-dist=00;90:*.ucf-new=00;90:*.ucf-old=00;90:', 'GNOME_TERMINAL_SERVICE': ':1.104', 'SSH_AUTH_SOCK': '/run/user/2001/keyring/ssh', 'AMENT_PREFIX_PATH': '/home/sejong/Desktop/SH_ws/install/sh_motion_demo:/home/sejong/Desktop/SH_ws/install/sh_motion_cpp:/home/sejong/Desktop/SH_ws/install/SH_moveit_head_config:/home/sejong/Desktop/SH_ws/install/SH_moveit_demo_config:/home/sejong/Desktop/SH_ws/install/SH_moveit_config:/home/sejong/Desktop/SH_ws/install/SH_Humanoid_description:/opt/ros/jazzy', 'SHELL': '/bin/bash', 'QT_ACCESSIBILITY': '1', 'GDMSESSION': 'ubuntu', 'LESSCLOSE': '/usr/bin/lesspipe %s %s', 'GPG_AGENT_INFO': '/run/user/2001/gnupg/S.gpg-agent:0:1', 'ROS_AUTOMATIC_DISCOVERY_RANGE': 'SUBNET', 'QT_IM_MODULE': 'ibus', 'PWD': '/home/sejong/Desktop/SH_ws/build/sh_motion_demo', 'XDG_CONFIG_DIRS': '/etc/xdg/xdg-ubuntu:/etc/xdg', 'XDG_DATA_DIRS': '/usr/share/ubuntu:/usr/share/gnome:/usr/local/share/:/usr/share/:/var/lib/snapd/desktop', 'PYTHONPATH': '/home/sejong/Desktop/SH_ws/build/sh_motion_demo/prefix_override:/usr/lib/python3/dist-packages/colcon_core/task/python/colcon_distutils_commands:/home/sejong/Desktop/SH_ws/install/sh_motion_demo/lib/python3.12/site-packages:/home/sejong/Desktop/SH_ws/install/sh_motion_demo/lib/python3.12/site-packages:/home/sejong/Desktop/SH_ws/install/ros2_interfaces/lib/python3.12/site-packages:/home/sejong/Desktop/SH_ws/install/SH_Humanoid_description/lib/python3.12/site-packages:/opt/ros/jazzy/lib/python3.12/site-packages', 'COLCON': '1', 'VTE_VERSION': '7600', 'CMAKE_PREFIX_PATH': '/home/sejong/Desktop/SH_ws/install/sh_motion_cpp:/home/sejong/Desktop/SH_ws/install/ros2_interfaces:/home/sejong/Desktop/SH_ws/install/SH_moveit_head_config:/home/sejong/Desktop/SH_ws/install/SH_moveit_demo_config:/home/sejong/Desktop/SH_ws/install/SH_moveit_config:/opt/ros/jazzy/opt/sdformat_vendor:/opt/ros/jazzy/opt/gz_math_vendor:/opt/ros/jazzy/opt/gz_utils_vendor:/opt/ros/jazzy/opt/gz_tools_vendor:/opt/ros/jazzy/opt/gz_cmake_vendor'}, 'shell': False}
[0.900677] (-) TimerEvent: {}
[0.939296] (SH_Humanoid_description) StderrLine: {'line': b'/usr/lib/python3/dist-packages/setuptools/dist.py:744: SetuptoolsDeprecationWarning: Invalid dash-separated options\n'}
[0.939588] (SH_Humanoid_description) StderrLine: {'line': b'!!\n'}
[0.939753] (SH_Humanoid_description) StderrLine: {'line': b'\n'}
[0.939899] (SH_Humanoid_description) StderrLine: {'line': b'        ********************************************************************************\n'}
[0.940041] (SH_Humanoid_description) StderrLine: {'line': b"        Usage of dash-separated 'script-dir' will not be supported in future\n"}
[0.940180] (SH_Humanoid_description) StderrLine: {'line': b"        versions. Please use the underscore name 'script_dir' instead.\n"}
[0.940317] (SH_Humanoid_description) StderrLine: {'line': b'\n'}
[0.940455] (SH_Humanoid_description) StderrLine: {'line': b'        This deprecation is overdue, please update your project and remove deprecated\n'}
[0.940597] (SH_Humanoid_description) StderrLine: {'line': b'        calls to avoid build errors in the future.\n'}
[0.940733] (SH_Humanoid_description) StderrLine: {'line': b'\n'}
[0.940870] (SH_Humanoid_description) StderrLine: {'line': b'        See https://setuptools.pypa.io/en/latest/userguide/declarative_config.html for details.\n'}
[0.941042] (SH_Humanoid_description) StderrLine: {'line': b'        ********************************************************************************\n'}
[0.941185] (SH_Humanoid_description) StderrLine: {'line': b'\n'}
[0.941321] (SH_Humanoid_description) StderrLine: {'line': b'!!\n'}
[0.941456] (SH_Humanoid_description) StderrLine: {'line': b'  opt = self.warn_dash_deprecation(opt, section)\n'}
[1.000780] (-) TimerEvent: {}
[1.025922] (SH_Humanoid_description) StdoutLine: {'line': b'running egg_info\n'}
[1.037062] (SH_Humanoid_description) StdoutLine: {'line': b'writing ../../build/SH_Humanoid_description/SH_Humanoid_description.egg-info/PKG-INFO\n'}
[1.037515] (SH_Humanoid_description) StdoutLine: {'line': b'writing dependency_links to ../../build/SH_Humanoid_description/SH_Humanoid_description.egg-info/dependency_links.txt\n'}
[1.037831] (SH_Humanoid_description) StdoutLine: {'line': b'writing requirements to ../../build/SH_Humanoid_description/SH_Humanoid_description.egg-info/requires.txt\n'}
[1.038043] (SH_Humanoid_description) StdoutLine: {'line': b'writing top-level names to ../../build/SH_Humanoid_description/SH_Humanoid_description.egg-info/top_level.txt\n'}
[1.062154] (SH_Humanoid_description) StdoutLine: {'line': b"reading manifest file '../../build/SH_Humanoid_description/SH_Humanoid_description.egg-info/SOURCES.txt'\n"}
[1.063987] (SH_Humanoid_description) StdoutLine: {'line': b"writing manifest file '../../build/SH_Humanoid_description/SH_Humanoid_description.egg-info/SOURCES.txt'\n"}
[1.064263] (SH_Humanoid_description) StdoutLine: {'line': b'running build\n'}
[1.064430] (SH_Humanoid_description) StdoutLine: {'line': b'running build_py\n'}
[1.064628] (SH_Humanoid_description) StdoutLine: {'line': b'running install\n'}
[1.069776] (SH_Humanoid_description) StdoutLine: {'line': b'running install_lib\n'}
[1.080459] (sh_motion_demo) StdoutLine: {'line': b'running egg_info\n'}
[1.082121] (SH_Humanoid_description) StdoutLine: {'line': b'running install_data\n'}
[1.083953] (SH_Humanoid_description) StdoutLine: {'line': b'running install_egg_info\n'}
[1.092167] (sh_motion_demo) StdoutLine: {'line': b'writing ../../build/sh_motion_demo/sh_motion_demo.egg-info/PKG-INFO\n'}
[1.092505] (sh_motion_demo) StdoutLine: {'line': b'writing dependency_links to ../../build/sh_motion_demo/sh_motion_demo.egg-info/dependency_links.txt\n'}
[1.092724] (sh_motion_demo) StdoutLine: {'line': b'writing entry points to ../../build/sh_motion_demo/sh_motion_demo.egg-info/entry_points.txt\n'}
[1.092890] (sh_motion_demo) StdoutLine: {'line': b'writing requirements to ../../build/sh_motion_demo/sh_motion_demo.egg-info/requires.txt\n'}
[1.093052] (sh_motion_demo) StdoutLine: {'line': b'writing top-level names to ../../build/sh_motion_demo/sh_motion_demo.egg-info/top_level.txt\n'}
[1.097013] (SH_Humanoid_description) StdoutLine: {'line': b"removing '/home/sejong/Desktop/SH_ws/install/SH_Humanoid_description/lib/python3.12/site-packages/SH_Humanoid_description-0.0.0-py3.12.egg-info' (and everything under it)\n"}
[1.100847] (-) TimerEvent: {}
[1.102708] (SH_Humanoid_description) StdoutLine: {'line': b'Copying ../../build/SH_Humanoid_description/SH_Humanoid_description.egg-info to /home/sejong/Desktop/SH_ws/install/SH_Humanoid_description/lib/python3.12/site-packages/SH_Humanoid_description-0.0.0-py3.12.egg-info\n'}
[1.103205] (SH_Humanoid_description) StdoutLine: {'line': b'running install_scripts\n'}
[1.117650] (sh_motion_demo) StdoutLine: {'line': b"reading manifest file '../../build/sh_motion_demo/sh_motion_demo.egg-info/SOURCES.txt'\n"}
[1.118351] (sh_motion_demo) StdoutLine: {'line': b"writing manifest file '../../build/sh_motion_demo/sh_motion_demo.egg-info/SOURCES.txt'\n"}
[1.118520] (sh_motion_demo) StdoutLine: {'line': b'running build\n'}
[1.118668] (sh_motion_demo) StdoutLine: {'line': b'running build_py\n'}
[1.118849] (sh_motion_demo) StdoutLine: {'line': b'running install\n'}
[1.124130] (sh_motion_demo) StdoutLine: {'line': b'running install_lib\n'}
[1.136572] (sh_motion_demo) StdoutLine: {'line': b'running install_data\n'}
[1.136727] (sh_motion_demo) StdoutLine: {'line': b'running install_egg_info\n'}
[1.149804] (sh_motion_demo) StdoutLine: {'line': b"removing '/home/sejong/Desktop/SH_ws/install/sh_motion_demo/lib/python3.12/site-packages/sh_motion_demo-0.0.0-py3.12.egg-info' (and everything under it)\n"}
[1.153039] (sh_motion_demo) StdoutLine: {'line': b'Copying ../../build/sh_motion_demo/sh_motion_demo.egg-info to /home/sejong/Desktop/SH_ws/install/sh_motion_demo/lib/python3.12/site-packages/sh_motion_demo-0.0.0-py3.12.egg-info\n'}
[1.153172] (sh_motion_demo) StdoutLine: {'line': b'running install_scripts\n'}
[1.199326] (SH_Humanoid_description) StdoutLine: {'line': b"writing list of installed files to '/home/sejong/Desktop/SH_ws/build/SH_Humanoid_description/install.log'\n"}
[1.200916] (-) TimerEvent: {}
[1.249393] (sh_motion_demo) StdoutLine: {'line': b'Installing wave script to /home/sejong/Desktop/SH_ws/install/sh_motion_demo/lib/sh_motion_demo\n'}
[1.250118] (sh_motion_demo) StdoutLine: {'line': b"writing list of installed files to '/home/sejong/Desktop/SH_ws/build/sh_motion_demo/install.log'\n"}
[1.251212] (SH_Humanoid_description) CommandEnded: {'returncode': 0}
[1.265498] (SH_Humanoid_description) JobEnded: {'identifier': 'SH_Humanoid_description', 'rc': 0}
[1.266769] (SH_moveit_config) JobStarted: {'identifier': 'SH_moveit_config'}
[1.273967] (SH_moveit_demo_config) JobStarted: {'identifier': 'SH_moveit_demo_config'}
[1.282069] (SH_moveit_head_config) JobStarted: {'identifier': 'SH_moveit_head_config'}
[1.291397] (SH_moveit_config) JobProgress: {'identifier': 'SH_moveit_config', 'progress': 'cmake'}
[1.292494] (SH_moveit_config) JobProgress: {'identifier': 'SH_moveit_config', 'progress': 'build'}
[1.293355] (SH_moveit_config) Command: {'cmd': ['/usr/bin/cmake', '--build', '/home/sejong/Desktop/SH_ws/build/SH_moveit_config', '--', '-j14', '-l14'], 'cwd': '/home/sejong/Desktop/SH_ws/build/SH_moveit_config', 'env': OrderedDict({'LESSOPEN': '| /usr/bin/lesspipe %s', 'USER': 'sejong', 'GZ_CONFIG_PATH': '/opt/ros/jazzy/opt/sdformat_vendor/share/gz', 'ROS_PACKAGE_PATH': '/home/sejong/Desktop/SH_ws/install/ros2_interfaces/share', 'XDG_SESSION_TYPE': 'x11', 'CLUTTER_DISABLE_MIPMAPPED_TEXT': '1', 'SHLVL': '1', 'LD_LIBRARY_PATH': '/home/sejong/Desktop/SH_ws/install/ros2_interfaces/lib:/opt/ros/jazzy/opt/sdformat_vendor/lib:/opt/ros/jazzy/opt/rviz_ogre_vendor/lib:/opt/ros/jazzy/lib/aarch64-linux-gnu:/opt/ros/jazzy/opt/gz_math_vendor/lib:/opt/ros/jazzy/opt/gz_utils_vendor/lib:/opt/ros/jazzy/opt/gz_tools_vendor/lib:/opt/ros/jazzy/opt/gz_cmake_vendor/lib:/opt/ros/jazzy/lib:/usr/local/cuda-13.2/lib64:', 'HOME': '/home/sejong', 'OLDPWD': '/home/sejong', 'DESKTOP_SESSION': 'ubuntu', 'ROS_PYTHON_VERSION': '3', 'GNOME_SHELL_SESSION_MODE': 'ubuntu', 'GTK_MODULES': 'gail:atk-bridge', 'SYSTEMD_EXEC_PID': '13162', 'GSM_SKIP_SSH_AGENT_WORKAROUND': 'true', 'DBUS_SESSION_BUS_ADDRESS': 'unix:path=/run/user/2001/bus', 'COLORTERM': 'truecolor', 'DEBUGINFOD_URLS': 'https://debuginfod.ubuntu.com', 'IM_CONFIG_PHASE': '1', 'COLCON_PREFIX_PATH': '/home/sejong/Desktop/SH_ws/install', 'ROS_DISTRO': 'jazzy', 'LOGNAME': 'sejong', '_': '/usr/bin/colcon', 'ROS_VERSION': '2', 'PKG_CONFIG_PATH': '/home/sejong/Desktop/SH_ws/install/ros2_interfaces/lib/aarch64-linux-gnu/pkgconfig:/home/sejong/Desktop/SH_ws/install/ros2_interfaces/lib/pkgconfig', 'XDG_SESSION_CLASS': 'user', 'USERNAME': 'sejong', 'TERM': 'xterm-256color', 'GNOME_DESKTOP_SESSION_ID': 'this-is-deprecated', 'WINDOWPATH': '2', 'PATH': '/home/sejong/.local/bin:/opt/ros/jazzy/opt/gz_tools_vendor/bin:/opt/ros/jazzy/bin:/usr/local/cuda-13.2/bin:/home/sejong/.local/bin:/usr/local/sbin:/usr/local/bin:/usr/sbin:/usr/bin:/sbin:/bin:/usr/games:/usr/local/games:/snap/bin:/snap/bin', 'SESSION_MANAGER': 'local/localhost.localdomain:@/tmp/.ICE-unix/13131,unix/localhost.localdomain:/tmp/.ICE-unix/13131', 'XDG_MENU_PREFIX': 'gnome-', 'GNOME_TERMINAL_SCREEN': '/org/gnome/Terminal/screen/92d96b46_1f1e_4837_9845_b22a7e0410af', 'XDG_RUNTIME_DIR': '/run/user/2001', 'DISPLAY': ':1', 'LANG': 'en_US.UTF-8', 'XDG_CURRENT_DESKTOP': 'ubuntu:GNOME', 'XMODIFIERS': '@im=ibus', 'XDG_SESSION_DESKTOP': 'ubuntu', 'XAUTHORITY': '/run/user/2001/gdm/Xauthority', 'LS_COLORS': 'rs=0:di=01;34:ln=01;36:mh=00:pi=40;33:so=01;35:do=01;35:bd=40;33;01:cd=40;33;01:or=40;31;01:mi=00:su=37;41:sg=30;43:ca=00:tw=30;42:ow=34;42:st=37;44:ex=01;32:*.tar=01;31:*.tgz=01;31:*.arc=01;31:*.arj=01;31:*.taz=01;31:*.lha=01;31:*.lz4=01;31:*.lzh=01;31:*.lzma=01;31:*.tlz=01;31:*.txz=01;31:*.tzo=01;31:*.t7z=01;31:*.zip=01;31:*.z=01;31:*.dz=01;31:*.gz=01;31:*.lrz=01;31:*.lz=01;31:*.lzo=01;31:*.xz=01;31:*.zst=01;31:*.tzst=01;31:*.bz2=01;31:*.bz=01;31:*.tbz=01;31:*.tbz2=01;31:*.tz=01;31:*.deb=01;31:*.rpm=01;31:*.jar=01;31:*.war=01;31:*.ear=01;31:*.sar=01;31:*.rar=01;31:*.alz=01;31:*.ace=01;31:*.zoo=01;31:*.cpio=01;31:*.7z=01;31:*.rz=01;31:*.cab=01;31:*.wim=01;31:*.swm=01;31:*.dwm=01;31:*.esd=01;31:*.avif=01;35:*.jpg=01;35:*.jpeg=01;35:*.mjpg=01;35:*.mjpeg=01;35:*.gif=01;35:*.bmp=01;35:*.pbm=01;35:*.pgm=01;35:*.ppm=01;35:*.tga=01;35:*.xbm=01;35:*.xpm=01;35:*.tif=01;35:*.tiff=01;35:*.png=01;35:*.svg=01;35:*.svgz=01;35:*.mng=01;35:*.pcx=01;35:*.mov=01;35:*.mpg=01;35:*.mpeg=01;35:*.m2v=01;35:*.mkv=01;35:*.webm=01;35:*.webp=01;35:*.ogm=01;35:*.mp4=01;35:*.m4v=01;35:*.mp4v=01;35:*.vob=01;35:*.qt=01;35:*.nuv=01;35:*.wmv=01;35:*.asf=01;35:*.rm=01;35:*.rmvb=01;35:*.flc=01;35:*.avi=01;35:*.fli=01;35:*.flv=01;35:*.gl=01;35:*.dl=01;35:*.xcf=01;35:*.xwd=01;35:*.yuv=01;35:*.cgm=01;35:*.emf=01;35:*.ogv=01;35:*.ogx=01;35:*.aac=00;36:*.au=00;36:*.flac=00;36:*.m4a=00;36:*.mid=00;36:*.midi=00;36:*.mka=00;36:*.mp3=00;36:*.mpc=00;36:*.ogg=00;36:*.ra=00;36:*.wav=00;36:*.oga=00;36:*.opus=00;36:*.spx=00;36:*.xspf=00;36:*~=00;90:*#=00;90:*.bak=00;90:*.crdownload=00;90:*.dpkg-dist=00;90:*.dpkg-new=00;90:*.dpkg-old=00;90:*.dpkg-tmp=00;90:*.old=00;90:*.orig=00;90:*.part=00;90:*.rej=00;90:*.rpmnew=00;90:*.rpmorig=00;90:*.rpmsave=00;90:*.swp=00;90:*.tmp=00;90:*.ucf-dist=00;90:*.ucf-new=00;90:*.ucf-old=00;90:', 'GNOME_TERMINAL_SERVICE': ':1.104', 'SSH_AUTH_SOCK': '/run/user/2001/keyring/ssh', 'AMENT_PREFIX_PATH': '/home/sejong/Desktop/SH_ws/install/SH_Humanoid_description:/home/sejong/Desktop/SH_ws/install/sh_motion_demo:/home/sejong/Desktop/SH_ws/install/sh_motion_cpp:/home/sejong/Desktop/SH_ws/install/SH_moveit_head_config:/home/sejong/Desktop/SH_ws/install/SH_moveit_demo_config:/home/sejong/Desktop/SH_ws/install/SH_moveit_config:/opt/ros/jazzy', 'SHELL': '/bin/bash', 'QT_ACCESSIBILITY': '1', 'GDMSESSION': 'ubuntu', 'LESSCLOSE': '/usr/bin/lesspipe %s %s', 'GPG_AGENT_INFO': '/run/user/2001/gnupg/S.gpg-agent:0:1', 'ROS_AUTOMATIC_DISCOVERY_RANGE': 'SUBNET', 'QT_IM_MODULE': 'ibus', 'PWD': '/home/sejong/Desktop/SH_ws/build/SH_moveit_config', 'XDG_CONFIG_DIRS': '/etc/xdg/xdg-ubuntu:/etc/xdg', 'XDG_DATA_DIRS': '/usr/share/ubuntu:/usr/share/gnome:/usr/local/share/:/usr/share/:/var/lib/snapd/desktop', 'PYTHONPATH': '/home/sejong/Desktop/SH_ws/install/SH_Humanoid_description/lib/python3.12/site-packages:/home/sejong/Desktop/SH_ws/install/sh_motion_demo/lib/python3.12/site-packages:/home/sejong/Desktop/SH_ws/install/ros2_interfaces/lib/python3.12/site-packages:/opt/ros/jazzy/lib/python3.12/site-packages', 'COLCON': '1', 'VTE_VERSION': '7600', 'CMAKE_PREFIX_PATH': '/home/sejong/Desktop/SH_ws/install/sh_motion_cpp:/home/sejong/Desktop/SH_ws/install/sh_motion_demo:/home/sejong/Desktop/SH_ws/install/SH_Humanoid_description:/opt/ros/jazzy:/home/sejong/Desktop/SH_ws/install/ros2_interfaces:/home/sejong/Desktop/SH_ws/install/SH_moveit_head_config:/home/sejong/Desktop/SH_ws/install/SH_moveit_demo_config:/home/sejong/Desktop/SH_ws/install/SH_moveit_config:/opt/ros/jazzy/opt/sdformat_vendor:/opt/ros/jazzy/opt/gz_math_vendor:/opt/ros/jazzy/opt/gz_utils_vendor:/opt/ros/jazzy/opt/gz_tools_vendor:/opt/ros/jazzy/opt/gz_cmake_vendor'}), 'shell': False}
[1.295979] (SH_moveit_demo_config) JobProgress: {'identifier': 'SH_moveit_demo_config', 'progress': 'cmake'}
[1.296394] (SH_moveit_demo_config) JobProgress: {'identifier': 'SH_moveit_demo_config', 'progress': 'build'}
[1.296912] (SH_moveit_demo_config) Command: {'cmd': ['/usr/bin/cmake', '--build', '/home/sejong/Desktop/SH_ws/build/SH_moveit_demo_config', '--', '-j14', '-l14'], 'cwd': '/home/sejong/Desktop/SH_ws/build/SH_moveit_demo_config', 'env': OrderedDict({'LESSOPEN': '| /usr/bin/lesspipe %s', 'USER': 'sejong', 'GZ_CONFIG_PATH': '/opt/ros/jazzy/opt/sdformat_vendor/share/gz', 'ROS_PACKAGE_PATH': '/home/sejong/Desktop/SH_ws/install/ros2_interfaces/share', 'XDG_SESSION_TYPE': 'x11', 'CLUTTER_DISABLE_MIPMAPPED_TEXT': '1', 'SHLVL': '1', 'LD_LIBRARY_PATH': '/home/sejong/Desktop/SH_ws/install/ros2_interfaces/lib:/opt/ros/jazzy/opt/sdformat_vendor/lib:/opt/ros/jazzy/opt/rviz_ogre_vendor/lib:/opt/ros/jazzy/lib/aarch64-linux-gnu:/opt/ros/jazzy/opt/gz_math_vendor/lib:/opt/ros/jazzy/opt/gz_utils_vendor/lib:/opt/ros/jazzy/opt/gz_tools_vendor/lib:/opt/ros/jazzy/opt/gz_cmake_vendor/lib:/opt/ros/jazzy/lib:/usr/local/cuda-13.2/lib64:', 'HOME': '/home/sejong', 'OLDPWD': '/home/sejong', 'DESKTOP_SESSION': 'ubuntu', 'ROS_PYTHON_VERSION': '3', 'GNOME_SHELL_SESSION_MODE': 'ubuntu', 'GTK_MODULES': 'gail:atk-bridge', 'SYSTEMD_EXEC_PID': '13162', 'GSM_SKIP_SSH_AGENT_WORKAROUND': 'true', 'DBUS_SESSION_BUS_ADDRESS': 'unix:path=/run/user/2001/bus', 'COLORTERM': 'truecolor', 'DEBUGINFOD_URLS': 'https://debuginfod.ubuntu.com', 'IM_CONFIG_PHASE': '1', 'COLCON_PREFIX_PATH': '/home/sejong/Desktop/SH_ws/install', 'ROS_DISTRO': 'jazzy', 'LOGNAME': 'sejong', '_': '/usr/bin/colcon', 'ROS_VERSION': '2', 'PKG_CONFIG_PATH': '/home/sejong/Desktop/SH_ws/install/ros2_interfaces/lib/aarch64-linux-gnu/pkgconfig:/home/sejong/Desktop/SH_ws/install/ros2_interfaces/lib/pkgconfig', 'XDG_SESSION_CLASS': 'user', 'USERNAME': 'sejong', 'TERM': 'xterm-256color', 'GNOME_DESKTOP_SESSION_ID': 'this-is-deprecated', 'WINDOWPATH': '2', 'PATH': '/home/sejong/.local/bin:/opt/ros/jazzy/opt/gz_tools_vendor/bin:/opt/ros/jazzy/bin:/usr/local/cuda-13.2/bin:/home/sejong/.local/bin:/usr/local/sbin:/usr/local/bin:/usr/sbin:/usr/bin:/sbin:/bin:/usr/games:/usr/local/games:/snap/bin:/snap/bin', 'SESSION_MANAGER': 'local/localhost.localdomain:@/tmp/.ICE-unix/13131,unix/localhost.localdomain:/tmp/.ICE-unix/13131', 'XDG_MENU_PREFIX': 'gnome-', 'GNOME_TERMINAL_SCREEN': '/org/gnome/Terminal/screen/92d96b46_1f1e_4837_9845_b22a7e0410af', 'XDG_RUNTIME_DIR': '/run/user/2001', 'DISPLAY': ':1', 'LANG': 'en_US.UTF-8', 'XDG_CURRENT_DESKTOP': 'ubuntu:GNOME', 'XMODIFIERS': '@im=ibus', 'XDG_SESSION_DESKTOP': 'ubuntu', 'XAUTHORITY': '/run/user/2001/gdm/Xauthority', 'LS_COLORS': 'rs=0:di=01;34:ln=01;36:mh=00:pi=40;33:so=01;35:do=01;35:bd=40;33;01:cd=40;33;01:or=40;31;01:mi=00:su=37;41:sg=30;43:ca=00:tw=30;42:ow=34;42:st=37;44:ex=01;32:*.tar=01;31:*.tgz=01;31:*.arc=01;31:*.arj=01;31:*.taz=01;31:*.lha=01;31:*.lz4=01;31:*.lzh=01;31:*.lzma=01;31:*.tlz=01;31:*.txz=01;31:*.tzo=01;31:*.t7z=01;31:*.zip=01;31:*.z=01;31:*.dz=01;31:*.gz=01;31:*.lrz=01;31:*.lz=01;31:*.lzo=01;31:*.xz=01;31:*.zst=01;31:*.tzst=01;31:*.bz2=01;31:*.bz=01;31:*.tbz=01;31:*.tbz2=01;31:*.tz=01;31:*.deb=01;31:*.rpm=01;31:*.jar=01;31:*.war=01;31:*.ear=01;31:*.sar=01;31:*.rar=01;31:*.alz=01;31:*.ace=01;31:*.zoo=01;31:*.cpio=01;31:*.7z=01;31:*.rz=01;31:*.cab=01;31:*.wim=01;31:*.swm=01;31:*.dwm=01;31:*.esd=01;31:*.avif=01;35:*.jpg=01;35:*.jpeg=01;35:*.mjpg=01;35:*.mjpeg=01;35:*.gif=01;35:*.bmp=01;35:*.pbm=01;35:*.pgm=01;35:*.ppm=01;35:*.tga=01;35:*.xbm=01;35:*.xpm=01;35:*.tif=01;35:*.tiff=01;35:*.png=01;35:*.svg=01;35:*.svgz=01;35:*.mng=01;35:*.pcx=01;35:*.mov=01;35:*.mpg=01;35:*.mpeg=01;35:*.m2v=01;35:*.mkv=01;35:*.webm=01;35:*.webp=01;35:*.ogm=01;35:*.mp4=01;35:*.m4v=01;35:*.mp4v=01;35:*.vob=01;35:*.qt=01;35:*.nuv=01;35:*.wmv=01;35:*.asf=01;35:*.rm=01;35:*.rmvb=01;35:*.flc=01;35:*.avi=01;35:*.fli=01;35:*.flv=01;35:*.gl=01;35:*.dl=01;35:*.xcf=01;35:*.xwd=01;35:*.yuv=01;35:*.cgm=01;35:*.emf=01;35:*.ogv=01;35:*.ogx=01;35:*.aac=00;36:*.au=00;36:*.flac=00;36:*.m4a=00;36:*.mid=00;36:*.midi=00;36:*.mka=00;36:*.mp3=00;36:*.mpc=00;36:*.ogg=00;36:*.ra=00;36:*.wav=00;36:*.oga=00;36:*.opus=00;36:*.spx=00;36:*.xspf=00;36:*~=00;90:*#=00;90:*.bak=00;90:*.crdownload=00;90:*.dpkg-dist=00;90:*.dpkg-new=00;90:*.dpkg-old=00;90:*.dpkg-tmp=00;90:*.old=00;90:*.orig=00;90:*.part=00;90:*.rej=00;90:*.rpmnew=00;90:*.rpmorig=00;90:*.rpmsave=00;90:*.swp=00;90:*.tmp=00;90:*.ucf-dist=00;90:*.ucf-new=00;90:*.ucf-old=00;90:', 'GNOME_TERMINAL_SERVICE': ':1.104', 'SSH_AUTH_SOCK': '/run/user/2001/keyring/ssh', 'AMENT_PREFIX_PATH': '/home/sejong/Desktop/SH_ws/install/SH_Humanoid_description:/home/sejong/Desktop/SH_ws/install/sh_motion_demo:/home/sejong/Desktop/SH_ws/install/sh_motion_cpp:/home/sejong/Desktop/SH_ws/install/SH_moveit_head_config:/home/sejong/Desktop/SH_ws/install/SH_moveit_demo_config:/home/sejong/Desktop/SH_ws/install/SH_moveit_config:/opt/ros/jazzy', 'SHELL': '/bin/bash', 'QT_ACCESSIBILITY': '1', 'GDMSESSION': 'ubuntu', 'LESSCLOSE': '/usr/bin/lesspipe %s %s', 'GPG_AGENT_INFO': '/run/user/2001/gnupg/S.gpg-agent:0:1', 'ROS_AUTOMATIC_DISCOVERY_RANGE': 'SUBNET', 'QT_IM_MODULE': 'ibus', 'PWD': '/home/sejong/Desktop/SH_ws/build/SH_moveit_demo_config', 'XDG_CONFIG_DIRS': '/etc/xdg/xdg-ubuntu:/etc/xdg', 'XDG_DATA_DIRS': '/usr/share/ubuntu:/usr/share/gnome:/usr/local/share/:/usr/share/:/var/lib/snapd/desktop', 'PYTHONPATH': '/home/sejong/Desktop/SH_ws/install/SH_Humanoid_description/lib/python3.12/site-packages:/home/sejong/Desktop/SH_ws/install/sh_motion_demo/lib/python3.12/site-packages:/home/sejong/Desktop/SH_ws/install/ros2_interfaces/lib/python3.12/site-packages:/opt/ros/jazzy/lib/python3.12/site-packages', 'COLCON': '1', 'VTE_VERSION': '7600', 'CMAKE_PREFIX_PATH': '/home/sejong/Desktop/SH_ws/install/sh_motion_cpp:/home/sejong/Desktop/SH_ws/install/sh_motion_demo:/home/sejong/Desktop/SH_ws/install/SH_Humanoid_description:/opt/ros/jazzy:/home/sejong/Desktop/SH_ws/install/ros2_interfaces:/home/sejong/Desktop/SH_ws/install/SH_moveit_head_config:/home/sejong/Desktop/SH_ws/install/SH_moveit_demo_config:/home/sejong/Desktop/SH_ws/install/SH_moveit_config:/opt/ros/jazzy/opt/sdformat_vendor:/opt/ros/jazzy/opt/gz_math_vendor:/opt/ros/jazzy/opt/gz_utils_vendor:/opt/ros/jazzy/opt/gz_tools_vendor:/opt/ros/jazzy/opt/gz_cmake_vendor'}), 'shell': False}
[1.300521] (SH_moveit_head_config) JobProgress: {'identifier': 'SH_moveit_head_config', 'progress': 'cmake'}
[1.301025] (-) TimerEvent: {}
[1.301589] (SH_moveit_head_config) JobProgress: {'identifier': 'SH_moveit_head_config', 'progress': 'build'}
[1.302112] (SH_moveit_head_config) Command: {'cmd': ['/usr/bin/cmake', '--build', '/home/sejong/Desktop/SH_ws/build/SH_moveit_head_config', '--', '-j14', '-l14'], 'cwd': '/home/sejong/Desktop/SH_ws/build/SH_moveit_head_config', 'env': OrderedDict({'LESSOPEN': '| /usr/bin/lesspipe %s', 'USER': 'sejong', 'GZ_CONFIG_PATH': '/opt/ros/jazzy/opt/sdformat_vendor/share/gz', 'ROS_PACKAGE_PATH': '/home/sejong/Desktop/SH_ws/install/ros2_interfaces/share', 'XDG_SESSION_TYPE': 'x11', 'CLUTTER_DISABLE_MIPMAPPED_TEXT': '1', 'SHLVL': '1', 'LD_LIBRARY_PATH': '/home/sejong/Desktop/SH_ws/install/ros2_interfaces/lib:/opt/ros/jazzy/opt/sdformat_vendor/lib:/opt/ros/jazzy/opt/rviz_ogre_vendor/lib:/opt/ros/jazzy/lib/aarch64-linux-gnu:/opt/ros/jazzy/opt/gz_math_vendor/lib:/opt/ros/jazzy/opt/gz_utils_vendor/lib:/opt/ros/jazzy/opt/gz_tools_vendor/lib:/opt/ros/jazzy/opt/gz_cmake_vendor/lib:/opt/ros/jazzy/lib:/usr/local/cuda-13.2/lib64:', 'HOME': '/home/sejong', 'OLDPWD': '/home/sejong', 'DESKTOP_SESSION': 'ubuntu', 'ROS_PYTHON_VERSION': '3', 'GNOME_SHELL_SESSION_MODE': 'ubuntu', 'GTK_MODULES': 'gail:atk-bridge', 'SYSTEMD_EXEC_PID': '13162', 'GSM_SKIP_SSH_AGENT_WORKAROUND': 'true', 'DBUS_SESSION_BUS_ADDRESS': 'unix:path=/run/user/2001/bus', 'COLORTERM': 'truecolor', 'DEBUGINFOD_URLS': 'https://debuginfod.ubuntu.com', 'IM_CONFIG_PHASE': '1', 'COLCON_PREFIX_PATH': '/home/sejong/Desktop/SH_ws/install', 'ROS_DISTRO': 'jazzy', 'LOGNAME': 'sejong', '_': '/usr/bin/colcon', 'ROS_VERSION': '2', 'PKG_CONFIG_PATH': '/home/sejong/Desktop/SH_ws/install/ros2_interfaces/lib/aarch64-linux-gnu/pkgconfig:/home/sejong/Desktop/SH_ws/install/ros2_interfaces/lib/pkgconfig', 'XDG_SESSION_CLASS': 'user', 'USERNAME': 'sejong', 'TERM': 'xterm-256color', 'GNOME_DESKTOP_SESSION_ID': 'this-is-deprecated', 'WINDOWPATH': '2', 'PATH': '/home/sejong/.local/bin:/opt/ros/jazzy/opt/gz_tools_vendor/bin:/opt/ros/jazzy/bin:/usr/local/cuda-13.2/bin:/home/sejong/.local/bin:/usr/local/sbin:/usr/local/bin:/usr/sbin:/usr/bin:/sbin:/bin:/usr/games:/usr/local/games:/snap/bin:/snap/bin', 'SESSION_MANAGER': 'local/localhost.localdomain:@/tmp/.ICE-unix/13131,unix/localhost.localdomain:/tmp/.ICE-unix/13131', 'XDG_MENU_PREFIX': 'gnome-', 'GNOME_TERMINAL_SCREEN': '/org/gnome/Terminal/screen/92d96b46_1f1e_4837_9845_b22a7e0410af', 'XDG_RUNTIME_DIR': '/run/user/2001', 'DISPLAY': ':1', 'LANG': 'en_US.UTF-8', 'XDG_CURRENT_DESKTOP': 'ubuntu:GNOME', 'XMODIFIERS': '@im=ibus', 'XDG_SESSION_DESKTOP': 'ubuntu', 'XAUTHORITY': '/run/user/2001/gdm/Xauthority', 'LS_COLORS': 'rs=0:di=01;34:ln=01;36:mh=00:pi=40;33:so=01;35:do=01;35:bd=40;33;01:cd=40;33;01:or=40;31;01:mi=00:su=37;41:sg=30;43:ca=00:tw=30;42:ow=34;42:st=37;44:ex=01;32:*.tar=01;31:*.tgz=01;31:*.arc=01;31:*.arj=01;31:*.taz=01;31:*.lha=01;31:*.lz4=01;31:*.lzh=01;31:*.lzma=01;31:*.tlz=01;31:*.txz=01;31:*.tzo=01;31:*.t7z=01;31:*.zip=01;31:*.z=01;31:*.dz=01;31:*.gz=01;31:*.lrz=01;31:*.lz=01;31:*.lzo=01;31:*.xz=01;31:*.zst=01;31:*.tzst=01;31:*.bz2=01;31:*.bz=01;31:*.tbz=01;31:*.tbz2=01;31:*.tz=01;31:*.deb=01;31:*.rpm=01;31:*.jar=01;31:*.war=01;31:*.ear=01;31:*.sar=01;31:*.rar=01;31:*.alz=01;31:*.ace=01;31:*.zoo=01;31:*.cpio=01;31:*.7z=01;31:*.rz=01;31:*.cab=01;31:*.wim=01;31:*.swm=01;31:*.dwm=01;31:*.esd=01;31:*.avif=01;35:*.jpg=01;35:*.jpeg=01;35:*.mjpg=01;35:*.mjpeg=01;35:*.gif=01;35:*.bmp=01;35:*.pbm=01;35:*.pgm=01;35:*.ppm=01;35:*.tga=01;35:*.xbm=01;35:*.xpm=01;35:*.tif=01;35:*.tiff=01;35:*.png=01;35:*.svg=01;35:*.svgz=01;35:*.mng=01;35:*.pcx=01;35:*.mov=01;35:*.mpg=01;35:*.mpeg=01;35:*.m2v=01;35:*.mkv=01;35:*.webm=01;35:*.webp=01;35:*.ogm=01;35:*.mp4=01;35:*.m4v=01;35:*.mp4v=01;35:*.vob=01;35:*.qt=01;35:*.nuv=01;35:*.wmv=01;35:*.asf=01;35:*.rm=01;35:*.rmvb=01;35:*.flc=01;35:*.avi=01;35:*.fli=01;35:*.flv=01;35:*.gl=01;35:*.dl=01;35:*.xcf=01;35:*.xwd=01;35:*.yuv=01;35:*.cgm=01;35:*.emf=01;35:*.ogv=01;35:*.ogx=01;35:*.aac=00;36:*.au=00;36:*.flac=00;36:*.m4a=00;36:*.mid=00;36:*.midi=00;36:*.mka=00;36:*.mp3=00;36:*.mpc=00;36:*.ogg=00;36:*.ra=00;36:*.wav=00;36:*.oga=00;36:*.opus=00;36:*.spx=00;36:*.xspf=00;36:*~=00;90:*#=00;90:*.bak=00;90:*.crdownload=00;90:*.dpkg-dist=00;90:*.dpkg-new=00;90:*.dpkg-old=00;90:*.dpkg-tmp=00;90:*.old=00;90:*.orig=00;90:*.part=00;90:*.rej=00;90:*.rpmnew=00;90:*.rpmorig=00;90:*.rpmsave=00;90:*.swp=00;90:*.tmp=00;90:*.ucf-dist=00;90:*.ucf-new=00;90:*.ucf-old=00;90:', 'GNOME_TERMINAL_SERVICE': ':1.104', 'SSH_AUTH_SOCK': '/run/user/2001/keyring/ssh', 'AMENT_PREFIX_PATH': '/home/sejong/Desktop/SH_ws/install/SH_Humanoid_description:/home/sejong/Desktop/SH_ws/install/sh_motion_demo:/home/sejong/Desktop/SH_ws/install/sh_motion_cpp:/home/sejong/Desktop/SH_ws/install/SH_moveit_head_config:/home/sejong/Desktop/SH_ws/install/SH_moveit_demo_config:/home/sejong/Desktop/SH_ws/install/SH_moveit_config:/opt/ros/jazzy', 'SHELL': '/bin/bash', 'QT_ACCESSIBILITY': '1', 'GDMSESSION': 'ubuntu', 'LESSCLOSE': '/usr/bin/lesspipe %s %s', 'GPG_AGENT_INFO': '/run/user/2001/gnupg/S.gpg-agent:0:1', 'ROS_AUTOMATIC_DISCOVERY_RANGE': 'SUBNET', 'QT_IM_MODULE': 'ibus', 'PWD': '/home/sejong/Desktop/SH_ws/build/SH_moveit_head_config', 'XDG_CONFIG_DIRS': '/etc/xdg/xdg-ubuntu:/etc/xdg', 'XDG_DATA_DIRS': '/usr/share/ubuntu:/usr/share/gnome:/usr/local/share/:/usr/share/:/var/lib/snapd/desktop', 'PYTHONPATH': '/home/sejong/Desktop/SH_ws/install/SH_Humanoid_description/lib/python3.12/site-packages:/home/sejong/Desktop/SH_ws/install/sh_motion_demo/lib/python3.12/site-packages:/home/sejong/Desktop/SH_ws/install/ros2_interfaces/lib/python3.12/site-packages:/opt/ros/jazzy/lib/python3.12/site-packages', 'COLCON': '1', 'VTE_VERSION': '7600', 'CMAKE_PREFIX_PATH': '/home/sejong/Desktop/SH_ws/install/sh_motion_cpp:/home/sejong/Desktop/SH_ws/install/sh_motion_demo:/home/sejong/Desktop/SH_ws/install/SH_Humanoid_description:/opt/ros/jazzy:/home/sejong/Desktop/SH_ws/install/ros2_interfaces:/home/sejong/Desktop/SH_ws/install/SH_moveit_head_config:/home/sejong/Desktop/SH_ws/install/SH_moveit_demo_config:/home/sejong/Desktop/SH_ws/install/SH_moveit_config:/opt/ros/jazzy/opt/sdformat_vendor:/opt/ros/jazzy/opt/gz_math_vendor:/opt/ros/jazzy/opt/gz_utils_vendor:/opt/ros/jazzy/opt/gz_tools_vendor:/opt/ros/jazzy/opt/gz_cmake_vendor'}), 'shell': False}
[1.305048] (sh_motion_demo) CommandEnded: {'returncode': 0}
[1.314136] (sh_motion_demo) JobEnded: {'identifier': 'sh_motion_demo', 'rc': 0}
[1.334982] (SH_moveit_demo_config) CommandEnded: {'returncode': 0}
[1.335909] (SH_moveit_demo_config) JobProgress: {'identifier': 'SH_moveit_demo_config', 'progress': 'install'}
[1.336630] (SH_moveit_demo_config) Command: {'cmd': ['/usr/bin/cmake', '--install', '/home/sejong/Desktop/SH_ws/build/SH_moveit_demo_config'], 'cwd': '/home/sejong/Desktop/SH_ws/build/SH_moveit_demo_config', 'env': OrderedDict({'LESSOPEN': '| /usr/bin/lesspipe %s', 'USER': 'sejong', 'GZ_CONFIG_PATH': '/opt/ros/jazzy/opt/sdformat_vendor/share/gz', 'ROS_PACKAGE_PATH': '/home/sejong/Desktop/SH_ws/install/ros2_interfaces/share', 'XDG_SESSION_TYPE': 'x11', 'CLUTTER_DISABLE_MIPMAPPED_TEXT': '1', 'SHLVL': '1', 'LD_LIBRARY_PATH': '/home/sejong/Desktop/SH_ws/install/ros2_interfaces/lib:/opt/ros/jazzy/opt/sdformat_vendor/lib:/opt/ros/jazzy/opt/rviz_ogre_vendor/lib:/opt/ros/jazzy/lib/aarch64-linux-gnu:/opt/ros/jazzy/opt/gz_math_vendor/lib:/opt/ros/jazzy/opt/gz_utils_vendor/lib:/opt/ros/jazzy/opt/gz_tools_vendor/lib:/opt/ros/jazzy/opt/gz_cmake_vendor/lib:/opt/ros/jazzy/lib:/usr/local/cuda-13.2/lib64:', 'HOME': '/home/sejong', 'OLDPWD': '/home/sejong', 'DESKTOP_SESSION': 'ubuntu', 'ROS_PYTHON_VERSION': '3', 'GNOME_SHELL_SESSION_MODE': 'ubuntu', 'GTK_MODULES': 'gail:atk-bridge', 'SYSTEMD_EXEC_PID': '13162', 'GSM_SKIP_SSH_AGENT_WORKAROUND': 'true', 'DBUS_SESSION_BUS_ADDRESS': 'unix:path=/run/user/2001/bus', 'COLORTERM': 'truecolor', 'DEBUGINFOD_URLS': 'https://debuginfod.ubuntu.com', 'IM_CONFIG_PHASE': '1', 'COLCON_PREFIX_PATH': '/home/sejong/Desktop/SH_ws/install', 'ROS_DISTRO': 'jazzy', 'LOGNAME': 'sejong', '_': '/usr/bin/colcon', 'ROS_VERSION': '2', 'PKG_CONFIG_PATH': '/home/sejong/Desktop/SH_ws/install/ros2_interfaces/lib/aarch64-linux-gnu/pkgconfig:/home/sejong/Desktop/SH_ws/install/ros2_interfaces/lib/pkgconfig', 'XDG_SESSION_CLASS': 'user', 'USERNAME': 'sejong', 'TERM': 'xterm-256color', 'GNOME_DESKTOP_SESSION_ID': 'this-is-deprecated', 'WINDOWPATH': '2', 'PATH': '/home/sejong/.local/bin:/opt/ros/jazzy/opt/gz_tools_vendor/bin:/opt/ros/jazzy/bin:/usr/local/cuda-13.2/bin:/home/sejong/.local/bin:/usr/local/sbin:/usr/local/bin:/usr/sbin:/usr/bin:/sbin:/bin:/usr/games:/usr/local/games:/snap/bin:/snap/bin', 'SESSION_MANAGER': 'local/localhost.localdomain:@/tmp/.ICE-unix/13131,unix/localhost.localdomain:/tmp/.ICE-unix/13131', 'XDG_MENU_PREFIX': 'gnome-', 'GNOME_TERMINAL_SCREEN': '/org/gnome/Terminal/screen/92d96b46_1f1e_4837_9845_b22a7e0410af', 'XDG_RUNTIME_DIR': '/run/user/2001', 'DISPLAY': ':1', 'LANG': 'en_US.UTF-8', 'XDG_CURRENT_DESKTOP': 'ubuntu:GNOME', 'XMODIFIERS': '@im=ibus', 'XDG_SESSION_DESKTOP': 'ubuntu', 'XAUTHORITY': '/run/user/2001/gdm/Xauthority', 'LS_COLORS': 'rs=0:di=01;34:ln=01;36:mh=00:pi=40;33:so=01;35:do=01;35:bd=40;33;01:cd=40;33;01:or=40;31;01:mi=00:su=37;41:sg=30;43:ca=00:tw=30;42:ow=34;42:st=37;44:ex=01;32:*.tar=01;31:*.tgz=01;31:*.arc=01;31:*.arj=01;31:*.taz=01;31:*.lha=01;31:*.lz4=01;31:*.lzh=01;31:*.lzma=01;31:*.tlz=01;31:*.txz=01;31:*.tzo=01;31:*.t7z=01;31:*.zip=01;31:*.z=01;31:*.dz=01;31:*.gz=01;31:*.lrz=01;31:*.lz=01;31:*.lzo=01;31:*.xz=01;31:*.zst=01;31:*.tzst=01;31:*.bz2=01;31:*.bz=01;31:*.tbz=01;31:*.tbz2=01;31:*.tz=01;31:*.deb=01;31:*.rpm=01;31:*.jar=01;31:*.war=01;31:*.ear=01;31:*.sar=01;31:*.rar=01;31:*.alz=01;31:*.ace=01;31:*.zoo=01;31:*.cpio=01;31:*.7z=01;31:*.rz=01;31:*.cab=01;31:*.wim=01;31:*.swm=01;31:*.dwm=01;31:*.esd=01;31:*.avif=01;35:*.jpg=01;35:*.jpeg=01;35:*.mjpg=01;35:*.mjpeg=01;35:*.gif=01;35:*.bmp=01;35:*.pbm=01;35:*.pgm=01;35:*.ppm=01;35:*.tga=01;35:*.xbm=01;35:*.xpm=01;35:*.tif=01;35:*.tiff=01;35:*.png=01;35:*.svg=01;35:*.svgz=01;35:*.mng=01;35:*.pcx=01;35:*.mov=01;35:*.mpg=01;35:*.mpeg=01;35:*.m2v=01;35:*.mkv=01;35:*.webm=01;35:*.webp=01;35:*.ogm=01;35:*.mp4=01;35:*.m4v=01;35:*.mp4v=01;35:*.vob=01;35:*.qt=01;35:*.nuv=01;35:*.wmv=01;35:*.asf=01;35:*.rm=01;35:*.rmvb=01;35:*.flc=01;35:*.avi=01;35:*.fli=01;35:*.flv=01;35:*.gl=01;35:*.dl=01;35:*.xcf=01;35:*.xwd=01;35:*.yuv=01;35:*.cgm=01;35:*.emf=01;35:*.ogv=01;35:*.ogx=01;35:*.aac=00;36:*.au=00;36:*.flac=00;36:*.m4a=00;36:*.mid=00;36:*.midi=00;36:*.mka=00;36:*.mp3=00;36:*.mpc=00;36:*.ogg=00;36:*.ra=00;36:*.wav=00;36:*.oga=00;36:*.opus=00;36:*.spx=00;36:*.xspf=00;36:*~=00;90:*#=00;90:*.bak=00;90:*.crdownload=00;90:*.dpkg-dist=00;90:*.dpkg-new=00;90:*.dpkg-old=00;90:*.dpkg-tmp=00;90:*.old=00;90:*.orig=00;90:*.part=00;90:*.rej=00;90:*.rpmnew=00;90:*.rpmorig=00;90:*.rpmsave=00;90:*.swp=00;90:*.tmp=00;90:*.ucf-dist=00;90:*.ucf-new=00;90:*.ucf-old=00;90:', 'GNOME_TERMINAL_SERVICE': ':1.104', 'SSH_AUTH_SOCK': '/run/user/2001/keyring/ssh', 'AMENT_PREFIX_PATH': '/home/sejong/Desktop/SH_ws/install/SH_Humanoid_description:/home/sejong/Desktop/SH_ws/install/sh_motion_demo:/home/sejong/Desktop/SH_ws/install/sh_motion_cpp:/home/sejong/Desktop/SH_ws/install/SH_moveit_head_config:/home/sejong/Desktop/SH_ws/install/SH_moveit_demo_config:/home/sejong/Desktop/SH_ws/install/SH_moveit_config:/opt/ros/jazzy', 'SHELL': '/bin/bash', 'QT_ACCESSIBILITY': '1', 'GDMSESSION': 'ubuntu', 'LESSCLOSE': '/usr/bin/lesspipe %s %s', 'GPG_AGENT_INFO': '/run/user/2001/gnupg/S.gpg-agent:0:1', 'ROS_AUTOMATIC_DISCOVERY_RANGE': 'SUBNET', 'QT_IM_MODULE': 'ibus', 'PWD': '/home/sejong/Desktop/SH_ws/build/SH_moveit_demo_config', 'XDG_CONFIG_DIRS': '/etc/xdg/xdg-ubuntu:/etc/xdg', 'XDG_DATA_DIRS': '/usr/share/ubuntu:/usr/share/gnome:/usr/local/share/:/usr/share/:/var/lib/snapd/desktop', 'PYTHONPATH': '/home/sejong/Desktop/SH_ws/install/SH_Humanoid_description/lib/python3.12/site-packages:/home/sejong/Desktop/SH_ws/install/sh_motion_demo/lib/python3.12/site-packages:/home/sejong/Desktop/SH_ws/install/ros2_interfaces/lib/python3.12/site-packages:/opt/ros/jazzy/lib/python3.12/site-packages', 'COLCON': '1', 'VTE_VERSION': '7600', 'CMAKE_PREFIX_PATH': '/home/sejong/Desktop/SH_ws/install/sh_motion_cpp:/home/sejong/Desktop/SH_ws/install/sh_motion_demo:/home/sejong/Desktop/SH_ws/install/SH_Humanoid_description:/opt/ros/jazzy:/home/sejong/Desktop/SH_ws/install/ros2_interfaces:/home/sejong/Desktop/SH_ws/install/SH_moveit_head_config:/home/sejong/Desktop/SH_ws/install/SH_moveit_demo_config:/home/sejong/Desktop/SH_ws/install/SH_moveit_config:/opt/ros/jazzy/opt/sdformat_vendor:/opt/ros/jazzy/opt/gz_math_vendor:/opt/ros/jazzy/opt/gz_utils_vendor:/opt/ros/jazzy/opt/gz_tools_vendor:/opt/ros/jazzy/opt/gz_cmake_vendor'}), 'shell': False}
[1.338557] (SH_moveit_config) CommandEnded: {'returncode': 0}
[1.339403] (SH_moveit_config) JobProgress: {'identifier': 'SH_moveit_config', 'progress': 'install'}
[1.339957] (SH_moveit_config) Command: {'cmd': ['/usr/bin/cmake', '--install', '/home/sejong/Desktop/SH_ws/build/SH_moveit_config'], 'cwd': '/home/sejong/Desktop/SH_ws/build/SH_moveit_config', 'env': OrderedDict({'LESSOPEN': '| /usr/bin/lesspipe %s', 'USER': 'sejong', 'GZ_CONFIG_PATH': '/opt/ros/jazzy/opt/sdformat_vendor/share/gz', 'ROS_PACKAGE_PATH': '/home/sejong/Desktop/SH_ws/install/ros2_interfaces/share', 'XDG_SESSION_TYPE': 'x11', 'CLUTTER_DISABLE_MIPMAPPED_TEXT': '1', 'SHLVL': '1', 'LD_LIBRARY_PATH': '/home/sejong/Desktop/SH_ws/install/ros2_interfaces/lib:/opt/ros/jazzy/opt/sdformat_vendor/lib:/opt/ros/jazzy/opt/rviz_ogre_vendor/lib:/opt/ros/jazzy/lib/aarch64-linux-gnu:/opt/ros/jazzy/opt/gz_math_vendor/lib:/opt/ros/jazzy/opt/gz_utils_vendor/lib:/opt/ros/jazzy/opt/gz_tools_vendor/lib:/opt/ros/jazzy/opt/gz_cmake_vendor/lib:/opt/ros/jazzy/lib:/usr/local/cuda-13.2/lib64:', 'HOME': '/home/sejong', 'OLDPWD': '/home/sejong', 'DESKTOP_SESSION': 'ubuntu', 'ROS_PYTHON_VERSION': '3', 'GNOME_SHELL_SESSION_MODE': 'ubuntu', 'GTK_MODULES': 'gail:atk-bridge', 'SYSTEMD_EXEC_PID': '13162', 'GSM_SKIP_SSH_AGENT_WORKAROUND': 'true', 'DBUS_SESSION_BUS_ADDRESS': 'unix:path=/run/user/2001/bus', 'COLORTERM': 'truecolor', 'DEBUGINFOD_URLS': 'https://debuginfod.ubuntu.com', 'IM_CONFIG_PHASE': '1', 'COLCON_PREFIX_PATH': '/home/sejong/Desktop/SH_ws/install', 'ROS_DISTRO': 'jazzy', 'LOGNAME': 'sejong', '_': '/usr/bin/colcon', 'ROS_VERSION': '2', 'PKG_CONFIG_PATH': '/home/sejong/Desktop/SH_ws/install/ros2_interfaces/lib/aarch64-linux-gnu/pkgconfig:/home/sejong/Desktop/SH_ws/install/ros2_interfaces/lib/pkgconfig', 'XDG_SESSION_CLASS': 'user', 'USERNAME': 'sejong', 'TERM': 'xterm-256color', 'GNOME_DESKTOP_SESSION_ID': 'this-is-deprecated', 'WINDOWPATH': '2', 'PATH': '/home/sejong/.local/bin:/opt/ros/jazzy/opt/gz_tools_vendor/bin:/opt/ros/jazzy/bin:/usr/local/cuda-13.2/bin:/home/sejong/.local/bin:/usr/local/sbin:/usr/local/bin:/usr/sbin:/usr/bin:/sbin:/bin:/usr/games:/usr/local/games:/snap/bin:/snap/bin', 'SESSION_MANAGER': 'local/localhost.localdomain:@/tmp/.ICE-unix/13131,unix/localhost.localdomain:/tmp/.ICE-unix/13131', 'XDG_MENU_PREFIX': 'gnome-', 'GNOME_TERMINAL_SCREEN': '/org/gnome/Terminal/screen/92d96b46_1f1e_4837_9845_b22a7e0410af', 'XDG_RUNTIME_DIR': '/run/user/2001', 'DISPLAY': ':1', 'LANG': 'en_US.UTF-8', 'XDG_CURRENT_DESKTOP': 'ubuntu:GNOME', 'XMODIFIERS': '@im=ibus', 'XDG_SESSION_DESKTOP': 'ubuntu', 'XAUTHORITY': '/run/user/2001/gdm/Xauthority', 'LS_COLORS': 'rs=0:di=01;34:ln=01;36:mh=00:pi=40;33:so=01;35:do=01;35:bd=40;33;01:cd=40;33;01:or=40;31;01:mi=00:su=37;41:sg=30;43:ca=00:tw=30;42:ow=34;42:st=37;44:ex=01;32:*.tar=01;31:*.tgz=01;31:*.arc=01;31:*.arj=01;31:*.taz=01;31:*.lha=01;31:*.lz4=01;31:*.lzh=01;31:*.lzma=01;31:*.tlz=01;31:*.txz=01;31:*.tzo=01;31:*.t7z=01;31:*.zip=01;31:*.z=01;31:*.dz=01;31:*.gz=01;31:*.lrz=01;31:*.lz=01;31:*.lzo=01;31:*.xz=01;31:*.zst=01;31:*.tzst=01;31:*.bz2=01;31:*.bz=01;31:*.tbz=01;31:*.tbz2=01;31:*.tz=01;31:*.deb=01;31:*.rpm=01;31:*.jar=01;31:*.war=01;31:*.ear=01;31:*.sar=01;31:*.rar=01;31:*.alz=01;31:*.ace=01;31:*.zoo=01;31:*.cpio=01;31:*.7z=01;31:*.rz=01;31:*.cab=01;31:*.wim=01;31:*.swm=01;31:*.dwm=01;31:*.esd=01;31:*.avif=01;35:*.jpg=01;35:*.jpeg=01;35:*.mjpg=01;35:*.mjpeg=01;35:*.gif=01;35:*.bmp=01;35:*.pbm=01;35:*.pgm=01;35:*.ppm=01;35:*.tga=01;35:*.xbm=01;35:*.xpm=01;35:*.tif=01;35:*.tiff=01;35:*.png=01;35:*.svg=01;35:*.svgz=01;35:*.mng=01;35:*.pcx=01;35:*.mov=01;35:*.mpg=01;35:*.mpeg=01;35:*.m2v=01;35:*.mkv=01;35:*.webm=01;35:*.webp=01;35:*.ogm=01;35:*.mp4=01;35:*.m4v=01;35:*.mp4v=01;35:*.vob=01;35:*.qt=01;35:*.nuv=01;35:*.wmv=01;35:*.asf=01;35:*.rm=01;35:*.rmvb=01;35:*.flc=01;35:*.avi=01;35:*.fli=01;35:*.flv=01;35:*.gl=01;35:*.dl=01;35:*.xcf=01;35:*.xwd=01;35:*.yuv=01;35:*.cgm=01;35:*.emf=01;35:*.ogv=01;35:*.ogx=01;35:*.aac=00;36:*.au=00;36:*.flac=00;36:*.m4a=00;36:*.mid=00;36:*.midi=00;36:*.mka=00;36:*.mp3=00;36:*.mpc=00;36:*.ogg=00;36:*.ra=00;36:*.wav=00;36:*.oga=00;36:*.opus=00;36:*.spx=00;36:*.xspf=00;36:*~=00;90:*#=00;90:*.bak=00;90:*.crdownload=00;90:*.dpkg-dist=00;90:*.dpkg-new=00;90:*.dpkg-old=00;90:*.dpkg-tmp=00;90:*.old=00;90:*.orig=00;90:*.part=00;90:*.rej=00;90:*.rpmnew=00;90:*.rpmorig=00;90:*.rpmsave=00;90:*.swp=00;90:*.tmp=00;90:*.ucf-dist=00;90:*.ucf-new=00;90:*.ucf-old=00;90:', 'GNOME_TERMINAL_SERVICE': ':1.104', 'SSH_AUTH_SOCK': '/run/user/2001/keyring/ssh', 'AMENT_PREFIX_PATH': '/home/sejong/Desktop/SH_ws/install/SH_Humanoid_description:/home/sejong/Desktop/SH_ws/install/sh_motion_demo:/home/sejong/Desktop/SH_ws/install/sh_motion_cpp:/home/sejong/Desktop/SH_ws/install/SH_moveit_head_config:/home/sejong/Desktop/SH_ws/install/SH_moveit_demo_config:/home/sejong/Desktop/SH_ws/install/SH_moveit_config:/opt/ros/jazzy', 'SHELL': '/bin/bash', 'QT_ACCESSIBILITY': '1', 'GDMSESSION': 'ubuntu', 'LESSCLOSE': '/usr/bin/lesspipe %s %s', 'GPG_AGENT_INFO': '/run/user/2001/gnupg/S.gpg-agent:0:1', 'ROS_AUTOMATIC_DISCOVERY_RANGE': 'SUBNET', 'QT_IM_MODULE': 'ibus', 'PWD': '/home/sejong/Desktop/SH_ws/build/SH_moveit_config', 'XDG_CONFIG_DIRS': '/etc/xdg/xdg-ubuntu:/etc/xdg', 'XDG_DATA_DIRS': '/usr/share/ubuntu:/usr/share/gnome:/usr/local/share/:/usr/share/:/var/lib/snapd/desktop', 'PYTHONPATH': '/home/sejong/Desktop/SH_ws/install/SH_Humanoid_description/lib/python3.12/site-packages:/home/sejong/Desktop/SH_ws/install/sh_motion_demo/lib/python3.12/site-packages:/home/sejong/Desktop/SH_ws/install/ros2_interfaces/lib/python3.12/site-packages:/opt/ros/jazzy/lib/python3.12/site-packages', 'COLCON': '1', 'VTE_VERSION': '7600', 'CMAKE_PREFIX_PATH': '/home/sejong/Desktop/SH_ws/install/sh_motion_cpp:/home/sejong/Desktop/SH_ws/install/sh_motion_demo:/home/sejong/Desktop/SH_ws/install/SH_Humanoid_description:/opt/ros/jazzy:/home/sejong/Desktop/SH_ws/install/ros2_interfaces:/home/sejong/Desktop/SH_ws/install/SH_moveit_head_config:/home/sejong/Desktop/SH_ws/install/SH_moveit_demo_config:/home/sejong/Desktop/SH_ws/install/SH_moveit_config:/opt/ros/jazzy/opt/sdformat_vendor:/opt/ros/jazzy/opt/gz_math_vendor:/opt/ros/jazzy/opt/gz_utils_vendor:/opt/ros/jazzy/opt/gz_tools_vendor:/opt/ros/jazzy/opt/gz_cmake_vendor'}), 'shell': False}
[1.344752] (SH_moveit_demo_config) StdoutLine: {'line': b'-- Install configuration: ""\n'}
[1.345363] (SH_moveit_demo_config) StdoutLine: {'line': b'-- Execute custom install script\n'}
[1.345698] (SH_moveit_demo_config) StdoutLine: {'line': b'-- Up-to-date symlink: /home/sejong/Desktop/SH_ws/install/SH_moveit_demo_config/share/ament_index/resource_index/package_run_dependencies/SH_moveit_demo_config\n'}
[1.345973] (SH_moveit_demo_config) StdoutLine: {'line': b'-- Up-to-date symlink: /home/sejong/Desktop/SH_ws/install/SH_moveit_demo_config/share/ament_index/resource_index/parent_prefix_path/SH_moveit_demo_config\n'}
[1.346563] (SH_moveit_demo_config) StdoutLine: {'line': b'-- Up-to-date symlink: /home/sejong/Desktop/SH_ws/install/SH_moveit_demo_config/share/SH_moveit_demo_config/environment/ament_prefix_path.sh\n'}
[1.346842] (SH_moveit_demo_config) StdoutLine: {'line': b'-- Up-to-date symlink: /home/sejong/Desktop/SH_ws/install/SH_moveit_demo_config/share/SH_moveit_demo_config/environment/ament_prefix_path.dsv\n'}
[1.347308] (SH_moveit_demo_config) StdoutLine: {'line': b'-- Up-to-date symlink: /home/sejong/Desktop/SH_ws/install/SH_moveit_demo_config/share/SH_moveit_demo_config/environment/path.sh\n'}
[1.347555] (SH_moveit_demo_config) StdoutLine: {'line': b'-- Up-to-date symlink: /home/sejong/Desktop/SH_ws/install/SH_moveit_demo_config/share/SH_moveit_demo_config/environment/path.dsv\n'}
[1.347856] (SH_moveit_demo_config) StdoutLine: {'line': b'-- Up-to-date symlink: /home/sejong/Desktop/SH_ws/install/SH_moveit_demo_config/share/SH_moveit_demo_config/local_setup.bash\n'}
[1.348295] (SH_moveit_demo_config) StdoutLine: {'line': b'-- Up-to-date symlink: /home/sejong/Desktop/SH_ws/install/SH_moveit_demo_config/share/SH_moveit_demo_config/local_setup.sh\n'}
[1.349552] (SH_moveit_head_config) CommandEnded: {'returncode': 0}
[1.349973] (SH_moveit_demo_config) StdoutLine: {'line': b'-- Up-to-date symlink: /home/sejong/Desktop/SH_ws/install/SH_moveit_demo_config/share/SH_moveit_demo_config/local_setup.zsh\n'}
[1.350656] (SH_moveit_demo_config) StdoutLine: {'line': b'-- Up-to-date symlink: /home/sejong/Desktop/SH_ws/install/SH_moveit_demo_config/share/SH_moveit_demo_config/local_setup.dsv\n'}
[1.350790] (SH_moveit_demo_config) StdoutLine: {'line': b'-- Symlinking: /home/sejong/Desktop/SH_ws/install/SH_moveit_demo_config/share/SH_moveit_demo_config/package.dsv\n'}
[1.350926] (SH_moveit_head_config) JobProgress: {'identifier': 'SH_moveit_head_config', 'progress': 'install'}
[1.351008] (SH_moveit_config) StdoutLine: {'line': b'-- Install configuration: ""\n'}
[1.351174] (SH_moveit_head_config) Command: {'cmd': ['/usr/bin/cmake', '--install', '/home/sejong/Desktop/SH_ws/build/SH_moveit_head_config'], 'cwd': '/home/sejong/Desktop/SH_ws/build/SH_moveit_head_config', 'env': OrderedDict({'LESSOPEN': '| /usr/bin/lesspipe %s', 'USER': 'sejong', 'GZ_CONFIG_PATH': '/opt/ros/jazzy/opt/sdformat_vendor/share/gz', 'ROS_PACKAGE_PATH': '/home/sejong/Desktop/SH_ws/install/ros2_interfaces/share', 'XDG_SESSION_TYPE': 'x11', 'CLUTTER_DISABLE_MIPMAPPED_TEXT': '1', 'SHLVL': '1', 'LD_LIBRARY_PATH': '/home/sejong/Desktop/SH_ws/install/ros2_interfaces/lib:/opt/ros/jazzy/opt/sdformat_vendor/lib:/opt/ros/jazzy/opt/rviz_ogre_vendor/lib:/opt/ros/jazzy/lib/aarch64-linux-gnu:/opt/ros/jazzy/opt/gz_math_vendor/lib:/opt/ros/jazzy/opt/gz_utils_vendor/lib:/opt/ros/jazzy/opt/gz_tools_vendor/lib:/opt/ros/jazzy/opt/gz_cmake_vendor/lib:/opt/ros/jazzy/lib:/usr/local/cuda-13.2/lib64:', 'HOME': '/home/sejong', 'OLDPWD': '/home/sejong', 'DESKTOP_SESSION': 'ubuntu', 'ROS_PYTHON_VERSION': '3', 'GNOME_SHELL_SESSION_MODE': 'ubuntu', 'GTK_MODULES': 'gail:atk-bridge', 'SYSTEMD_EXEC_PID': '13162', 'GSM_SKIP_SSH_AGENT_WORKAROUND': 'true', 'DBUS_SESSION_BUS_ADDRESS': 'unix:path=/run/user/2001/bus', 'COLORTERM': 'truecolor', 'DEBUGINFOD_URLS': 'https://debuginfod.ubuntu.com', 'IM_CONFIG_PHASE': '1', 'COLCON_PREFIX_PATH': '/home/sejong/Desktop/SH_ws/install', 'ROS_DISTRO': 'jazzy', 'LOGNAME': 'sejong', '_': '/usr/bin/colcon', 'ROS_VERSION': '2', 'PKG_CONFIG_PATH': '/home/sejong/Desktop/SH_ws/install/ros2_interfaces/lib/aarch64-linux-gnu/pkgconfig:/home/sejong/Desktop/SH_ws/install/ros2_interfaces/lib/pkgconfig', 'XDG_SESSION_CLASS': 'user', 'USERNAME': 'sejong', 'TERM': 'xterm-256color', 'GNOME_DESKTOP_SESSION_ID': 'this-is-deprecated', 'WINDOWPATH': '2', 'PATH': '/home/sejong/.local/bin:/opt/ros/jazzy/opt/gz_tools_vendor/bin:/opt/ros/jazzy/bin:/usr/local/cuda-13.2/bin:/home/sejong/.local/bin:/usr/local/sbin:/usr/local/bin:/usr/sbin:/usr/bin:/sbin:/bin:/usr/games:/usr/local/games:/snap/bin:/snap/bin', 'SESSION_MANAGER': 'local/localhost.localdomain:@/tmp/.ICE-unix/13131,unix/localhost.localdomain:/tmp/.ICE-unix/13131', 'XDG_MENU_PREFIX': 'gnome-', 'GNOME_TERMINAL_SCREEN': '/org/gnome/Terminal/screen/92d96b46_1f1e_4837_9845_b22a7e0410af', 'XDG_RUNTIME_DIR': '/run/user/2001', 'DISPLAY': ':1', 'LANG': 'en_US.UTF-8', 'XDG_CURRENT_DESKTOP': 'ubuntu:GNOME', 'XMODIFIERS': '@im=ibus', 'XDG_SESSION_DESKTOP': 'ubuntu', 'XAUTHORITY': '/run/user/2001/gdm/Xauthority', 'LS_COLORS': 'rs=0:di=01;34:ln=01;36:mh=00:pi=40;33:so=01;35:do=01;35:bd=40;33;01:cd=40;33;01:or=40;31;01:mi=00:su=37;41:sg=30;43:ca=00:tw=30;42:ow=34;42:st=37;44:ex=01;32:*.tar=01;31:*.tgz=01;31:*.arc=01;31:*.arj=01;31:*.taz=01;31:*.lha=01;31:*.lz4=01;31:*.lzh=01;31:*.lzma=01;31:*.tlz=01;31:*.txz=01;31:*.tzo=01;31:*.t7z=01;31:*.zip=01;31:*.z=01;31:*.dz=01;31:*.gz=01;31:*.lrz=01;31:*.lz=01;31:*.lzo=01;31:*.xz=01;31:*.zst=01;31:*.tzst=01;31:*.bz2=01;31:*.bz=01;31:*.tbz=01;31:*.tbz2=01;31:*.tz=01;31:*.deb=01;31:*.rpm=01;31:*.jar=01;31:*.war=01;31:*.ear=01;31:*.sar=01;31:*.rar=01;31:*.alz=01;31:*.ace=01;31:*.zoo=01;31:*.cpio=01;31:*.7z=01;31:*.rz=01;31:*.cab=01;31:*.wim=01;31:*.swm=01;31:*.dwm=01;31:*.esd=01;31:*.avif=01;35:*.jpg=01;35:*.jpeg=01;35:*.mjpg=01;35:*.mjpeg=01;35:*.gif=01;35:*.bmp=01;35:*.pbm=01;35:*.pgm=01;35:*.ppm=01;35:*.tga=01;35:*.xbm=01;35:*.xpm=01;35:*.tif=01;35:*.tiff=01;35:*.png=01;35:*.svg=01;35:*.svgz=01;35:*.mng=01;35:*.pcx=01;35:*.mov=01;35:*.mpg=01;35:*.mpeg=01;35:*.m2v=01;35:*.mkv=01;35:*.webm=01;35:*.webp=01;35:*.ogm=01;35:*.mp4=01;35:*.m4v=01;35:*.mp4v=01;35:*.vob=01;35:*.qt=01;35:*.nuv=01;35:*.wmv=01;35:*.asf=01;35:*.rm=01;35:*.rmvb=01;35:*.flc=01;35:*.avi=01;35:*.fli=01;35:*.flv=01;35:*.gl=01;35:*.dl=01;35:*.xcf=01;35:*.xwd=01;35:*.yuv=01;35:*.cgm=01;35:*.emf=01;35:*.ogv=01;35:*.ogx=01;35:*.aac=00;36:*.au=00;36:*.flac=00;36:*.m4a=00;36:*.mid=00;36:*.midi=00;36:*.mka=00;36:*.mp3=00;36:*.mpc=00;36:*.ogg=00;36:*.ra=00;36:*.wav=00;36:*.oga=00;36:*.opus=00;36:*.spx=00;36:*.xspf=00;36:*~=00;90:*#=00;90:*.bak=00;90:*.crdownload=00;90:*.dpkg-dist=00;90:*.dpkg-new=00;90:*.dpkg-old=00;90:*.dpkg-tmp=00;90:*.old=00;90:*.orig=00;90:*.part=00;90:*.rej=00;90:*.rpmnew=00;90:*.rpmorig=00;90:*.rpmsave=00;90:*.swp=00;90:*.tmp=00;90:*.ucf-dist=00;90:*.ucf-new=00;90:*.ucf-old=00;90:', 'GNOME_TERMINAL_SERVICE': ':1.104', 'SSH_AUTH_SOCK': '/run/user/2001/keyring/ssh', 'AMENT_PREFIX_PATH': '/home/sejong/Desktop/SH_ws/install/SH_Humanoid_description:/home/sejong/Desktop/SH_ws/install/sh_motion_demo:/home/sejong/Desktop/SH_ws/install/sh_motion_cpp:/home/sejong/Desktop/SH_ws/install/SH_moveit_head_config:/home/sejong/Desktop/SH_ws/install/SH_moveit_demo_config:/home/sejong/Desktop/SH_ws/install/SH_moveit_config:/opt/ros/jazzy', 'SHELL': '/bin/bash', 'QT_ACCESSIBILITY': '1', 'GDMSESSION': 'ubuntu', 'LESSCLOSE': '/usr/bin/lesspipe %s %s', 'GPG_AGENT_INFO': '/run/user/2001/gnupg/S.gpg-agent:0:1', 'ROS_AUTOMATIC_DISCOVERY_RANGE': 'SUBNET', 'QT_IM_MODULE': 'ibus', 'PWD': '/home/sejong/Desktop/SH_ws/build/SH_moveit_head_config', 'XDG_CONFIG_DIRS': '/etc/xdg/xdg-ubuntu:/etc/xdg', 'XDG_DATA_DIRS': '/usr/share/ubuntu:/usr/share/gnome:/usr/local/share/:/usr/share/:/var/lib/snapd/desktop', 'PYTHONPATH': '/home/sejong/Desktop/SH_ws/install/SH_Humanoid_description/lib/python3.12/site-packages:/home/sejong/Desktop/SH_ws/install/sh_motion_demo/lib/python3.12/site-packages:/home/sejong/Desktop/SH_ws/install/ros2_interfaces/lib/python3.12/site-packages:/opt/ros/jazzy/lib/python3.12/site-packages', 'COLCON': '1', 'VTE_VERSION': '7600', 'CMAKE_PREFIX_PATH': '/home/sejong/Desktop/SH_ws/install/sh_motion_cpp:/home/sejong/Desktop/SH_ws/install/sh_motion_demo:/home/sejong/Desktop/SH_ws/install/SH_Humanoid_description:/opt/ros/jazzy:/home/sejong/Desktop/SH_ws/install/ros2_interfaces:/home/sejong/Desktop/SH_ws/install/SH_moveit_head_config:/home/sejong/Desktop/SH_ws/install/SH_moveit_demo_config:/home/sejong/Desktop/SH_ws/install/SH_moveit_config:/opt/ros/jazzy/opt/sdformat_vendor:/opt/ros/jazzy/opt/gz_math_vendor:/opt/ros/jazzy/opt/gz_utils_vendor:/opt/ros/jazzy/opt/gz_tools_vendor:/opt/ros/jazzy/opt/gz_cmake_vendor'}), 'shell': False}
[1.351564] (SH_moveit_config) StdoutLine: {'line': b'-- Execute custom install script\n'}
[1.351694] (SH_moveit_config) StdoutLine: {'line': b'-- Up-to-date symlink: /home/sejong/Desktop/SH_ws/install/SH_moveit_config/share/ament_index/resource_index/package_run_dependencies/SH_moveit_config\n'}
[1.351818] (SH_moveit_config) StdoutLine: {'line': b'-- Up-to-date symlink: /home/sejong/Desktop/SH_ws/install/SH_moveit_config/share/ament_index/resource_index/parent_prefix_path/SH_moveit_config\n'}
[1.351941] (SH_moveit_config) StdoutLine: {'line': b'-- Up-to-date symlink: /home/sejong/Desktop/SH_ws/install/SH_moveit_config/share/SH_moveit_config/environment/ament_prefix_path.sh\n'}
[1.352062] (SH_moveit_config) StdoutLine: {'line': b'-- Up-to-date symlink: /home/sejong/Desktop/SH_ws/install/SH_moveit_config/share/SH_moveit_config/environment/ament_prefix_path.dsv\n'}
[1.352181] (SH_moveit_config) StdoutLine: {'line': b'-- Up-to-date symlink: /home/sejong/Desktop/SH_ws/install/SH_moveit_config/share/SH_moveit_config/environment/path.sh\n'}
[1.352302] (SH_moveit_config) StdoutLine: {'line': b'-- Up-to-date symlink: /home/sejong/Desktop/SH_ws/install/SH_moveit_config/share/SH_moveit_config/environment/path.dsv\n'}
[1.352424] (SH_moveit_config) StdoutLine: {'line': b'-- Up-to-date symlink: /home/sejong/Desktop/SH_ws/install/SH_moveit_config/share/SH_moveit_config/local_setup.bash\n'}
[1.352545] (SH_moveit_config) StdoutLine: {'line': b'-- Up-to-date symlink: /home/sejong/Desktop/SH_ws/install/SH_moveit_config/share/SH_moveit_config/local_setup.sh\n'}
[1.352665] (SH_moveit_config) StdoutLine: {'line': b'-- Up-to-date symlink: /home/sejong/Desktop/SH_ws/install/SH_moveit_config/share/SH_moveit_config/local_setup.zsh\n'}
[1.352787] (SH_moveit_config) StdoutLine: {'line': b'-- Up-to-date symlink: /home/sejong/Desktop/SH_ws/install/SH_moveit_config/share/SH_moveit_config/local_setup.dsv\n'}
[1.352906] (SH_moveit_config) StdoutLine: {'line': b'-- Symlinking: /home/sejong/Desktop/SH_ws/install/SH_moveit_config/share/SH_moveit_config/package.dsv\n'}
[1.357100] (SH_moveit_head_config) StdoutLine: {'line': b'-- Install configuration: ""\n'}
[1.357370] (SH_moveit_head_config) StdoutLine: {'line': b'-- Execute custom install script\n'}
[1.357532] (SH_moveit_head_config) StdoutLine: {'line': b'-- Up-to-date symlink: /home/sejong/Desktop/SH_ws/install/SH_moveit_head_config/share/ament_index/resource_index/package_run_dependencies/SH_moveit_head_config\n'}
[1.357664] (SH_moveit_head_config) StdoutLine: {'line': b'-- Up-to-date symlink: /home/sejong/Desktop/SH_ws/install/SH_moveit_head_config/share/ament_index/resource_index/parent_prefix_path/SH_moveit_head_config\n'}
[1.357793] (SH_moveit_head_config) StdoutLine: {'line': b'-- Up-to-date symlink: /home/sejong/Desktop/SH_ws/install/SH_moveit_head_config/share/SH_moveit_head_config/environment/ament_prefix_path.sh\n'}
[1.357919] (SH_moveit_head_config) StdoutLine: {'line': b'-- Up-to-date symlink: /home/sejong/Desktop/SH_ws/install/SH_moveit_head_config/share/SH_moveit_head_config/environment/ament_prefix_path.dsv\n'}
[1.358042] (SH_moveit_head_config) StdoutLine: {'line': b'-- Up-to-date symlink: /home/sejong/Desktop/SH_ws/install/SH_moveit_head_config/share/SH_moveit_head_config/environment/path.sh\n'}
[1.358169] (SH_moveit_head_config) StdoutLine: {'line': b'-- Up-to-date symlink: /home/sejong/Desktop/SH_ws/install/SH_moveit_head_config/share/SH_moveit_head_config/environment/path.dsv\n'}
[1.358292] (SH_moveit_head_config) StdoutLine: {'line': b'-- Up-to-date symlink: /home/sejong/Desktop/SH_ws/install/SH_moveit_head_config/share/SH_moveit_head_config/local_setup.bash\n'}
[1.358444] (SH_moveit_head_config) StdoutLine: {'line': b'-- Up-to-date symlink: /home/sejong/Desktop/SH_ws/install/SH_moveit_head_config/share/SH_moveit_head_config/local_setup.sh\n'}
[1.358578] (SH_moveit_head_config) StdoutLine: {'line': b'-- Up-to-date symlink: /home/sejong/Desktop/SH_ws/install/SH_moveit_head_config/share/SH_moveit_head_config/local_setup.zsh\n'}
[1.358705] (SH_moveit_head_config) StdoutLine: {'line': b'-- Up-to-date symlink: /home/sejong/Desktop/SH_ws/install/SH_moveit_head_config/share/SH_moveit_head_config/local_setup.dsv\n'}
[1.358848] (SH_moveit_head_config) StdoutLine: {'line': b'-- Symlinking: /home/sejong/Desktop/SH_ws/install/SH_moveit_head_config/share/SH_moveit_head_config/package.dsv\n'}
[1.358974] (SH_moveit_demo_config) StdoutLine: {'line': b'-- Up-to-date symlink: /home/sejong/Desktop/SH_ws/install/SH_moveit_demo_config/share/ament_index/resource_index/packages/SH_moveit_demo_config\n'}
[1.359120] (SH_moveit_demo_config) StdoutLine: {'line': b'-- Up-to-date symlink: /home/sejong/Desktop/SH_ws/install/SH_moveit_demo_config/share/SH_moveit_demo_config/cmake/SH_moveit_demo_configConfig.cmake\n'}
[1.359246] (SH_moveit_demo_config) StdoutLine: {'line': b'-- Up-to-date symlink: /home/sejong/Desktop/SH_ws/install/SH_moveit_demo_config/share/SH_moveit_demo_config/cmake/SH_moveit_demo_configConfig-version.cmake\n'}
[1.359396] (SH_moveit_demo_config) StdoutLine: {'line': b'-- Up-to-date symlink: /home/sejong/Desktop/SH_ws/install/SH_moveit_demo_config/share/SH_moveit_demo_config/package.xml\n'}
[1.359875] (SH_moveit_demo_config) StdoutLine: {'line': b'-- Up-to-date symlink: /home/sejong/Desktop/SH_ws/install/SH_moveit_demo_config/share/SH_moveit_demo_config/launch/demo.launch.py\n'}
[1.360056] (SH_moveit_demo_config) StdoutLine: {'line': b'-- Up-to-date symlink: /home/sejong/Desktop/SH_ws/install/SH_moveit_demo_config/share/SH_moveit_demo_config/launch/move_group.launch.py\n'}
[1.360216] (SH_moveit_demo_config) StdoutLine: {'line': b'-- Up-to-date symlink: /home/sejong/Desktop/SH_ws/install/SH_moveit_demo_config/share/SH_moveit_demo_config/launch/moveit_rviz.launch.py\n'}
[1.360386] (SH_moveit_demo_config) StdoutLine: {'line': b'-- Up-to-date symlink: /home/sejong/Desktop/SH_ws/install/SH_moveit_demo_config/share/SH_moveit_demo_config/launch/rsp.launch.py\n'}
[1.360539] (SH_moveit_demo_config) StdoutLine: {'line': b'-- Up-to-date symlink: /home/sejong/Desktop/SH_ws/install/SH_moveit_demo_config/share/SH_moveit_demo_config/launch/servo.launch.py\n'}
[1.360695] (SH_moveit_demo_config) StdoutLine: {'line': b'-- Up-to-date symlink: /home/sejong/Desktop/SH_ws/install/SH_moveit_demo_config/share/SH_moveit_demo_config/launch/setup_assistant.launch.py\n'}
[1.360850] (SH_moveit_demo_config) StdoutLine: {'line': b'-- Up-to-date symlink: /home/sejong/Desktop/SH_ws/install/SH_moveit_demo_config/share/SH_moveit_demo_config/launch/spawn_controllers.launch.py\n'}
[1.361658] (SH_moveit_demo_config) StdoutLine: {'line': b'-- Up-to-date symlink: /home/sejong/Desktop/SH_ws/install/SH_moveit_demo_config/share/SH_moveit_demo_config/launch/static_virtual_joint_tfs.launch.py\n'}
[1.361803] (SH_moveit_demo_config) StdoutLine: {'line': b'-- Up-to-date symlink: /home/sejong/Desktop/SH_ws/install/SH_moveit_demo_config/share/SH_moveit_demo_config/launch/warehouse_db.launch.py\n'}
[1.361921] (SH_moveit_demo_config) StdoutLine: {'line': b'-- Up-to-date symlink: /home/sejong/Desktop/SH_ws/install/SH_moveit_demo_config/share/SH_moveit_demo_config/config/SH_Humanoid.ros2_control.xacro\n'}
[1.362103] (SH_moveit_demo_config) StdoutLine: {'line': b'-- Up-to-date symlink: /home/sejong/Desktop/SH_ws/install/SH_moveit_demo_config/share/SH_moveit_demo_config/config/SH_Humanoid.srdf\n'}
[1.362245] (SH_moveit_demo_config) StdoutLine: {'line': b'-- Up-to-date symlink: /home/sejong/Desktop/SH_ws/install/SH_moveit_demo_config/share/SH_moveit_demo_config/config/SH_Humanoid.urdf.xacro\n'}
[1.362385] (SH_moveit_demo_config) StdoutLine: {'line': b'-- Up-to-date symlink: /home/sejong/Desktop/SH_ws/install/SH_moveit_demo_config/share/SH_moveit_demo_config/config/initial_positions.yaml\n'}
[1.362530] (SH_moveit_config) StdoutLine: {'line': b'-- Up-to-date symlink: /home/sejong/Desktop/SH_ws/install/SH_moveit_config/share/ament_index/resource_index/packages/SH_moveit_config\n'}
[1.362662] (SH_moveit_demo_config) StdoutLine: {'line': b'-- Up-to-date symlink: /home/sejong/Desktop/SH_ws/install/SH_moveit_demo_config/share/SH_moveit_demo_config/config/joint_limits.yaml\n'}
[1.362790] (SH_moveit_config) StdoutLine: {'line': b'-- Up-to-date symlink: /home/sejong/Desktop/SH_ws/install/SH_moveit_config/share/SH_moveit_config/cmake/SH_moveit_configConfig.cmake\n'}
[1.362907] (SH_moveit_config) StdoutLine: {'line': b'-- Up-to-date symlink: /home/sejong/Desktop/SH_ws/install/SH_moveit_config/share/SH_moveit_config/cmake/SH_moveit_configConfig-version.cmake\n'}
[1.363072] (SH_moveit_demo_config) StdoutLine: {'line': b'-- Up-to-date symlink: /home/sejong/Desktop/SH_ws/install/SH_moveit_demo_config/share/SH_moveit_demo_config/config/kinematics.yaml\n'}
[1.363220] (SH_moveit_config) StdoutLine: {'line': b'-- Up-to-date symlink: /home/sejong/Desktop/SH_ws/install/SH_moveit_config/share/SH_moveit_config/package.xml\n'}
[1.363447] (SH_moveit_demo_config) StdoutLine: {'line': b'-- Up-to-date symlink: /home/sejong/Desktop/SH_ws/install/SH_moveit_demo_config/share/SH_moveit_demo_config/config/moveit.rviz\n'}
[1.363625] (SH_moveit_demo_config) StdoutLine: {'line': b'-- Up-to-date symlink: /home/sejong/Desktop/SH_ws/install/SH_moveit_demo_config/share/SH_moveit_demo_config/config/moveit_controllers.yaml\n'}
[1.363796] (SH_moveit_demo_config) StdoutLine: {'line': b'-- Up-to-date symlink: /home/sejong/Desktop/SH_ws/install/SH_moveit_demo_config/share/SH_moveit_demo_config/config/pilz_cartesian_limits.yaml\n'}
[1.363922] (SH_moveit_config) StdoutLine: {'line': b'-- Up-to-date symlink: /home/sejong/Desktop/SH_ws/install/SH_moveit_config/share/SH_moveit_config/launch/demo.launch.py\n'}
[1.364039] (SH_moveit_demo_config) StdoutLine: {'line': b'-- Up-to-date symlink: /home/sejong/Desktop/SH_ws/install/SH_moveit_demo_config/share/SH_moveit_demo_config/config/poses/home.yaml\n'}
[1.364171] (SH_moveit_config) StdoutLine: {'line': b'-- Up-to-date symlink: /home/sejong/Desktop/SH_ws/install/SH_moveit_config/share/SH_moveit_config/launch/move_group.launch.py\n'}
[1.364303] (SH_moveit_demo_config) StdoutLine: {'line': b'-- Up-to-date symlink: /home/sejong/Desktop/SH_ws/install/SH_moveit_demo_config/share/SH_moveit_demo_config/config/poses/wave_left.yaml\n'}
[1.364421] (SH_moveit_config) StdoutLine: {'line': b'-- Up-to-date symlink: /home/sejong/Desktop/SH_ws/install/SH_moveit_config/share/SH_moveit_config/launch/moveit_rviz.launch.py\n'}
[1.364567] (SH_moveit_config) StdoutLine: {'line': b'-- Up-to-date symlink: /home/sejong/Desktop/SH_ws/install/SH_moveit_config/share/SH_moveit_config/launch/rsp.launch.py\n'}
[1.364696] (SH_moveit_demo_config) StdoutLine: {'line': b'-- Up-to-date symlink: /home/sejong/Desktop/SH_ws/install/SH_moveit_demo_config/share/SH_moveit_demo_config/config/poses/wave_ready.yaml\n'}
[1.364825] (SH_moveit_config) StdoutLine: {'line': b'-- Up-to-date symlink: /home/sejong/Desktop/SH_ws/install/SH_moveit_config/share/SH_moveit_config/launch/servo.launch.py\n'}
[1.364958] (SH_moveit_config) StdoutLine: {'line': b'-- Up-to-date symlink: /home/sejong/Desktop/SH_ws/install/SH_moveit_config/share/SH_moveit_config/launch/setup_assistant.launch.py\n'}
[1.365100] (SH_moveit_demo_config) StdoutLine: {'line': b'-- Up-to-date symlink: /home/sejong/Desktop/SH_ws/install/SH_moveit_demo_config/share/SH_moveit_demo_config/config/poses/wave_right.yaml\n'}
[1.365231] (SH_moveit_config) StdoutLine: {'line': b'-- Up-to-date symlink: /home/sejong/Desktop/SH_ws/install/SH_moveit_config/share/SH_moveit_config/launch/spawn_controllers.launch.py\n'}
[1.365393] (SH_moveit_config) StdoutLine: {'line': b'-- Up-to-date symlink: /home/sejong/Desktop/SH_ws/install/SH_moveit_config/share/SH_moveit_config/launch/static_virtual_joint_tfs.launch.py\n'}
[1.365529] (SH_moveit_demo_config) StdoutLine: {'line': b'-- Up-to-date symlink: /home/sejong/Desktop/SH_ws/install/SH_moveit_demo_config/share/SH_moveit_demo_config/config/ros2_controllers.yaml\n'}
[1.365659] (SH_moveit_config) StdoutLine: {'line': b'-- Up-to-date symlink: /home/sejong/Desktop/SH_ws/install/SH_moveit_config/share/SH_moveit_config/launch/warehouse_db.launch.py\n'}
[1.365779] (SH_moveit_demo_config) StdoutLine: {'line': b'-- Up-to-date symlink: /home/sejong/Desktop/SH_ws/install/SH_moveit_demo_config/share/SH_moveit_demo_config/config/servo.yaml\n'}
[1.365911] (SH_moveit_demo_config) StdoutLine: {'line': b'-- Up-to-date symlink: /home/sejong/Desktop/SH_ws/install/SH_moveit_demo_config/share/SH_moveit_demo_config/.setup_assistant\n'}
[1.366029] (SH_moveit_config) StdoutLine: {'line': b'-- Up-to-date symlink: /home/sejong/Desktop/SH_ws/install/SH_moveit_config/share/SH_moveit_config/config/SH_Humanoid.ros2_control.xacro\n'}
[1.366147] (SH_moveit_config) StdoutLine: {'line': b'-- Up-to-date symlink: /home/sejong/Desktop/SH_ws/install/SH_moveit_config/share/SH_moveit_config/config/SH_Humanoid.srdf\n'}
[1.366272] (SH_moveit_config) StdoutLine: {'line': b'-- Up-to-date symlink: /home/sejong/Desktop/SH_ws/install/SH_moveit_config/share/SH_moveit_config/config/SH_Humanoid.urdf.xacro\n'}
[1.366386] (SH_moveit_config) StdoutLine: {'line': b'-- Up-to-date symlink: /home/sejong/Desktop/SH_ws/install/SH_moveit_config/share/SH_moveit_config/config/initial_positions.yaml\n'}
[1.366505] (SH_moveit_config) StdoutLine: {'line': b'-- Up-to-date symlink: /home/sejong/Desktop/SH_ws/install/SH_moveit_config/share/SH_moveit_config/config/joint_limits.yaml\n'}
[1.366620] (SH_moveit_config) StdoutLine: {'line': b'-- Up-to-date symlink: /home/sejong/Desktop/SH_ws/install/SH_moveit_config/share/SH_moveit_config/config/kinematics.yaml\n'}
[1.366734] (SH_moveit_config) StdoutLine: {'line': b'-- Up-to-date symlink: /home/sejong/Desktop/SH_ws/install/SH_moveit_config/share/SH_moveit_config/config/moveit.rviz\n'}
[1.366847] (SH_moveit_config) StdoutLine: {'line': b'-- Up-to-date symlink: /home/sejong/Desktop/SH_ws/install/SH_moveit_config/share/SH_moveit_config/config/moveit_controllers.yaml\n'}
[1.366961] (SH_moveit_config) StdoutLine: {'line': b'-- Up-to-date symlink: /home/sejong/Desktop/SH_ws/install/SH_moveit_config/share/SH_moveit_config/config/pilz_cartesian_limits.yaml\n'}
[1.367108] (SH_moveit_config) StdoutLine: {'line': b'-- Up-to-date symlink: /home/sejong/Desktop/SH_ws/install/SH_moveit_config/share/SH_moveit_config/config/poses/home.yaml\n'}
[1.367230] (SH_moveit_config) StdoutLine: {'line': b'-- Up-to-date symlink: /home/sejong/Desktop/SH_ws/install/SH_moveit_config/share/SH_moveit_config/config/poses/wave_left.yaml\n'}
[1.367402] (SH_moveit_config) StdoutLine: {'line': b'-- Up-to-date symlink: /home/sejong/Desktop/SH_ws/install/SH_moveit_config/share/SH_moveit_config/config/poses/wave_ready.yaml\n'}
[1.367605] (SH_moveit_config) StdoutLine: {'line': b'-- Up-to-date symlink: /home/sejong/Desktop/SH_ws/install/SH_moveit_config/share/SH_moveit_config/config/poses/wave_right.yaml\n'}
[1.367879] (SH_moveit_config) StdoutLine: {'line': b'-- Up-to-date symlink: /home/sejong/Desktop/SH_ws/install/SH_moveit_config/share/SH_moveit_config/config/ros2_controllers.yaml\n'}
[1.368275] (SH_moveit_config) StdoutLine: {'line': b'-- Up-to-date symlink: /home/sejong/Desktop/SH_ws/install/SH_moveit_config/share/SH_moveit_config/config/sensors_3d.yaml\n'}
[1.368931] (SH_moveit_config) StdoutLine: {'line': b'-- Up-to-date symlink: /home/sejong/Desktop/SH_ws/install/SH_moveit_config/share/SH_moveit_config/config/servo.yaml\n'}
[1.369675] (SH_moveit_config) StdoutLine: {'line': b'-- Up-to-date symlink: /home/sejong/Desktop/SH_ws/install/SH_moveit_config/share/SH_moveit_config/.setup_assistant\n'}
[1.370606] (SH_moveit_head_config) StdoutLine: {'line': b'-- Up-to-date symlink: /home/sejong/Desktop/SH_ws/install/SH_moveit_head_config/share/ament_index/resource_index/packages/SH_moveit_head_config\n'}
[1.371024] (SH_moveit_head_config) StdoutLine: {'line': b'-- Up-to-date symlink: /home/sejong/Desktop/SH_ws/install/SH_moveit_head_config/share/SH_moveit_head_config/cmake/SH_moveit_head_configConfig.cmake\n'}
[1.371398] (SH_moveit_head_config) StdoutLine: {'line': b'-- Up-to-date symlink: /home/sejong/Desktop/SH_ws/install/SH_moveit_head_config/share/SH_moveit_head_config/cmake/SH_moveit_head_configConfig-version.cmake\n'}
[1.371704] (SH_moveit_head_config) StdoutLine: {'line': b'-- Up-to-date symlink: /home/sejong/Desktop/SH_ws/install/SH_moveit_head_config/share/SH_moveit_head_config/package.xml\n'}
[1.372012] (SH_moveit_head_config) StdoutLine: {'line': b'-- Up-to-date symlink: /home/sejong/Desktop/SH_ws/install/SH_moveit_head_config/share/SH_moveit_head_config/launch/demo.launch.py\n'}
[1.372134] (SH_moveit_head_config) StdoutLine: {'line': b'-- Up-to-date symlink: /home/sejong/Desktop/SH_ws/install/SH_moveit_head_config/share/SH_moveit_head_config/launch/demo_bridge.launch.py\n'}
[1.372261] (SH_moveit_head_config) StdoutLine: {'line': b'-- Up-to-date symlink: /home/sejong/Desktop/SH_ws/install/SH_moveit_head_config/share/SH_moveit_head_config/launch/move_group.launch.py\n'}
[1.372608] (SH_moveit_head_config) StdoutLine: {'line': b'-- Up-to-date symlink: /home/sejong/Desktop/SH_ws/install/SH_moveit_head_config/share/SH_moveit_head_config/launch/moveit_rviz.launch.py\n'}
[1.372785] (SH_moveit_head_config) StdoutLine: {'line': b'-- Up-to-date symlink: /home/sejong/Desktop/SH_ws/install/SH_moveit_head_config/share/SH_moveit_head_config/launch/rsp.launch.py\n'}
[1.372943] (SH_moveit_head_config) StdoutLine: {'line': b'-- Up-to-date symlink: /home/sejong/Desktop/SH_ws/install/SH_moveit_head_config/share/SH_moveit_head_config/launch/servo.launch.py\n'}
[1.373155] (SH_moveit_head_config) StdoutLine: {'line': b'-- Up-to-date symlink: /home/sejong/Desktop/SH_ws/install/SH_moveit_head_config/share/SH_moveit_head_config/launch/setup_assistant.launch.py\n'}
[1.373304] (SH_moveit_head_config) StdoutLine: {'line': b'-- Up-to-date symlink: /home/sejong/Desktop/SH_ws/install/SH_moveit_head_config/share/SH_moveit_head_config/launch/spawn_controllers.launch.py\n'}
[1.373421] (SH_moveit_head_config) StdoutLine: {'line': b'-- Up-to-date symlink: /home/sejong/Desktop/SH_ws/install/SH_moveit_head_config/share/SH_moveit_head_config/launch/static_virtual_joint_tfs.launch.py\n'}
[1.373536] (SH_moveit_head_config) StdoutLine: {'line': b'-- Up-to-date symlink: /home/sejong/Desktop/SH_ws/install/SH_moveit_head_config/share/SH_moveit_head_config/launch/warehouse_db.launch.py\n'}
[1.373653] (SH_moveit_head_config) StdoutLine: {'line': b'-- Up-to-date symlink: /home/sejong/Desktop/SH_ws/install/SH_moveit_head_config/share/SH_moveit_head_config/config/SH_Humanoid.ros2_control.xacro\n'}
[1.373775] (SH_moveit_head_config) StdoutLine: {'line': b'-- Up-to-date symlink: /home/sejong/Desktop/SH_ws/install/SH_moveit_head_config/share/SH_moveit_head_config/config/SH_Humanoid.srdf\n'}
[1.373972] (SH_moveit_head_config) StdoutLine: {'line': b'-- Up-to-date symlink: /home/sejong/Desktop/SH_ws/install/SH_moveit_head_config/share/SH_moveit_head_config/config/SH_Humanoid.urdf.xacro\n'}
[1.374093] (SH_moveit_head_config) StdoutLine: {'line': b'-- Up-to-date symlink: /home/sejong/Desktop/SH_ws/install/SH_moveit_head_config/share/SH_moveit_head_config/config/initial_positions.yaml\n'}
[1.374211] (SH_moveit_head_config) StdoutLine: {'line': b'-- Up-to-date symlink: /home/sejong/Desktop/SH_ws/install/SH_moveit_head_config/share/SH_moveit_head_config/config/joint_limits.yaml\n'}
[1.374398] (SH_moveit_head_config) StdoutLine: {'line': b'-- Up-to-date symlink: /home/sejong/Desktop/SH_ws/install/SH_moveit_head_config/share/SH_moveit_head_config/config/kinematics.yaml\n'}
[1.374526] (SH_moveit_head_config) StdoutLine: {'line': b'-- Up-to-date symlink: /home/sejong/Desktop/SH_ws/install/SH_moveit_head_config/share/SH_moveit_head_config/config/moveit.rviz\n'}
[1.374640] (SH_moveit_head_config) StdoutLine: {'line': b'-- Up-to-date symlink: /home/sejong/Desktop/SH_ws/install/SH_moveit_head_config/share/SH_moveit_head_config/config/moveit_controllers.yaml\n'}
[1.374761] (SH_moveit_demo_config) CommandEnded: {'returncode': 0}
[1.375074] (SH_moveit_head_config) StdoutLine: {'line': b'-- Up-to-date symlink: /home/sejong/Desktop/SH_ws/install/SH_moveit_head_config/share/SH_moveit_head_config/config/pilz_cartesian_limits.yaml\n'}
[1.375250] (SH_moveit_head_config) StdoutLine: {'line': b'-- Up-to-date symlink: /home/sejong/Desktop/SH_ws/install/SH_moveit_head_config/share/SH_moveit_head_config/config/poses/home.yaml\n'}
[1.375370] (SH_moveit_head_config) StdoutLine: {'line': b'-- Up-to-date symlink: /home/sejong/Desktop/SH_ws/install/SH_moveit_head_config/share/SH_moveit_head_config/config/poses/wave_left.yaml\n'}
[1.375483] (SH_moveit_head_config) StdoutLine: {'line': b'-- Up-to-date symlink: /home/sejong/Desktop/SH_ws/install/SH_moveit_head_config/share/SH_moveit_head_config/config/poses/wave_ready.yaml\n'}
[1.375605] (SH_moveit_head_config) StdoutLine: {'line': b'-- Up-to-date symlink: /home/sejong/Desktop/SH_ws/install/SH_moveit_head_config/share/SH_moveit_head_config/config/poses/wave_right.yaml\n'}
[1.375719] (SH_moveit_head_config) StdoutLine: {'line': b'-- Up-to-date symlink: /home/sejong/Desktop/SH_ws/install/SH_moveit_head_config/share/SH_moveit_head_config/config/ros2_controllers.yaml\n'}
[1.375835] (SH_moveit_head_config) StdoutLine: {'line': b'-- Up-to-date symlink: /home/sejong/Desktop/SH_ws/install/SH_moveit_head_config/share/SH_moveit_head_config/config/servo.yaml\n'}
[1.375948] (SH_moveit_head_config) StdoutLine: {'line': b'-- Up-to-date symlink: /home/sejong/Desktop/SH_ws/install/SH_moveit_head_config/share/SH_moveit_head_config/.setup_assistant\n'}
[1.391131] (SH_moveit_demo_config) JobEnded: {'identifier': 'SH_moveit_demo_config', 'rc': 0}
[1.392299] (SH_moveit_config) CommandEnded: {'returncode': 0}
[1.401108] (-) TimerEvent: {}
[1.406688] (SH_moveit_config) JobEnded: {'identifier': 'SH_moveit_config', 'rc': 0}
[1.407901] (SH_moveit_head_config) CommandEnded: {'returncode': 0}
[1.420688] (SH_moveit_head_config) JobEnded: {'identifier': 'SH_moveit_head_config', 'rc': 0}
[1.501239] (-) TimerEvent: {}
[1.601683] (-) TimerEvent: {}
[1.702162] (-) TimerEvent: {}
[1.802625] (-) TimerEvent: {}
[1.903103] (-) TimerEvent: {}
[2.003603] (-) TimerEvent: {}
[2.104111] (-) TimerEvent: {}
[2.204613] (-) TimerEvent: {}
[2.305104] (-) TimerEvent: {}
[2.405581] (-) TimerEvent: {}
[2.506098] (-) TimerEvent: {}
[2.606591] (-) TimerEvent: {}
[2.707052] (-) TimerEvent: {}
[2.807538] (-) TimerEvent: {}
[2.907988] (-) TimerEvent: {}
[3.008465] (-) TimerEvent: {}
[3.108954] (-) TimerEvent: {}
[3.209429] (-) TimerEvent: {}
[3.309882] (-) TimerEvent: {}
[3.410348] (-) TimerEvent: {}
[3.510817] (-) TimerEvent: {}
[3.612514] (-) TimerEvent: {}
[3.714316] (-) TimerEvent: {}
[3.816044] (-) TimerEvent: {}
[3.917753] (-) TimerEvent: {}
[4.019482] (-) TimerEvent: {}
[4.120950] (-) TimerEvent: {}
[4.222580] (-) TimerEvent: {}
[4.324252] (-) TimerEvent: {}
[4.424722] (-) TimerEvent: {}
[4.526336] (-) TimerEvent: {}
[4.627916] (-) TimerEvent: {}
[4.729290] (-) TimerEvent: {}
[4.830801] (-) TimerEvent: {}
[4.932341] (-) TimerEvent: {}
[5.033966] (-) TimerEvent: {}
[5.097830] (sh_motion_cpp) StdoutLine: {'line': b'[100%] \x1b[32m\x1b[1mLinking CXX executable trajectory_bridge_node\x1b[0m\n'}
[5.134035] (-) TimerEvent: {}
[5.235895] (-) TimerEvent: {}
[5.312290] (sh_motion_cpp) StdoutLine: {'line': b'[100%] Built target trajectory_bridge_node\n'}
[5.330122] (sh_motion_cpp) CommandEnded: {'returncode': 0}
[5.331079] (sh_motion_cpp) JobProgress: {'identifier': 'sh_motion_cpp', 'progress': 'install'}
[5.331525] (sh_motion_cpp) Command: {'cmd': ['/usr/bin/cmake', '--install', '/home/sejong/Desktop/SH_ws/build/sh_motion_cpp'], 'cwd': '/home/sejong/Desktop/SH_ws/build/sh_motion_cpp', 'env': OrderedDict({'LESSOPEN': '| /usr/bin/lesspipe %s', 'USER': 'sejong', 'GZ_CONFIG_PATH': '/opt/ros/jazzy/opt/sdformat_vendor/share/gz', 'ROS_PACKAGE_PATH': '/home/sejong/Desktop/SH_ws/install/ros2_interfaces/share', 'XDG_SESSION_TYPE': 'x11', 'CLUTTER_DISABLE_MIPMAPPED_TEXT': '1', 'SHLVL': '1', 'LD_LIBRARY_PATH': '/home/sejong/Desktop/SH_ws/install/ros2_interfaces/lib:/opt/ros/jazzy/opt/sdformat_vendor/lib:/opt/ros/jazzy/opt/rviz_ogre_vendor/lib:/opt/ros/jazzy/lib/aarch64-linux-gnu:/opt/ros/jazzy/opt/gz_math_vendor/lib:/opt/ros/jazzy/opt/gz_utils_vendor/lib:/opt/ros/jazzy/opt/gz_tools_vendor/lib:/opt/ros/jazzy/opt/gz_cmake_vendor/lib:/opt/ros/jazzy/lib:/usr/local/cuda-13.2/lib64', 'HOME': '/home/sejong', 'OLDPWD': '/home/sejong', 'DESKTOP_SESSION': 'ubuntu', 'ROS_PYTHON_VERSION': '3', 'GNOME_SHELL_SESSION_MODE': 'ubuntu', 'GTK_MODULES': 'gail:atk-bridge', 'SYSTEMD_EXEC_PID': '13162', 'GSM_SKIP_SSH_AGENT_WORKAROUND': 'true', 'DBUS_SESSION_BUS_ADDRESS': 'unix:path=/run/user/2001/bus', 'COLORTERM': 'truecolor', 'DEBUGINFOD_URLS': 'https://debuginfod.ubuntu.com', 'IM_CONFIG_PHASE': '1', 'COLCON_PREFIX_PATH': '/home/sejong/Desktop/SH_ws/install', 'ROS_DISTRO': 'jazzy', 'LOGNAME': 'sejong', '_': '/usr/bin/colcon', 'ROS_VERSION': '2', 'PKG_CONFIG_PATH': '/home/sejong/Desktop/SH_ws/install/ros2_interfaces/lib/aarch64-linux-gnu/pkgconfig:/home/sejong/Desktop/SH_ws/install/ros2_interfaces/lib/pkgconfig', 'XDG_SESSION_CLASS': 'user', 'USERNAME': 'sejong', 'TERM': 'xterm-256color', 'GNOME_DESKTOP_SESSION_ID': 'this-is-deprecated', 'WINDOWPATH': '2', 'PATH': '/home/sejong/.local/bin:/opt/ros/jazzy/opt/gz_tools_vendor/bin:/opt/ros/jazzy/bin:/usr/local/cuda-13.2/bin:/home/sejong/.local/bin:/usr/local/sbin:/usr/local/bin:/usr/sbin:/usr/bin:/sbin:/bin:/usr/games:/usr/local/games:/snap/bin:/snap/bin', 'SESSION_MANAGER': 'local/localhost.localdomain:@/tmp/.ICE-unix/13131,unix/localhost.localdomain:/tmp/.ICE-unix/13131', 'XDG_MENU_PREFIX': 'gnome-', 'GNOME_TERMINAL_SCREEN': '/org/gnome/Terminal/screen/92d96b46_1f1e_4837_9845_b22a7e0410af', 'XDG_RUNTIME_DIR': '/run/user/2001', 'DISPLAY': ':1', 'LANG': 'en_US.UTF-8', 'XDG_CURRENT_DESKTOP': 'ubuntu:GNOME', 'XMODIFIERS': '@im=ibus', 'XDG_SESSION_DESKTOP': 'ubuntu', 'XAUTHORITY': '/run/user/2001/gdm/Xauthority', 'LS_COLORS': 'rs=0:di=01;34:ln=01;36:mh=00:pi=40;33:so=01;35:do=01;35:bd=40;33;01:cd=40;33;01:or=40;31;01:mi=00:su=37;41:sg=30;43:ca=00:tw=30;42:ow=34;42:st=37;44:ex=01;32:*.tar=01;31:*.tgz=01;31:*.arc=01;31:*.arj=01;31:*.taz=01;31:*.lha=01;31:*.lz4=01;31:*.lzh=01;31:*.lzma=01;31:*.tlz=01;31:*.txz=01;31:*.tzo=01;31:*.t7z=01;31:*.zip=01;31:*.z=01;31:*.dz=01;31:*.gz=01;31:*.lrz=01;31:*.lz=01;31:*.lzo=01;31:*.xz=01;31:*.zst=01;31:*.tzst=01;31:*.bz2=01;31:*.bz=01;31:*.tbz=01;31:*.tbz2=01;31:*.tz=01;31:*.deb=01;31:*.rpm=01;31:*.jar=01;31:*.war=01;31:*.ear=01;31:*.sar=01;31:*.rar=01;31:*.alz=01;31:*.ace=01;31:*.zoo=01;31:*.cpio=01;31:*.7z=01;31:*.rz=01;31:*.cab=01;31:*.wim=01;31:*.swm=01;31:*.dwm=01;31:*.esd=01;31:*.avif=01;35:*.jpg=01;35:*.jpeg=01;35:*.mjpg=01;35:*.mjpeg=01;35:*.gif=01;35:*.bmp=01;35:*.pbm=01;35:*.pgm=01;35:*.ppm=01;35:*.tga=01;35:*.xbm=01;35:*.xpm=01;35:*.tif=01;35:*.tiff=01;35:*.png=01;35:*.svg=01;35:*.svgz=01;35:*.mng=01;35:*.pcx=01;35:*.mov=01;35:*.mpg=01;35:*.mpeg=01;35:*.m2v=01;35:*.mkv=01;35:*.webm=01;35:*.webp=01;35:*.ogm=01;35:*.mp4=01;35:*.m4v=01;35:*.mp4v=01;35:*.vob=01;35:*.qt=01;35:*.nuv=01;35:*.wmv=01;35:*.asf=01;35:*.rm=01;35:*.rmvb=01;35:*.flc=01;35:*.avi=01;35:*.fli=01;35:*.flv=01;35:*.gl=01;35:*.dl=01;35:*.xcf=01;35:*.xwd=01;35:*.yuv=01;35:*.cgm=01;35:*.emf=01;35:*.ogv=01;35:*.ogx=01;35:*.aac=00;36:*.au=00;36:*.flac=00;36:*.m4a=00;36:*.mid=00;36:*.midi=00;36:*.mka=00;36:*.mp3=00;36:*.mpc=00;36:*.ogg=00;36:*.ra=00;36:*.wav=00;36:*.oga=00;36:*.opus=00;36:*.spx=00;36:*.xspf=00;36:*~=00;90:*#=00;90:*.bak=00;90:*.crdownload=00;90:*.dpkg-dist=00;90:*.dpkg-new=00;90:*.dpkg-old=00;90:*.dpkg-tmp=00;90:*.old=00;90:*.orig=00;90:*.part=00;90:*.rej=00;90:*.rpmnew=00;90:*.rpmorig=00;90:*.rpmsave=00;90:*.swp=00;90:*.tmp=00;90:*.ucf-dist=00;90:*.ucf-new=00;90:*.ucf-old=00;90:', 'GNOME_TERMINAL_SERVICE': ':1.104', 'SSH_AUTH_SOCK': '/run/user/2001/keyring/ssh', 'AMENT_PREFIX_PATH': '/home/sejong/Desktop/SH_ws/install/sh_motion_demo:/home/sejong/Desktop/SH_ws/install/sh_motion_cpp:/home/sejong/Desktop/SH_ws/install/SH_moveit_head_config:/home/sejong/Desktop/SH_ws/install/SH_moveit_demo_config:/home/sejong/Desktop/SH_ws/install/SH_moveit_config:/home/sejong/Desktop/SH_ws/install/SH_Humanoid_description:/opt/ros/jazzy', 'SHELL': '/bin/bash', 'QT_ACCESSIBILITY': '1', 'GDMSESSION': 'ubuntu', 'LESSCLOSE': '/usr/bin/lesspipe %s %s', 'GPG_AGENT_INFO': '/run/user/2001/gnupg/S.gpg-agent:0:1', 'ROS_AUTOMATIC_DISCOVERY_RANGE': 'SUBNET', 'QT_IM_MODULE': 'ibus', 'PWD': '/home/sejong/Desktop/SH_ws/build/sh_motion_cpp', 'XDG_CONFIG_DIRS': '/etc/xdg/xdg-ubuntu:/etc/xdg', 'XDG_DATA_DIRS': '/usr/share/ubuntu:/usr/share/gnome:/usr/local/share/:/usr/share/:/var/lib/snapd/desktop', 'PYTHONPATH': '/home/sejong/Desktop/SH_ws/install/ros2_interfaces/lib/python3.12/site-packages:/home/sejong/Desktop/SH_ws/install/sh_motion_demo/lib/python3.12/site-packages:/home/sejong/Desktop/SH_ws/install/SH_Humanoid_description/lib/python3.12/site-packages:/opt/ros/jazzy/lib/python3.12/site-packages', 'COLCON': '1', 'VTE_VERSION': '7600', 'CMAKE_PREFIX_PATH': '/home/sejong/Desktop/SH_ws/install/sh_motion_demo:/home/sejong/Desktop/SH_ws/install/SH_Humanoid_description:/opt/ros/jazzy:/home/sejong/Desktop/SH_ws/install/ros2_interfaces:/home/sejong/Desktop/SH_ws/install/sh_motion_cpp:/home/sejong/Desktop/SH_ws/install/SH_moveit_head_config:/home/sejong/Desktop/SH_ws/install/SH_moveit_demo_config:/home/sejong/Desktop/SH_ws/install/SH_moveit_config:/opt/ros/jazzy/opt/sdformat_vendor:/opt/ros/jazzy/opt/gz_math_vendor:/opt/ros/jazzy/opt/gz_utils_vendor:/opt/ros/jazzy/opt/gz_tools_vendor:/opt/ros/jazzy/opt/gz_cmake_vendor'}), 'shell': False}
[5.335951] (-) TimerEvent: {}
[5.342648] (sh_motion_cpp) StdoutLine: {'line': b'-- Install configuration: ""\n'}
[5.343030] (sh_motion_cpp) StdoutLine: {'line': b'-- Execute custom install script\n'}
[5.343559] (sh_motion_cpp) StdoutLine: {'line': b'-- Up-to-date symlink: /home/sejong/Desktop/SH_ws/install/sh_motion_cpp/lib/sh_motion_cpp/wave\n'}
[5.343714] (sh_motion_cpp) StdoutLine: {'line': b'-- Up-to-date symlink: /home/sejong/Desktop/SH_ws/install/sh_motion_cpp/lib/sh_motion_cpp/trajectory_bridge_node\n'}
[5.344032] (sh_motion_cpp) StdoutLine: {'line': b'-- Up-to-date symlink: /home/sejong/Desktop/SH_ws/install/sh_motion_cpp/lib/sh_motion_cpp/joint_state_bridge\n'}
[5.344203] (sh_motion_cpp) StdoutLine: {'line': b'-- Up-to-date symlink: /home/sejong/Desktop/SH_ws/install/sh_motion_cpp/share/ament_index/resource_index/package_run_dependencies/sh_motion_cpp\n'}
[5.344343] (sh_motion_cpp) StdoutLine: {'line': b'-- Up-to-date symlink: /home/sejong/Desktop/SH_ws/install/sh_motion_cpp/share/ament_index/resource_index/parent_prefix_path/sh_motion_cpp\n'}
[5.344484] (sh_motion_cpp) StdoutLine: {'line': b'-- Up-to-date symlink: /home/sejong/Desktop/SH_ws/install/sh_motion_cpp/share/sh_motion_cpp/environment/ament_prefix_path.sh\n'}
[5.344909] (sh_motion_cpp) StdoutLine: {'line': b'-- Up-to-date symlink: /home/sejong/Desktop/SH_ws/install/sh_motion_cpp/share/sh_motion_cpp/environment/ament_prefix_path.dsv\n'}
[5.345069] (sh_motion_cpp) StdoutLine: {'line': b'-- Up-to-date symlink: /home/sejong/Desktop/SH_ws/install/sh_motion_cpp/share/sh_motion_cpp/environment/path.sh\n'}
[5.345209] (sh_motion_cpp) StdoutLine: {'line': b'-- Up-to-date symlink: /home/sejong/Desktop/SH_ws/install/sh_motion_cpp/share/sh_motion_cpp/environment/path.dsv\n'}
[5.345403] (sh_motion_cpp) StdoutLine: {'line': b'-- Up-to-date symlink: /home/sejong/Desktop/SH_ws/install/sh_motion_cpp/share/sh_motion_cpp/local_setup.bash\n'}
[5.345538] (sh_motion_cpp) StdoutLine: {'line': b'-- Up-to-date symlink: /home/sejong/Desktop/SH_ws/install/sh_motion_cpp/share/sh_motion_cpp/local_setup.sh\n'}
[5.345672] (sh_motion_cpp) StdoutLine: {'line': b'-- Up-to-date symlink: /home/sejong/Desktop/SH_ws/install/sh_motion_cpp/share/sh_motion_cpp/local_setup.zsh\n'}
[5.345810] (sh_motion_cpp) StdoutLine: {'line': b'-- Up-to-date symlink: /home/sejong/Desktop/SH_ws/install/sh_motion_cpp/share/sh_motion_cpp/local_setup.dsv\n'}
[5.345943] (sh_motion_cpp) StdoutLine: {'line': b'-- Symlinking: /home/sejong/Desktop/SH_ws/install/sh_motion_cpp/share/sh_motion_cpp/package.dsv\n'}
[5.355822] (sh_motion_cpp) StdoutLine: {'line': b'-- Up-to-date symlink: /home/sejong/Desktop/SH_ws/install/sh_motion_cpp/share/ament_index/resource_index/packages/sh_motion_cpp\n'}
[5.355922] (sh_motion_cpp) StdoutLine: {'line': b'-- Up-to-date symlink: /home/sejong/Desktop/SH_ws/install/sh_motion_cpp/share/sh_motion_cpp/cmake/sh_motion_cppConfig.cmake\n'}
[5.356027] (sh_motion_cpp) StdoutLine: {'line': b'-- Up-to-date symlink: /home/sejong/Desktop/SH_ws/install/sh_motion_cpp/share/sh_motion_cpp/cmake/sh_motion_cppConfig-version.cmake\n'}
[5.356138] (sh_motion_cpp) StdoutLine: {'line': b'-- Up-to-date symlink: /home/sejong/Desktop/SH_ws/install/sh_motion_cpp/share/sh_motion_cpp/package.xml\n'}
[5.359574] (sh_motion_cpp) CommandEnded: {'returncode': 0}
[5.379948] (sh_motion_cpp) JobEnded: {'identifier': 'sh_motion_cpp', 'rc': 0}
[5.381661] (-) EventReactorShutdown: {}
