[0.000000] (-) TimerEvent: {}
[0.000351] (SH_Humanoid_description) JobQueued: {'identifier': 'SH_Humanoid_description', 'dependencies': OrderedDict()}
[0.000446] (ros2_interfaces) JobQueued: {'identifier': 'ros2_interfaces', 'dependencies': OrderedDict()}
[0.000666] (sh_motion_demo) JobQueued: {'identifier': 'sh_motion_demo', 'dependencies': OrderedDict()}
[0.000771] (SH_moveit_config) JobQueued: {'identifier': 'SH_moveit_config', 'dependencies': OrderedDict({'SH_Humanoid_description': '/home/sejong/Desktop/SH_ws/install/SH_Humanoid_description'})}
[0.000922] (SH_moveit_demo_config) JobQueued: {'identifier': 'SH_moveit_demo_config', 'dependencies': OrderedDict({'SH_Humanoid_description': '/home/sejong/Desktop/SH_ws/install/SH_Humanoid_description'})}
[0.001036] (SH_moveit_head_config) JobQueued: {'identifier': 'SH_moveit_head_config', 'dependencies': OrderedDict({'SH_Humanoid_description': '/home/sejong/Desktop/SH_ws/install/SH_Humanoid_description'})}
[0.001071] (sh_motion_cpp) JobQueued: {'identifier': 'sh_motion_cpp', 'dependencies': OrderedDict({'ros2_interfaces': '/home/sejong/Desktop/SH_ws/install/ros2_interfaces'})}
[0.001121] (SH_Humanoid_description) JobStarted: {'identifier': 'SH_Humanoid_description'}
[0.007813] (ros2_interfaces) JobStarted: {'identifier': 'ros2_interfaces'}
[0.011097] (sh_motion_demo) JobStarted: {'identifier': 'sh_motion_demo'}
[0.099700] (-) TimerEvent: {}
[0.200076] (-) TimerEvent: {}
[0.227662] (ros2_interfaces) JobProgress: {'identifier': 'ros2_interfaces', 'progress': 'cmake'}
[0.229343] (ros2_interfaces) JobProgress: {'identifier': 'ros2_interfaces', 'progress': 'build'}
[0.229716] (ros2_interfaces) Command: {'cmd': ['/usr/bin/cmake', '--build', '/home/sejong/Desktop/SH_ws/build/ros2_interfaces', '--', '-j14', '-l14'], 'cwd': '/home/sejong/Desktop/SH_ws/build/ros2_interfaces', 'env': OrderedDict({'LESSOPEN': '| /usr/bin/lesspipe %s', 'USER': 'sejong', 'GZ_CONFIG_PATH': '/opt/ros/jazzy/opt/sdformat_vendor/share/gz', 'ROS_PACKAGE_PATH': '/home/sejong/Desktop/SH_ws/install/ros2_interfaces/share', 'XDG_SESSION_TYPE': 'x11', 'CLUTTER_DISABLE_MIPMAPPED_TEXT': '1', 'SHLVL': '1', 'LD_LIBRARY_PATH': '/home/sejong/Desktop/SH_ws/install/ros2_interfaces/lib:/opt/ros/jazzy/opt/sdformat_vendor/lib:/opt/ros/jazzy/opt/rviz_ogre_vendor/lib:/opt/ros/jazzy/lib/aarch64-linux-gnu:/opt/ros/jazzy/opt/gz_math_vendor/lib:/opt/ros/jazzy/opt/gz_utils_vendor/lib:/opt/ros/jazzy/opt/gz_tools_vendor/lib:/opt/ros/jazzy/opt/gz_cmake_vendor/lib:/opt/ros/jazzy/lib:/usr/local/cuda-13.2/lib64:', 'HOME': '/home/sejong', 'OLDPWD': '/home/sejong/Desktop/SH_ws', 'DESKTOP_SESSION': 'ubuntu', 'ROS_PYTHON_VERSION': '3', 'GNOME_SHELL_SESSION_MODE': 'ubuntu', 'GTK_MODULES': 'gail:atk-bridge', 'SYSTEMD_EXEC_PID': '26002', 'GSM_SKIP_SSH_AGENT_WORKAROUND': 'true', 'DBUS_SESSION_BUS_ADDRESS': 'unix:path=/run/user/2001/bus', 'COLORTERM': 'truecolor', 'DEBUGINFOD_URLS': 'https://debuginfod.ubuntu.com', 'IM_CONFIG_PHASE': '1', 'COLCON_PREFIX_PATH': '/home/sejong/Desktop/SH_ws/install', 'ROS_DISTRO': 'jazzy', 'LOGNAME': 'sejong', '_': '/usr/bin/colcon', 'ROS_VERSION': '2', 'PKG_CONFIG_PATH': '/home/sejong/Desktop/SH_ws/install/ros2_interfaces/lib/aarch64-linux-gnu/pkgconfig:/home/sejong/Desktop/SH_ws/install/ros2_interfaces/lib/pkgconfig', 'XDG_SESSION_CLASS': 'user', 'USERNAME': 'sejong', 'TERM': 'xterm-256color', 'GNOME_DESKTOP_SESSION_ID': 'this-is-deprecated', 'WINDOWPATH': '2', 'PATH': '/home/sejong/.local/bin:/opt/ros/jazzy/opt/gz_tools_vendor/bin:/opt/ros/jazzy/bin:/usr/local/cuda-13.2/bin:/home/sejong/.local/bin:/usr/local/sbin:/usr/local/bin:/usr/sbin:/usr/bin:/sbin:/bin:/usr/games:/usr/local/games:/snap/bin:/snap/bin', 'SESSION_MANAGER': 'local/localhost.localdomain:@/tmp/.ICE-unix/25971,unix/localhost.localdomain:/tmp/.ICE-unix/25971', 'XDG_MENU_PREFIX': 'gnome-', 'GNOME_TERMINAL_SCREEN': '/org/gnome/Terminal/screen/899463a0_25f9_4627_9063_ce5ef1b69624', 'XDG_RUNTIME_DIR': '/run/user/2001', 'DISPLAY': ':1', 'LANG': 'en_US.UTF-8', 'XDG_CURRENT_DESKTOP': 'ubuntu:GNOME', 'XMODIFIERS': '@im=ibus', 'XDG_SESSION_DESKTOP': 'ubuntu', 'XAUTHORITY': '/run/user/2001/gdm/Xauthority', 'LS_COLORS': 'rs=0:di=01;34:ln=01;36:mh=00:pi=40;33:so=01;35:do=01;35:bd=40;33;01:cd=40;33;01:or=40;31;01:mi=00:su=37;41:sg=30;43:ca=00:tw=30;42:ow=34;42:st=37;44:ex=01;32:*.tar=01;31:*.tgz=01;31:*.arc=01;31:*.arj=01;31:*.taz=01;31:*.lha=01;31:*.lz4=01;31:*.lzh=01;31:*.lzma=01;31:*.tlz=01;31:*.txz=01;31:*.tzo=01;31:*.t7z=01;31:*.zip=01;31:*.z=01;31:*.dz=01;31:*.gz=01;31:*.lrz=01;31:*.lz=01;31:*.lzo=01;31:*.xz=01;31:*.zst=01;31:*.tzst=01;31:*.bz2=01;31:*.bz=01;31:*.tbz=01;31:*.tbz2=01;31:*.tz=01;31:*.deb=01;31:*.rpm=01;31:*.jar=01;31:*.war=01;31:*.ear=01;31:*.sar=01;31:*.rar=01;31:*.alz=01;31:*.ace=01;31:*.zoo=01;31:*.cpio=01;31:*.7z=01;31:*.rz=01;31:*.cab=01;31:*.wim=01;31:*.swm=01;31:*.dwm=01;31:*.esd=01;31:*.avif=01;35:*.jpg=01;35:*.jpeg=01;35:*.mjpg=01;35:*.mjpeg=01;35:*.gif=01;35:*.bmp=01;35:*.pbm=01;35:*.pgm=01;35:*.ppm=01;35:*.tga=01;35:*.xbm=01;35:*.xpm=01;35:*.tif=01;35:*.tiff=01;35:*.png=01;35:*.svg=01;35:*.svgz=01;35:*.mng=01;35:*.pcx=01;35:*.mov=01;35:*.mpg=01;35:*.mpeg=01;35:*.m2v=01;35:*.mkv=01;35:*.webm=01;35:*.webp=01;35:*.ogm=01;35:*.mp4=01;35:*.m4v=01;35:*.mp4v=01;35:*.vob=01;35:*.qt=01;35:*.nuv=01;35:*.wmv=01;35:*.asf=01;35:*.rm=01;35:*.rmvb=01;35:*.flc=01;35:*.avi=01;35:*.fli=01;35:*.flv=01;35:*.gl=01;35:*.dl=01;35:*.xcf=01;35:*.xwd=01;35:*.yuv=01;35:*.cgm=01;35:*.emf=01;35:*.ogv=01;35:*.ogx=01;35:*.aac=00;36:*.au=00;36:*.flac=00;36:*.m4a=00;36:*.mid=00;36:*.midi=00;36:*.mka=00;36:*.mp3=00;36:*.mpc=00;36:*.ogg=00;36:*.ra=00;36:*.wav=00;36:*.oga=00;36:*.opus=00;36:*.spx=00;36:*.xspf=00;36:*~=00;90:*#=00;90:*.bak=00;90:*.crdownload=00;90:*.dpkg-dist=00;90:*.dpkg-new=00;90:*.dpkg-old=00;90:*.dpkg-tmp=00;90:*.old=00;90:*.orig=00;90:*.part=00;90:*.rej=00;90:*.rpmnew=00;90:*.rpmorig=00;90:*.rpmsave=00;90:*.swp=00;90:*.tmp=00;90:*.ucf-dist=00;90:*.ucf-new=00;90:*.ucf-old=00;90:', 'GNOME_TERMINAL_SERVICE': ':1.103', 'SSH_AUTH_SOCK': '/run/user/2001/keyring/ssh', 'AMENT_PREFIX_PATH': '/home/sejong/Desktop/SH_ws/install/sh_motion_demo:/home/sejong/Desktop/SH_ws/install/sh_motion_cpp:/home/sejong/Desktop/SH_ws/install/SH_moveit_head_config:/home/sejong/Desktop/SH_ws/install/SH_moveit_demo_config:/home/sejong/Desktop/SH_ws/install/SH_moveit_config:/home/sejong/Desktop/SH_ws/install/SH_Humanoid_description:/opt/ros/jazzy', 'SHELL': '/bin/bash', 'QT_ACCESSIBILITY': '1', 'GDMSESSION': 'ubuntu', 'LESSCLOSE': '/usr/bin/lesspipe %s %s', 'GPG_AGENT_INFO': '/run/user/2001/gnupg/S.gpg-agent:0:1', 'ROS_AUTOMATIC_DISCOVERY_RANGE': 'SUBNET', 'QT_IM_MODULE': 'ibus', 'PWD': '/home/sejong/Desktop/SH_ws/build/ros2_interfaces', 'XDG_CONFIG_DIRS': '/etc/xdg/xdg-ubuntu:/etc/xdg', 'XDG_DATA_DIRS': '/usr/share/ubuntu:/usr/share/gnome:/usr/local/share/:/usr/share/:/var/lib/snapd/desktop', 'PYTHONPATH': '/home/sejong/Desktop/SH_ws/build/sh_motion_demo:/home/sejong/Desktop/SH_ws/install/sh_motion_demo/lib/python3.12/site-packages:/home/sejong/Desktop/SH_ws/install/ros2_interfaces/lib/python3.12/site-packages:/home/sejong/Desktop/SH_ws/build/SH_Humanoid_description:/home/sejong/Desktop/SH_ws/install/SH_Humanoid_description/lib/python3.12/site-packages:/opt/ros/jazzy/lib/python3.12/site-packages', 'COLCON': '1', 'VTE_VERSION': '7600', 'CMAKE_PREFIX_PATH': '/home/sejong/Desktop/SH_ws/install/sh_motion_cpp:/home/sejong/Desktop/SH_ws/install/ros2_interfaces:/home/sejong/Desktop/SH_ws/install/SH_moveit_head_config:/home/sejong/Desktop/SH_ws/install/SH_moveit_demo_config:/home/sejong/Desktop/SH_ws/install/SH_moveit_config:/opt/ros/jazzy/opt/sdformat_vendor:/opt/ros/jazzy/opt/gz_math_vendor:/opt/ros/jazzy/opt/gz_utils_vendor:/opt/ros/jazzy/opt/gz_tools_vendor:/opt/ros/jazzy/opt/gz_cmake_vendor'}), 'shell': False}
[0.292715] (ros2_interfaces) StdoutLine: {'line': b'[  1%] Built target ros2_interfaces__rosidl_generator_type_description\n'}
[0.294593] (ros2_interfaces) StdoutLine: {'line': b'[  2%] Built target ros2_interfaces__rs\n'}
[0.300169] (-) TimerEvent: {}
[0.305751] (ros2_interfaces) StdoutLine: {'line': b'[  2%] Built target ament_cmake_python_copy_ros2_interfaces\n'}
[0.317312] (ros2_interfaces) StdoutLine: {'line': b'[  3%] Built target ros2_interfaces__cpp\n'}
[0.323640] (ros2_interfaces) StdoutLine: {'line': b'[ 27%] Built target ros2_interfaces__rosidl_generator_c\n'}
[0.349351] (ros2_interfaces) StdoutLine: {'line': b'[ 44%] Built target ros2_interfaces__rosidl_typesupport_introspection_c\n'}
[0.349698] (ros2_interfaces) StdoutLine: {'line': b'[ 45%] Built target ros2_interfaces__rosidl_typesupport_c\n'}
[0.357562] (ros2_interfaces) StdoutLine: {'line': b'[ 56%] Built target ros2_interfaces__rosidl_typesupport_cpp\n'}
[0.358223] (ros2_interfaces) StdoutLine: {'line': b'[ 64%] Built target ros2_interfaces__rosidl_typesupport_introspection_cpp\n'}
[0.358336] (ros2_interfaces) StdoutLine: {'line': b'[ 78%] Built target ros2_interfaces__rosidl_typesupport_fastrtps_c\n'}
[0.359552] (ros2_interfaces) StdoutLine: {'line': b'[ 83%] Built target ros2_interfaces__rosidl_typesupport_fastrtps_cpp\n'}
[0.382390] (ros2_interfaces) StdoutLine: {'line': b'[ 83%] Built target ros2_interfaces\n'}
[0.400266] (-) TimerEvent: {}
[0.407081] (ros2_interfaces) StdoutLine: {'line': b'[ 84%] Built target ros2_interfaces__py\n'}
[0.438822] (ros2_interfaces) StdoutLine: {'line': b'[ 92%] Built target ros2_interfaces__rosidl_generator_py\n'}
[0.463516] (ros2_interfaces) StdoutLine: {'line': b'[ 95%] Built target ros2_interfaces_s__rosidl_typesupport_fastrtps_c\n'}
[0.465519] (ros2_interfaces) StdoutLine: {'line': b'[ 97%] Built target ros2_interfaces_s__rosidl_typesupport_introspection_c\n'}
[0.469636] (ros2_interfaces) StdoutLine: {'line': b'[100%] Built target ros2_interfaces_s__rosidl_typesupport_c\n'}
[0.481743] (ros2_interfaces) StdoutLine: {'line': b'running egg_info\n'}
[0.491084] (ros2_interfaces) StdoutLine: {'line': b'writing ros2_interfaces.egg-info/PKG-INFO\n'}
[0.491530] (ros2_interfaces) StdoutLine: {'line': b'writing dependency_links to ros2_interfaces.egg-info/dependency_links.txt\n'}
[0.491835] (ros2_interfaces) StdoutLine: {'line': b'writing top-level names to ros2_interfaces.egg-info/top_level.txt\n'}
[0.500321] (-) TimerEvent: {}
[0.526463] (ros2_interfaces) StdoutLine: {'line': b"reading manifest file 'ros2_interfaces.egg-info/SOURCES.txt'\n"}
[0.527082] (ros2_interfaces) StdoutLine: {'line': b"writing manifest file 'ros2_interfaces.egg-info/SOURCES.txt'\n"}
[0.561784] (ros2_interfaces) StdoutLine: {'line': b'[100%] Built target ament_cmake_python_build_ros2_interfaces_egg\n'}
[0.576638] (ros2_interfaces) CommandEnded: {'returncode': 0}
[0.578229] (ros2_interfaces) JobProgress: {'identifier': 'ros2_interfaces', 'progress': 'install'}
[0.591156] (ros2_interfaces) Command: {'cmd': ['/usr/bin/cmake', '--install', '/home/sejong/Desktop/SH_ws/build/ros2_interfaces'], 'cwd': '/home/sejong/Desktop/SH_ws/build/ros2_interfaces', 'env': OrderedDict({'LESSOPEN': '| /usr/bin/lesspipe %s', 'USER': 'sejong', 'GZ_CONFIG_PATH': '/opt/ros/jazzy/opt/sdformat_vendor/share/gz', 'ROS_PACKAGE_PATH': '/home/sejong/Desktop/SH_ws/install/ros2_interfaces/share', 'XDG_SESSION_TYPE': 'x11', 'CLUTTER_DISABLE_MIPMAPPED_TEXT': '1', 'SHLVL': '1', 'LD_LIBRARY_PATH': '/home/sejong/Desktop/SH_ws/install/ros2_interfaces/lib:/opt/ros/jazzy/opt/sdformat_vendor/lib:/opt/ros/jazzy/opt/rviz_ogre_vendor/lib:/opt/ros/jazzy/lib/aarch64-linux-gnu:/opt/ros/jazzy/opt/gz_math_vendor/lib:/opt/ros/jazzy/opt/gz_utils_vendor/lib:/opt/ros/jazzy/opt/gz_tools_vendor/lib:/opt/ros/jazzy/opt/gz_cmake_vendor/lib:/opt/ros/jazzy/lib:/usr/local/cuda-13.2/lib64:', 'HOME': '/home/sejong', 'OLDPWD': '/home/sejong/Desktop/SH_ws', 'DESKTOP_SESSION': 'ubuntu', 'ROS_PYTHON_VERSION': '3', 'GNOME_SHELL_SESSION_MODE': 'ubuntu', 'GTK_MODULES': 'gail:atk-bridge', 'SYSTEMD_EXEC_PID': '26002', 'GSM_SKIP_SSH_AGENT_WORKAROUND': 'true', 'DBUS_SESSION_BUS_ADDRESS': 'unix:path=/run/user/2001/bus', 'COLORTERM': 'truecolor', 'DEBUGINFOD_URLS': 'https://debuginfod.ubuntu.com', 'IM_CONFIG_PHASE': '1', 'COLCON_PREFIX_PATH': '/home/sejong/Desktop/SH_ws/install', 'ROS_DISTRO': 'jazzy', 'LOGNAME': 'sejong', '_': '/usr/bin/colcon', 'ROS_VERSION': '2', 'PKG_CONFIG_PATH': '/home/sejong/Desktop/SH_ws/install/ros2_interfaces/lib/aarch64-linux-gnu/pkgconfig:/home/sejong/Desktop/SH_ws/install/ros2_interfaces/lib/pkgconfig', 'XDG_SESSION_CLASS': 'user', 'USERNAME': 'sejong', 'TERM': 'xterm-256color', 'GNOME_DESKTOP_SESSION_ID': 'this-is-deprecated', 'WINDOWPATH': '2', 'PATH': '/home/sejong/.local/bin:/opt/ros/jazzy/opt/gz_tools_vendor/bin:/opt/ros/jazzy/bin:/usr/local/cuda-13.2/bin:/home/sejong/.local/bin:/usr/local/sbin:/usr/local/bin:/usr/sbin:/usr/bin:/sbin:/bin:/usr/games:/usr/local/games:/snap/bin:/snap/bin', 'SESSION_MANAGER': 'local/localhost.localdomain:@/tmp/.ICE-unix/25971,unix/localhost.localdomain:/tmp/.ICE-unix/25971', 'XDG_MENU_PREFIX': 'gnome-', 'GNOME_TERMINAL_SCREEN': '/org/gnome/Terminal/screen/899463a0_25f9_4627_9063_ce5ef1b69624', 'XDG_RUNTIME_DIR': '/run/user/2001', 'DISPLAY': ':1', 'LANG': 'en_US.UTF-8', 'XDG_CURRENT_DESKTOP': 'ubuntu:GNOME', 'XMODIFIERS': '@im=ibus', 'XDG_SESSION_DESKTOP': 'ubuntu', 'XAUTHORITY': '/run/user/2001/gdm/Xauthority', 'LS_COLORS': 'rs=0:di=01;34:ln=01;36:mh=00:pi=40;33:so=01;35:do=01;35:bd=40;33;01:cd=40;33;01:or=40;31;01:mi=00:su=37;41:sg=30;43:ca=00:tw=30;42:ow=34;42:st=37;44:ex=01;32:*.tar=01;31:*.tgz=01;31:*.arc=01;31:*.arj=01;31:*.taz=01;31:*.lha=01;31:*.lz4=01;31:*.lzh=01;31:*.lzma=01;31:*.tlz=01;31:*.txz=01;31:*.tzo=01;31:*.t7z=01;31:*.zip=01;31:*.z=01;31:*.dz=01;31:*.gz=01;31:*.lrz=01;31:*.lz=01;31:*.lzo=01;31:*.xz=01;31:*.zst=01;31:*.tzst=01;31:*.bz2=01;31:*.bz=01;31:*.tbz=01;31:*.tbz2=01;31:*.tz=01;31:*.deb=01;31:*.rpm=01;31:*.jar=01;31:*.war=01;31:*.ear=01;31:*.sar=01;31:*.rar=01;31:*.alz=01;31:*.ace=01;31:*.zoo=01;31:*.cpio=01;31:*.7z=01;31:*.rz=01;31:*.cab=01;31:*.wim=01;31:*.swm=01;31:*.dwm=01;31:*.esd=01;31:*.avif=01;35:*.jpg=01;35:*.jpeg=01;35:*.mjpg=01;35:*.mjpeg=01;35:*.gif=01;35:*.bmp=01;35:*.pbm=01;35:*.pgm=01;35:*.ppm=01;35:*.tga=01;35:*.xbm=01;35:*.xpm=01;35:*.tif=01;35:*.tiff=01;35:*.png=01;35:*.svg=01;35:*.svgz=01;35:*.mng=01;35:*.pcx=01;35:*.mov=01;35:*.mpg=01;35:*.mpeg=01;35:*.m2v=01;35:*.mkv=01;35:*.webm=01;35:*.webp=01;35:*.ogm=01;35:*.mp4=01;35:*.m4v=01;35:*.mp4v=01;35:*.vob=01;35:*.qt=01;35:*.nuv=01;35:*.wmv=01;35:*.asf=01;35:*.rm=01;35:*.rmvb=01;35:*.flc=01;35:*.avi=01;35:*.fli=01;35:*.flv=01;35:*.gl=01;35:*.dl=01;35:*.xcf=01;35:*.xwd=01;35:*.yuv=01;35:*.cgm=01;35:*.emf=01;35:*.ogv=01;35:*.ogx=01;35:*.aac=00;36:*.au=00;36:*.flac=00;36:*.m4a=00;36:*.mid=00;36:*.midi=00;36:*.mka=00;36:*.mp3=00;36:*.mpc=00;36:*.ogg=00;36:*.ra=00;36:*.wav=00;36:*.oga=00;36:*.opus=00;36:*.spx=00;36:*.xspf=00;36:*~=00;90:*#=00;90:*.bak=00;90:*.crdownload=00;90:*.dpkg-dist=00;90:*.dpkg-new=00;90:*.dpkg-old=00;90:*.dpkg-tmp=00;90:*.old=00;90:*.orig=00;90:*.part=00;90:*.rej=00;90:*.rpmnew=00;90:*.rpmorig=00;90:*.rpmsave=00;90:*.swp=00;90:*.tmp=00;90:*.ucf-dist=00;90:*.ucf-new=00;90:*.ucf-old=00;90:', 'GNOME_TERMINAL_SERVICE': ':1.103', 'SSH_AUTH_SOCK': '/run/user/2001/keyring/ssh', 'AMENT_PREFIX_PATH': '/home/sejong/Desktop/SH_ws/install/sh_motion_demo:/home/sejong/Desktop/SH_ws/install/sh_motion_cpp:/home/sejong/Desktop/SH_ws/install/SH_moveit_head_config:/home/sejong/Desktop/SH_ws/install/SH_moveit_demo_config:/home/sejong/Desktop/SH_ws/install/SH_moveit_config:/home/sejong/Desktop/SH_ws/install/SH_Humanoid_description:/opt/ros/jazzy', 'SHELL': '/bin/bash', 'QT_ACCESSIBILITY': '1', 'GDMSESSION': 'ubuntu', 'LESSCLOSE': '/usr/bin/lesspipe %s %s', 'GPG_AGENT_INFO': '/run/user/2001/gnupg/S.gpg-agent:0:1', 'ROS_AUTOMATIC_DISCOVERY_RANGE': 'SUBNET', 'QT_IM_MODULE': 'ibus', 'PWD': '/home/sejong/Desktop/SH_ws/build/ros2_interfaces', 'XDG_CONFIG_DIRS': '/etc/xdg/xdg-ubuntu:/etc/xdg', 'XDG_DATA_DIRS': '/usr/share/ubuntu:/usr/share/gnome:/usr/local/share/:/usr/share/:/var/lib/snapd/desktop', 'PYTHONPATH': '/home/sejong/Desktop/SH_ws/build/sh_motion_demo:/home/sejong/Desktop/SH_ws/install/sh_motion_demo/lib/python3.12/site-packages:/home/sejong/Desktop/SH_ws/install/ros2_interfaces/lib/python3.12/site-packages:/home/sejong/Desktop/SH_ws/build/SH_Humanoid_description:/home/sejong/Desktop/SH_ws/install/SH_Humanoid_description/lib/python3.12/site-packages:/opt/ros/jazzy/lib/python3.12/site-packages', 'COLCON': '1', 'VTE_VERSION': '7600', 'CMAKE_PREFIX_PATH': '/home/sejong/Desktop/SH_ws/install/sh_motion_cpp:/home/sejong/Desktop/SH_ws/install/ros2_interfaces:/home/sejong/Desktop/SH_ws/install/SH_moveit_head_config:/home/sejong/Desktop/SH_ws/install/SH_moveit_demo_config:/home/sejong/Desktop/SH_ws/install/SH_moveit_config:/opt/ros/jazzy/opt/sdformat_vendor:/opt/ros/jazzy/opt/gz_math_vendor:/opt/ros/jazzy/opt/gz_utils_vendor:/opt/ros/jazzy/opt/gz_tools_vendor:/opt/ros/jazzy/opt/gz_cmake_vendor'}), 'shell': False}
[0.600403] (-) TimerEvent: {}
[0.601012] (ros2_interfaces) StdoutLine: {'line': b'-- Install configuration: ""\n'}
[0.601218] (ros2_interfaces) StdoutLine: {'line': b'-- Up-to-date: /home/sejong/Desktop/SH_ws/install/ros2_interfaces/share/ament_index/resource_index/rosidl_interfaces/ros2_interfaces\n'}
[0.601394] (ros2_interfaces) StdoutLine: {'line': b'-- Up-to-date: /home/sejong/Desktop/SH_ws/install/ros2_interfaces/share/ros2_interfaces/msg/UpperBodyCommand.json\n'}
[0.601561] (ros2_interfaces) StdoutLine: {'line': b'-- Up-to-date: /home/sejong/Desktop/SH_ws/install/ros2_interfaces/share/ros2_interfaces/msg/UpperBodySystemState.json\n'}
[0.601741] (ros2_interfaces) StdoutLine: {'line': b'-- Up-to-date: /home/sejong/Desktop/SH_ws/install/ros2_interfaces/share/ros2_interfaces/msg/UpperMotorState.json\n'}
[0.601902] (ros2_interfaces) StdoutLine: {'line': b'-- Up-to-date: /home/sejong/Desktop/SH_ws/install/ros2_interfaces/share/ros2_interfaces/srv/EnableMotors.json\n'}
[0.602087] (ros2_interfaces) StdoutLine: {'line': b'-- Up-to-date: /home/sejong/Desktop/SH_ws/install/ros2_interfaces/share/ros2_interfaces/srv/SetRunMode.json\n'}
[0.602248] (ros2_interfaces) StdoutLine: {'line': b'-- Up-to-date: /home/sejong/Desktop/SH_ws/install/ros2_interfaces/share/ros2_interfaces/srv/SimpleMotorResult.json\n'}
[0.602405] (ros2_interfaces) StdoutLine: {'line': b'-- Up-to-date: /home/sejong/Desktop/SH_ws/install/ros2_interfaces/include/ros2_interfaces/ros2_interfaces\n'}
[0.602565] (ros2_interfaces) StdoutLine: {'line': b'-- Up-to-date: /home/sejong/Desktop/SH_ws/install/ros2_interfaces/include/ros2_interfaces/ros2_interfaces/srv\n'}
[0.602749] (ros2_interfaces) StdoutLine: {'line': b'-- Up-to-date: /home/sejong/Desktop/SH_ws/install/ros2_interfaces/include/ros2_interfaces/ros2_interfaces/srv/set_run_mode.h\n'}
[0.602924] (ros2_interfaces) StdoutLine: {'line': b'-- Up-to-date: /home/sejong/Desktop/SH_ws/install/ros2_interfaces/include/ros2_interfaces/ros2_interfaces/srv/simple_motor_result.h\n'}
[0.603066] (ros2_interfaces) StdoutLine: {'line': b'-- Up-to-date: /home/sejong/Desktop/SH_ws/install/ros2_interfaces/include/ros2_interfaces/ros2_interfaces/srv/detail\n'}
[0.603209] (ros2_interfaces) StdoutLine: {'line': b'-- Up-to-date: /home/sejong/Desktop/SH_ws/install/ros2_interfaces/include/ros2_interfaces/ros2_interfaces/srv/detail/set_run_mode__struct.h\n'}
[0.603345] (ros2_interfaces) StdoutLine: {'line': b'-- Up-to-date: /home/sejong/Desktop/SH_ws/install/ros2_interfaces/include/ros2_interfaces/ros2_interfaces/srv/detail/simple_motor_result__description.c\n'}
[0.603510] (ros2_interfaces) StdoutLine: {'line': b'-- Up-to-date: /home/sejong/Desktop/SH_ws/install/ros2_interfaces/include/ros2_interfaces/ros2_interfaces/srv/detail/simple_motor_result__functions.c\n'}
[0.603671] (ros2_interfaces) StdoutLine: {'line': b'-- Up-to-date: /home/sejong/Desktop/SH_ws/install/ros2_interfaces/include/ros2_interfaces/ros2_interfaces/srv/detail/set_run_mode__type_support.c\n'}
[0.603815] (ros2_interfaces) StdoutLine: {'line': b'-- Up-to-date: /home/sejong/Desktop/SH_ws/install/ros2_interfaces/include/ros2_interfaces/ros2_interfaces/srv/detail/enable_motors__description.c\n'}
[0.603949] (ros2_interfaces) StdoutLine: {'line': b'-- Up-to-date: /home/sejong/Desktop/SH_ws/install/ros2_interfaces/include/ros2_interfaces/ros2_interfaces/srv/detail/simple_motor_result__functions.h\n'}
[0.604108] (ros2_interfaces) StdoutLine: {'line': b'-- Up-to-date: /home/sejong/Desktop/SH_ws/install/ros2_interfaces/include/ros2_interfaces/ros2_interfaces/srv/detail/enable_motors__type_support.h\n'}
[0.604269] (ros2_interfaces) StdoutLine: {'line': b'-- Up-to-date: /home/sejong/Desktop/SH_ws/install/ros2_interfaces/include/ros2_interfaces/ros2_interfaces/srv/detail/enable_motors__functions.c\n'}
[0.604440] (ros2_interfaces) StdoutLine: {'line': b'-- Up-to-date: /home/sejong/Desktop/SH_ws/install/ros2_interfaces/include/ros2_interfaces/ros2_interfaces/srv/detail/set_run_mode__type_support.h\n'}
[0.604599] (ros2_interfaces) StdoutLine: {'line': b'-- Up-to-date: /home/sejong/Desktop/SH_ws/install/ros2_interfaces/include/ros2_interfaces/ros2_interfaces/srv/detail/set_run_mode__functions.c\n'}
[0.604736] (ros2_interfaces) StdoutLine: {'line': b'-- Up-to-date: /home/sejong/Desktop/SH_ws/install/ros2_interfaces/include/ros2_interfaces/ros2_interfaces/srv/detail/enable_motors__type_support.c\n'}
[0.604870] (ros2_interfaces) StdoutLine: {'line': b'-- Up-to-date: /home/sejong/Desktop/SH_ws/install/ros2_interfaces/include/ros2_interfaces/ros2_interfaces/srv/detail/set_run_mode__functions.h\n'}
[0.605004] (ros2_interfaces) StdoutLine: {'line': b'-- Up-to-date: /home/sejong/Desktop/SH_ws/install/ros2_interfaces/include/ros2_interfaces/ros2_interfaces/srv/detail/simple_motor_result__type_support.c\n'}
[0.605143] (ros2_interfaces) StdoutLine: {'line': b'-- Up-to-date: /home/sejong/Desktop/SH_ws/install/ros2_interfaces/include/ros2_interfaces/ros2_interfaces/srv/detail/simple_motor_result__type_support.h\n'}
[0.605311] (ros2_interfaces) StdoutLine: {'line': b'-- Up-to-date: /home/sejong/Desktop/SH_ws/install/ros2_interfaces/include/ros2_interfaces/ros2_interfaces/srv/detail/simple_motor_result__struct.h\n'}
[0.605478] (ros2_interfaces) StdoutLine: {'line': b'-- Up-to-date: /home/sejong/Desktop/SH_ws/install/ros2_interfaces/include/ros2_interfaces/ros2_interfaces/srv/detail/set_run_mode__description.c\n'}
[0.605676] (ros2_interfaces) StdoutLine: {'line': b'-- Up-to-date: /home/sejong/Desktop/SH_ws/install/ros2_interfaces/include/ros2_interfaces/ros2_interfaces/srv/detail/enable_motors__struct.h\n'}
[0.605837] (ros2_interfaces) StdoutLine: {'line': b'-- Up-to-date: /home/sejong/Desktop/SH_ws/install/ros2_interfaces/include/ros2_interfaces/ros2_interfaces/srv/detail/enable_motors__functions.h\n'}
[0.606005] (ros2_interfaces) StdoutLine: {'line': b'-- Up-to-date: /home/sejong/Desktop/SH_ws/install/ros2_interfaces/include/ros2_interfaces/ros2_interfaces/srv/enable_motors.h\n'}
[0.606172] (ros2_interfaces) StdoutLine: {'line': b'-- Up-to-date: /home/sejong/Desktop/SH_ws/install/ros2_interfaces/include/ros2_interfaces/ros2_interfaces/msg\n'}
[0.606318] (ros2_interfaces) StdoutLine: {'line': b'-- Up-to-date: /home/sejong/Desktop/SH_ws/install/ros2_interfaces/include/ros2_interfaces/ros2_interfaces/msg/upper_motor_state.h\n'}
[0.606484] (ros2_interfaces) StdoutLine: {'line': b'-- Up-to-date: /home/sejong/Desktop/SH_ws/install/ros2_interfaces/include/ros2_interfaces/ros2_interfaces/msg/rosidl_generator_c__visibility_control.h\n'}
[0.606631] (ros2_interfaces) StdoutLine: {'line': b'-- Up-to-date: /home/sejong/Desktop/SH_ws/install/ros2_interfaces/include/ros2_interfaces/ros2_interfaces/msg/upper_body_system_state.h\n'}
[0.606761] (ros2_interfaces) StdoutLine: {'line': b'-- Up-to-date: /home/sejong/Desktop/SH_ws/install/ros2_interfaces/include/ros2_interfaces/ros2_interfaces/msg/detail\n'}
[0.606890] (ros2_interfaces) StdoutLine: {'line': b'-- Up-to-date: /home/sejong/Desktop/SH_ws/install/ros2_interfaces/include/ros2_interfaces/ros2_interfaces/msg/detail/upper_body_command__type_support.h\n'}
[0.607036] (ros2_interfaces) StdoutLine: {'line': b'-- Up-to-date: /home/sejong/Desktop/SH_ws/install/ros2_interfaces/include/ros2_interfaces/ros2_interfaces/msg/detail/upper_body_command__description.c\n'}
[0.607213] (ros2_interfaces) StdoutLine: {'line': b'-- Up-to-date: /home/sejong/Desktop/SH_ws/install/ros2_interfaces/include/ros2_interfaces/ros2_interfaces/msg/detail/upper_motor_state__functions.c\n'}
[0.607397] (ros2_interfaces) StdoutLine: {'line': b'-- Up-to-date: /home/sejong/Desktop/SH_ws/install/ros2_interfaces/include/ros2_interfaces/ros2_interfaces/msg/detail/upper_body_system_state__description.c\n'}
[0.607539] (ros2_interfaces) StdoutLine: {'line': b'-- Up-to-date: /home/sejong/Desktop/SH_ws/install/ros2_interfaces/include/ros2_interfaces/ros2_interfaces/msg/detail/upper_motor_state__type_support.c\n'}
[0.607703] (ros2_interfaces) StdoutLine: {'line': b'-- Up-to-date: /home/sejong/Desktop/SH_ws/install/ros2_interfaces/include/ros2_interfaces/ros2_interfaces/msg/detail/upper_motor_state__type_support.h\n'}
[0.607839] (ros2_interfaces) StdoutLine: {'line': b'-- Up-to-date: /home/sejong/Desktop/SH_ws/install/ros2_interfaces/include/ros2_interfaces/ros2_interfaces/msg/detail/upper_body_command__functions.c\n'}
[0.607975] (ros2_interfaces) StdoutLine: {'line': b'-- Up-to-date: /home/sejong/Desktop/SH_ws/install/ros2_interfaces/include/ros2_interfaces/ros2_interfaces/msg/detail/upper_motor_state__functions.h\n'}
[0.608116] (ros2_interfaces) StdoutLine: {'line': b'-- Up-to-date: /home/sejong/Desktop/SH_ws/install/ros2_interfaces/include/ros2_interfaces/ros2_interfaces/msg/detail/upper_body_system_state__functions.h\n'}
[0.608262] (ros2_interfaces) StdoutLine: {'line': b'-- Up-to-date: /home/sejong/Desktop/SH_ws/install/ros2_interfaces/include/ros2_interfaces/ros2_interfaces/msg/detail/upper_body_system_state__type_support.c\n'}
[0.608400] (ros2_interfaces) StdoutLine: {'line': b'-- Up-to-date: /home/sejong/Desktop/SH_ws/install/ros2_interfaces/include/ros2_interfaces/ros2_interfaces/msg/detail/upper_body_system_state__functions.c\n'}
[0.608536] (ros2_interfaces) StdoutLine: {'line': b'-- Up-to-date: /home/sejong/Desktop/SH_ws/install/ros2_interfaces/include/ros2_interfaces/ros2_interfaces/msg/detail/upper_body_system_state__struct.h\n'}
[0.608667] (ros2_interfaces) StdoutLine: {'line': b'-- Up-to-date: /home/sejong/Desktop/SH_ws/install/ros2_interfaces/include/ros2_interfaces/ros2_interfaces/msg/detail/upper_motor_state__description.c\n'}
[0.608832] (ros2_interfaces) StdoutLine: {'line': b'-- Up-to-date: /home/sejong/Desktop/SH_ws/install/ros2_interfaces/include/ros2_interfaces/ros2_interfaces/msg/detail/upper_body_command__functions.h\n'}
[0.609004] (ros2_interfaces) StdoutLine: {'line': b'-- Up-to-date: /home/sejong/Desktop/SH_ws/install/ros2_interfaces/include/ros2_interfaces/ros2_interfaces/msg/detail/upper_motor_state__struct.h\n'}
[0.609165] (ros2_interfaces) StdoutLine: {'line': b'-- Up-to-date: /home/sejong/Desktop/SH_ws/install/ros2_interfaces/include/ros2_interfaces/ros2_interfaces/msg/detail/upper_body_system_state__type_support.h\n'}
[0.609324] (ros2_interfaces) StdoutLine: {'line': b'-- Up-to-date: /home/sejong/Desktop/SH_ws/install/ros2_interfaces/include/ros2_interfaces/ros2_interfaces/msg/detail/upper_body_command__struct.h\n'}
[0.609454] (ros2_interfaces) StdoutLine: {'line': b'-- Up-to-date: /home/sejong/Desktop/SH_ws/install/ros2_interfaces/include/ros2_interfaces/ros2_interfaces/msg/detail/upper_body_command__type_support.c\n'}
[0.609581] (ros2_interfaces) StdoutLine: {'line': b'-- Up-to-date: /home/sejong/Desktop/SH_ws/install/ros2_interfaces/include/ros2_interfaces/ros2_interfaces/msg/upper_body_command.h\n'}
[0.609726] (ros2_interfaces) StdoutLine: {'line': b'-- Up-to-date: /home/sejong/Desktop/SH_ws/install/ros2_interfaces/share/ros2_interfaces/environment/library_path.sh\n'}
[0.609860] (ros2_interfaces) StdoutLine: {'line': b'-- Up-to-date: /home/sejong/Desktop/SH_ws/install/ros2_interfaces/share/ros2_interfaces/environment/library_path.dsv\n'}
[0.609992] (ros2_interfaces) StdoutLine: {'line': b'-- Up-to-date: /home/sejong/Desktop/SH_ws/install/ros2_interfaces/lib/libros2_interfaces__rosidl_generator_c.so\n'}
[0.610124] (ros2_interfaces) StdoutLine: {'line': b'-- Up-to-date: /home/sejong/Desktop/SH_ws/install/ros2_interfaces/include/ros2_interfaces/ros2_interfaces\n'}
[0.610253] (ros2_interfaces) StdoutLine: {'line': b'-- Up-to-date: /home/sejong/Desktop/SH_ws/install/ros2_interfaces/include/ros2_interfaces/ros2_interfaces/srv\n'}
[0.610383] (ros2_interfaces) StdoutLine: {'line': b'-- Up-to-date: /home/sejong/Desktop/SH_ws/install/ros2_interfaces/include/ros2_interfaces/ros2_interfaces/srv/detail\n'}
[0.610518] (ros2_interfaces) StdoutLine: {'line': b'-- Up-to-date: /home/sejong/Desktop/SH_ws/install/ros2_interfaces/include/ros2_interfaces/ros2_interfaces/srv/detail/simple_motor_result__rosidl_typesupport_fastrtps_c.h\n'}
[0.610650] (ros2_interfaces) StdoutLine: {'line': b'-- Up-to-date: /home/sejong/Desktop/SH_ws/install/ros2_interfaces/include/ros2_interfaces/ros2_interfaces/srv/detail/enable_motors__rosidl_typesupport_fastrtps_c.h\n'}
[0.610778] (ros2_interfaces) StdoutLine: {'line': b'-- Up-to-date: /home/sejong/Desktop/SH_ws/install/ros2_interfaces/include/ros2_interfaces/ros2_interfaces/srv/detail/set_run_mode__rosidl_typesupport_fastrtps_c.h\n'}
[0.610906] (ros2_interfaces) StdoutLine: {'line': b'-- Up-to-date: /home/sejong/Desktop/SH_ws/install/ros2_interfaces/include/ros2_interfaces/ros2_interfaces/msg\n'}
[0.611036] (ros2_interfaces) StdoutLine: {'line': b'-- Up-to-date: /home/sejong/Desktop/SH_ws/install/ros2_interfaces/include/ros2_interfaces/ros2_interfaces/msg/rosidl_typesupport_fastrtps_c__visibility_control.h\n'}
[0.611165] (ros2_interfaces) StdoutLine: {'line': b'-- Up-to-date: /home/sejong/Desktop/SH_ws/install/ros2_interfaces/include/ros2_interfaces/ros2_interfaces/msg/detail\n'}
[0.611296] (ros2_interfaces) StdoutLine: {'line': b'-- Up-to-date: /home/sejong/Desktop/SH_ws/install/ros2_interfaces/include/ros2_interfaces/ros2_interfaces/msg/detail/upper_body_command__rosidl_typesupport_fastrtps_c.h\n'}
[0.611432] (ros2_interfaces) StdoutLine: {'line': b'-- Up-to-date: /home/sejong/Desktop/SH_ws/install/ros2_interfaces/include/ros2_interfaces/ros2_interfaces/msg/detail/upper_body_system_state__rosidl_typesupport_fastrtps_c.h\n'}
[0.611569] (ros2_interfaces) StdoutLine: {'line': b'-- Up-to-date: /home/sejong/Desktop/SH_ws/install/ros2_interfaces/include/ros2_interfaces/ros2_interfaces/msg/detail/upper_motor_state__rosidl_typesupport_fastrtps_c.h\n'}
[0.611699] (ros2_interfaces) StdoutLine: {'line': b'-- Up-to-date: /home/sejong/Desktop/SH_ws/install/ros2_interfaces/lib/libros2_interfaces__rosidl_typesupport_fastrtps_c.so\n'}
[0.611828] (ros2_interfaces) StdoutLine: {'line': b'-- Up-to-date: /home/sejong/Desktop/SH_ws/install/ros2_interfaces/include/ros2_interfaces/ros2_interfaces\n'}
[0.611958] (ros2_interfaces) StdoutLine: {'line': b'-- Up-to-date: /home/sejong/Desktop/SH_ws/install/ros2_interfaces/include/ros2_interfaces/ros2_interfaces/srv\n'}
[0.612088] (ros2_interfaces) StdoutLine: {'line': b'-- Up-to-date: /home/sejong/Desktop/SH_ws/install/ros2_interfaces/include/ros2_interfaces/ros2_interfaces/srv/detail\n'}
[0.612216] (ros2_interfaces) StdoutLine: {'line': b'-- Up-to-date: /home/sejong/Desktop/SH_ws/install/ros2_interfaces/include/ros2_interfaces/ros2_interfaces/srv/detail/set_run_mode__rosidl_typesupport_introspection_c.h\n'}
[0.612346] (ros2_interfaces) StdoutLine: {'line': b'-- Up-to-date: /home/sejong/Desktop/SH_ws/install/ros2_interfaces/include/ros2_interfaces/ros2_interfaces/srv/detail/set_run_mode__type_support.c\n'}
[0.612480] (ros2_interfaces) StdoutLine: {'line': b'-- Up-to-date: /home/sejong/Desktop/SH_ws/install/ros2_interfaces/include/ros2_interfaces/ros2_interfaces/srv/detail/enable_motors__rosidl_typesupport_introspection_c.h\n'}
[0.612609] (ros2_interfaces) StdoutLine: {'line': b'-- Up-to-date: /home/sejong/Desktop/SH_ws/install/ros2_interfaces/include/ros2_interfaces/ros2_interfaces/srv/detail/simple_motor_result__rosidl_typesupport_introspection_c.h\n'}
[0.612737] (ros2_interfaces) StdoutLine: {'line': b'-- Up-to-date: /home/sejong/Desktop/SH_ws/install/ros2_interfaces/include/ros2_interfaces/ros2_interfaces/srv/detail/enable_motors__type_support.c\n'}
[0.612877] (ros2_interfaces) StdoutLine: {'line': b'-- Up-to-date: /home/sejong/Desktop/SH_ws/install/ros2_interfaces/include/ros2_interfaces/ros2_interfaces/srv/detail/simple_motor_result__type_support.c\n'}
[0.613005] (ros2_interfaces) StdoutLine: {'line': b'-- Up-to-date: /home/sejong/Desktop/SH_ws/install/ros2_interfaces/include/ros2_interfaces/ros2_interfaces/msg\n'}
[0.613139] (ros2_interfaces) StdoutLine: {'line': b'-- Up-to-date: /home/sejong/Desktop/SH_ws/install/ros2_interfaces/include/ros2_interfaces/ros2_interfaces/msg/rosidl_typesupport_introspection_c__visibility_control.h\n'}
[0.613269] (ros2_interfaces) StdoutLine: {'line': b'-- Up-to-date: /home/sejong/Desktop/SH_ws/install/ros2_interfaces/include/ros2_interfaces/ros2_interfaces/msg/detail\n'}
[0.613398] (ros2_interfaces) StdoutLine: {'line': b'-- Up-to-date: /home/sejong/Desktop/SH_ws/install/ros2_interfaces/include/ros2_interfaces/ros2_interfaces/msg/detail/upper_body_command__rosidl_typesupport_introspection_c.h\n'}
[0.613526] (ros2_interfaces) StdoutLine: {'line': b'-- Up-to-date: /home/sejong/Desktop/SH_ws/install/ros2_interfaces/include/ros2_interfaces/ros2_interfaces/msg/detail/upper_motor_state__type_support.c\n'}
[0.613679] (ros2_interfaces) StdoutLine: {'line': b'-- Up-to-date: /home/sejong/Desktop/SH_ws/install/ros2_interfaces/include/ros2_interfaces/ros2_interfaces/msg/detail/upper_body_system_state__rosidl_typesupport_introspection_c.h\n'}
[0.613764] (ros2_interfaces) StdoutLine: {'line': b'-- Up-to-date: /home/sejong/Desktop/SH_ws/install/ros2_interfaces/include/ros2_interfaces/ros2_interfaces/msg/detail/upper_body_system_state__type_support.c\n'}
[0.613839] (ros2_interfaces) StdoutLine: {'line': b'-- Up-to-date: /home/sejong/Desktop/SH_ws/install/ros2_interfaces/include/ros2_interfaces/ros2_interfaces/msg/detail/upper_motor_state__rosidl_typesupport_introspection_c.h\n'}
[0.613913] (ros2_interfaces) StdoutLine: {'line': b'-- Up-to-date: /home/sejong/Desktop/SH_ws/install/ros2_interfaces/include/ros2_interfaces/ros2_interfaces/msg/detail/upper_body_command__type_support.c\n'}
[0.613988] (ros2_interfaces) StdoutLine: {'line': b'-- Up-to-date: /home/sejong/Desktop/SH_ws/install/ros2_interfaces/lib/libros2_interfaces__rosidl_typesupport_introspection_c.so\n'}
[0.614062] (ros2_interfaces) StdoutLine: {'line': b'-- Up-to-date: /home/sejong/Desktop/SH_ws/install/ros2_interfaces/lib/libros2_interfaces__rosidl_typesupport_c.so\n'}
[0.614135] (ros2_interfaces) StdoutLine: {'line': b'-- Up-to-date: /home/sejong/Desktop/SH_ws/install/ros2_interfaces/include/ros2_interfaces/ros2_interfaces\n'}
[0.614209] (ros2_interfaces) StdoutLine: {'line': b'-- Up-to-date: /home/sejong/Desktop/SH_ws/install/ros2_interfaces/include/ros2_interfaces/ros2_interfaces/srv\n'}
[0.614280] (ros2_interfaces) StdoutLine: {'line': b'-- Up-to-date: /home/sejong/Desktop/SH_ws/install/ros2_interfaces/include/ros2_interfaces/ros2_interfaces/srv/set_run_mode.hpp\n'}
[0.614354] (ros2_interfaces) StdoutLine: {'line': b'-- Up-to-date: /home/sejong/Desktop/SH_ws/install/ros2_interfaces/include/ros2_interfaces/ros2_interfaces/srv/detail\n'}
[0.614425] (ros2_interfaces) StdoutLine: {'line': b'-- Up-to-date: /home/sejong/Desktop/SH_ws/install/ros2_interfaces/include/ros2_interfaces/ros2_interfaces/srv/detail/enable_motors__traits.hpp\n'}
[0.614504] (ros2_interfaces) StdoutLine: {'line': b'-- Up-to-date: /home/sejong/Desktop/SH_ws/install/ros2_interfaces/include/ros2_interfaces/ros2_interfaces/srv/detail/simple_motor_result__traits.hpp\n'}
[0.614578] (ros2_interfaces) StdoutLine: {'line': b'-- Up-to-date: /home/sejong/Desktop/SH_ws/install/ros2_interfaces/include/ros2_interfaces/ros2_interfaces/srv/detail/set_run_mode__traits.hpp\n'}
[0.614650] (ros2_interfaces) StdoutLine: {'line': b'-- Up-to-date: /home/sejong/Desktop/SH_ws/install/ros2_interfaces/include/ros2_interfaces/ros2_interfaces/srv/detail/set_run_mode__struct.hpp\n'}
[0.614736] (ros2_interfaces) StdoutLine: {'line': b'-- Up-to-date: /home/sejong/Desktop/SH_ws/install/ros2_interfaces/include/ros2_interfaces/ros2_interfaces/srv/detail/simple_motor_result__struct.hpp\n'}
[0.614810] (ros2_interfaces) StdoutLine: {'line': b'-- Up-to-date: /home/sejong/Desktop/SH_ws/install/ros2_interfaces/include/ros2_interfaces/ros2_interfaces/srv/detail/set_run_mode__builder.hpp\n'}
[0.614887] (ros2_interfaces) StdoutLine: {'line': b'-- Up-to-date: /home/sejong/Desktop/SH_ws/install/ros2_interfaces/include/ros2_interfaces/ros2_interfaces/srv/detail/enable_motors__type_support.hpp\n'}
[0.614966] (ros2_interfaces) StdoutLine: {'line': b'-- Up-to-date: /home/sejong/Desktop/SH_ws/install/ros2_interfaces/include/ros2_interfaces/ros2_interfaces/srv/detail/enable_motors__builder.hpp\n'}
[0.615042] (ros2_interfaces) StdoutLine: {'line': b'-- Up-to-date: /home/sejong/Desktop/SH_ws/install/ros2_interfaces/include/ros2_interfaces/ros2_interfaces/srv/detail/set_run_mode__type_support.hpp\n'}
[0.615118] (ros2_interfaces) StdoutLine: {'line': b'-- Up-to-date: /home/sejong/Desktop/SH_ws/install/ros2_interfaces/include/ros2_interfaces/ros2_interfaces/srv/detail/enable_motors__struct.hpp\n'}
[0.615192] (ros2_interfaces) StdoutLine: {'line': b'-- Up-to-date: /home/sejong/Desktop/SH_ws/install/ros2_interfaces/include/ros2_interfaces/ros2_interfaces/srv/detail/simple_motor_result__builder.hpp\n'}
[0.615266] (ros2_interfaces) StdoutLine: {'line': b'-- Up-to-date: /home/sejong/Desktop/SH_ws/install/ros2_interfaces/include/ros2_interfaces/ros2_interfaces/srv/detail/simple_motor_result__type_support.hpp\n'}
[0.615350] (ros2_interfaces) StdoutLine: {'line': b'-- Up-to-date: /home/sejong/Desktop/SH_ws/install/ros2_interfaces/include/ros2_interfaces/ros2_interfaces/srv/enable_motors.hpp\n'}
[0.615423] (ros2_interfaces) StdoutLine: {'line': b'-- Up-to-date: /home/sejong/Desktop/SH_ws/install/ros2_interfaces/include/ros2_interfaces/ros2_interfaces/srv/simple_motor_result.hpp\n'}
[0.615498] (ros2_interfaces) StdoutLine: {'line': b'-- Up-to-date: /home/sejong/Desktop/SH_ws/install/ros2_interfaces/include/ros2_interfaces/ros2_interfaces/msg\n'}
[0.615572] (ros2_interfaces) StdoutLine: {'line': b'-- Up-to-date: /home/sejong/Desktop/SH_ws/install/ros2_interfaces/include/ros2_interfaces/ros2_interfaces/msg/upper_body_system_state.hpp\n'}
[0.615645] (ros2_interfaces) StdoutLine: {'line': b'-- Up-to-date: /home/sejong/Desktop/SH_ws/install/ros2_interfaces/include/ros2_interfaces/ros2_interfaces/msg/rosidl_generator_cpp__visibility_control.hpp\n'}
[0.615721] (ros2_interfaces) StdoutLine: {'line': b'-- Up-to-date: /home/sejong/Desktop/SH_ws/install/ros2_interfaces/include/ros2_interfaces/ros2_interfaces/msg/detail\n'}
[0.615795] (ros2_interfaces) StdoutLine: {'line': b'-- Up-to-date: /home/sejong/Desktop/SH_ws/install/ros2_interfaces/include/ros2_interfaces/ros2_interfaces/msg/detail/upper_motor_state__type_support.hpp\n'}
[0.615869] (ros2_interfaces) StdoutLine: {'line': b'-- Up-to-date: /home/sejong/Desktop/SH_ws/install/ros2_interfaces/include/ros2_interfaces/ros2_interfaces/msg/detail/upper_body_system_state__traits.hpp\n'}
[0.615943] (ros2_interfaces) StdoutLine: {'line': b'-- Up-to-date: /home/sejong/Desktop/SH_ws/install/ros2_interfaces/include/ros2_interfaces/ros2_interfaces/msg/detail/upper_body_command__traits.hpp\n'}
[0.616018] (ros2_interfaces) StdoutLine: {'line': b'-- Up-to-date: /home/sejong/Desktop/SH_ws/install/ros2_interfaces/include/ros2_interfaces/ros2_interfaces/msg/detail/upper_body_system_state__builder.hpp\n'}
[0.616091] (ros2_interfaces) StdoutLine: {'line': b'-- Up-to-date: /home/sejong/Desktop/SH_ws/install/ros2_interfaces/include/ros2_interfaces/ros2_interfaces/msg/detail/upper_body_command__struct.hpp\n'}
[0.616166] (ros2_interfaces) StdoutLine: {'line': b'-- Up-to-date: /home/sejong/Desktop/SH_ws/install/ros2_interfaces/include/ros2_interfaces/ros2_interfaces/msg/detail/upper_motor_state__builder.hpp\n'}
[0.616241] (ros2_interfaces) StdoutLine: {'line': b'-- Up-to-date: /home/sejong/Desktop/SH_ws/install/ros2_interfaces/include/ros2_interfaces/ros2_interfaces/msg/detail/upper_motor_state__traits.hpp\n'}
[0.616313] (ros2_interfaces) StdoutLine: {'line': b'-- Up-to-date: /home/sejong/Desktop/SH_ws/install/ros2_interfaces/include/ros2_interfaces/ros2_interfaces/msg/detail/upper_body_command__builder.hpp\n'}
[0.616386] (ros2_interfaces) StdoutLine: {'line': b'-- Up-to-date: /home/sejong/Desktop/SH_ws/install/ros2_interfaces/include/ros2_interfaces/ros2_interfaces/msg/detail/upper_body_system_state__type_support.hpp\n'}
[0.616467] (ros2_interfaces) StdoutLine: {'line': b'-- Up-to-date: /home/sejong/Desktop/SH_ws/install/ros2_interfaces/include/ros2_interfaces/ros2_interfaces/msg/detail/upper_body_command__type_support.hpp\n'}
[0.616538] (ros2_interfaces) StdoutLine: {'line': b'-- Up-to-date: /home/sejong/Desktop/SH_ws/install/ros2_interfaces/include/ros2_interfaces/ros2_interfaces/msg/detail/upper_motor_state__struct.hpp\n'}
[0.616616] (ros2_interfaces) StdoutLine: {'line': b'-- Up-to-date: /home/sejong/Desktop/SH_ws/install/ros2_interfaces/include/ros2_interfaces/ros2_interfaces/msg/detail/upper_body_system_state__struct.hpp\n'}
[0.616690] (ros2_interfaces) StdoutLine: {'line': b'-- Up-to-date: /home/sejong/Desktop/SH_ws/install/ros2_interfaces/include/ros2_interfaces/ros2_interfaces/msg/upper_motor_state.hpp\n'}
[0.616767] (ros2_interfaces) StdoutLine: {'line': b'-- Up-to-date: /home/sejong/Desktop/SH_ws/install/ros2_interfaces/include/ros2_interfaces/ros2_interfaces/msg/upper_body_command.hpp\n'}
[0.616843] (ros2_interfaces) StdoutLine: {'line': b'-- Up-to-date: /home/sejong/Desktop/SH_ws/install/ros2_interfaces/include/ros2_interfaces/ros2_interfaces\n'}
[0.616919] (ros2_interfaces) StdoutLine: {'line': b'-- Up-to-date: /home/sejong/Desktop/SH_ws/install/ros2_interfaces/include/ros2_interfaces/ros2_interfaces/srv\n'}
[0.616990] (ros2_interfaces) StdoutLine: {'line': b'-- Up-to-date: /home/sejong/Desktop/SH_ws/install/ros2_interfaces/include/ros2_interfaces/ros2_interfaces/srv/detail\n'}
[0.617065] (ros2_interfaces) StdoutLine: {'line': b'-- Up-to-date: /home/sejong/Desktop/SH_ws/install/ros2_interfaces/include/ros2_interfaces/ros2_interfaces/srv/detail/set_run_mode__rosidl_typesupport_fastrtps_cpp.hpp\n'}
[0.617142] (ros2_interfaces) StdoutLine: {'line': b'-- Up-to-date: /home/sejong/Desktop/SH_ws/install/ros2_interfaces/include/ros2_interfaces/ros2_interfaces/srv/detail/dds_fastrtps\n'}
[0.617215] (ros2_interfaces) StdoutLine: {'line': b'-- Up-to-date: /home/sejong/Desktop/SH_ws/install/ros2_interfaces/include/ros2_interfaces/ros2_interfaces/srv/detail/simple_motor_result__rosidl_typesupport_fastrtps_cpp.hpp\n'}
[0.617288] (ros2_interfaces) StdoutLine: {'line': b'-- Up-to-date: /home/sejong/Desktop/SH_ws/install/ros2_interfaces/include/ros2_interfaces/ros2_interfaces/srv/detail/enable_motors__rosidl_typesupport_fastrtps_cpp.hpp\n'}
[0.617363] (ros2_interfaces) StdoutLine: {'line': b'-- Up-to-date: /home/sejong/Desktop/SH_ws/install/ros2_interfaces/include/ros2_interfaces/ros2_interfaces/msg\n'}
[0.617438] (ros2_interfaces) StdoutLine: {'line': b'-- Up-to-date: /home/sejong/Desktop/SH_ws/install/ros2_interfaces/include/ros2_interfaces/ros2_interfaces/msg/rosidl_typesupport_fastrtps_cpp__visibility_control.h\n'}
[0.617523] (ros2_interfaces) StdoutLine: {'line': b'-- Up-to-date: /home/sejong/Desktop/SH_ws/install/ros2_interfaces/include/ros2_interfaces/ros2_interfaces/msg/detail\n'}
[0.617597] (ros2_interfaces) StdoutLine: {'line': b'-- Up-to-date: /home/sejong/Desktop/SH_ws/install/ros2_interfaces/include/ros2_interfaces/ros2_interfaces/msg/detail/upper_body_system_state__rosidl_typesupport_fastrtps_cpp.hpp\n'}
[0.617687] (ros2_interfaces) StdoutLine: {'line': b'-- Up-to-date: /home/sejong/Desktop/SH_ws/install/ros2_interfaces/include/ros2_interfaces/ros2_interfaces/msg/detail/dds_fastrtps\n'}
[0.617763] (ros2_interfaces) StdoutLine: {'line': b'-- Up-to-date: /home/sejong/Desktop/SH_ws/install/ros2_interfaces/include/ros2_interfaces/ros2_interfaces/msg/detail/upper_body_command__rosidl_typesupport_fastrtps_cpp.hpp\n'}
[0.617835] (ros2_interfaces) StdoutLine: {'line': b'-- Up-to-date: /home/sejong/Desktop/SH_ws/install/ros2_interfaces/include/ros2_interfaces/ros2_interfaces/msg/detail/upper_motor_state__rosidl_typesupport_fastrtps_cpp.hpp\n'}
[0.617907] (ros2_interfaces) StdoutLine: {'line': b'-- Up-to-date: /home/sejong/Desktop/SH_ws/install/ros2_interfaces/lib/libros2_interfaces__rosidl_typesupport_fastrtps_cpp.so\n'}
[0.617978] (ros2_interfaces) StdoutLine: {'line': b'-- Up-to-date: /home/sejong/Desktop/SH_ws/install/ros2_interfaces/include/ros2_interfaces/ros2_interfaces\n'}
[0.618054] (ros2_interfaces) StdoutLine: {'line': b'-- Up-to-date: /home/sejong/Desktop/SH_ws/install/ros2_interfaces/include/ros2_interfaces/ros2_interfaces/srv\n'}
[0.618122] (ros2_interfaces) StdoutLine: {'line': b'-- Up-to-date: /home/sejong/Desktop/SH_ws/install/ros2_interfaces/include/ros2_interfaces/ros2_interfaces/srv/detail\n'}
[0.618194] (ros2_interfaces) StdoutLine: {'line': b'-- Up-to-date: /home/sejong/Desktop/SH_ws/install/ros2_interfaces/include/ros2_interfaces/ros2_interfaces/srv/detail/simple_motor_result__rosidl_typesupport_introspection_cpp.hpp\n'}
[0.618264] (ros2_interfaces) StdoutLine: {'line': b'-- Up-to-date: /home/sejong/Desktop/SH_ws/install/ros2_interfaces/include/ros2_interfaces/ros2_interfaces/srv/detail/enable_motors__rosidl_typesupport_introspection_cpp.hpp\n'}
[0.618332] (ros2_interfaces) StdoutLine: {'line': b'-- Up-to-date: /home/sejong/Desktop/SH_ws/install/ros2_interfaces/include/ros2_interfaces/ros2_interfaces/srv/detail/set_run_mode__type_support.cpp\n'}
[0.618402] (ros2_interfaces) StdoutLine: {'line': b'-- Up-to-date: /home/sejong/Desktop/SH_ws/install/ros2_interfaces/include/ros2_interfaces/ros2_interfaces/srv/detail/set_run_mode__rosidl_typesupport_introspection_cpp.hpp\n'}
[0.618480] (ros2_interfaces) StdoutLine: {'line': b'-- Up-to-date: /home/sejong/Desktop/SH_ws/install/ros2_interfaces/include/ros2_interfaces/ros2_interfaces/srv/detail/enable_motors__type_support.cpp\n'}
[0.618551] (ros2_interfaces) StdoutLine: {'line': b'-- Up-to-date: /home/sejong/Desktop/SH_ws/install/ros2_interfaces/include/ros2_interfaces/ros2_interfaces/srv/detail/simple_motor_result__type_support.cpp\n'}
[0.618626] (ros2_interfaces) StdoutLine: {'line': b'-- Up-to-date: /home/sejong/Desktop/SH_ws/install/ros2_interfaces/include/ros2_interfaces/ros2_interfaces/msg\n'}
[0.618699] (ros2_interfaces) StdoutLine: {'line': b'-- Up-to-date: /home/sejong/Desktop/SH_ws/install/ros2_interfaces/include/ros2_interfaces/ros2_interfaces/msg/detail\n'}
[0.618768] (ros2_interfaces) StdoutLine: {'line': b'-- Up-to-date: /home/sejong/Desktop/SH_ws/install/ros2_interfaces/include/ros2_interfaces/ros2_interfaces/msg/detail/upper_body_command__rosidl_typesupport_introspection_cpp.hpp\n'}
[0.618837] (ros2_interfaces) StdoutLine: {'line': b'-- Up-to-date: /home/sejong/Desktop/SH_ws/install/ros2_interfaces/include/ros2_interfaces/ros2_interfaces/msg/detail/upper_motor_state__rosidl_typesupport_introspection_cpp.hpp\n'}
[0.618907] (ros2_interfaces) StdoutLine: {'line': b'-- Up-to-date: /home/sejong/Desktop/SH_ws/install/ros2_interfaces/include/ros2_interfaces/ros2_interfaces/msg/detail/upper_motor_state__type_support.cpp\n'}
[0.618979] (ros2_interfaces) StdoutLine: {'line': b'-- Up-to-date: /home/sejong/Desktop/SH_ws/install/ros2_interfaces/include/ros2_interfaces/ros2_interfaces/msg/detail/upper_body_command__type_support.cpp\n'}
[0.619048] (ros2_interfaces) StdoutLine: {'line': b'-- Up-to-date: /home/sejong/Desktop/SH_ws/install/ros2_interfaces/include/ros2_interfaces/ros2_interfaces/msg/detail/upper_body_system_state__rosidl_typesupport_introspection_cpp.hpp\n'}
[0.619120] (ros2_interfaces) StdoutLine: {'line': b'-- Up-to-date: /home/sejong/Desktop/SH_ws/install/ros2_interfaces/include/ros2_interfaces/ros2_interfaces/msg/detail/upper_body_system_state__type_support.cpp\n'}
[0.619192] (ros2_interfaces) StdoutLine: {'line': b'-- Up-to-date: /home/sejong/Desktop/SH_ws/install/ros2_interfaces/lib/libros2_interfaces__rosidl_typesupport_introspection_cpp.so\n'}
[0.619259] (ros2_interfaces) StdoutLine: {'line': b'-- Up-to-date: /home/sejong/Desktop/SH_ws/install/ros2_interfaces/lib/libros2_interfaces__rosidl_typesupport_cpp.so\n'}
[0.619328] (ros2_interfaces) StdoutLine: {'line': b'-- Up-to-date: /home/sejong/Desktop/SH_ws/install/ros2_interfaces/share/ros2_interfaces/environment/pythonpath.sh\n'}
[0.619396] (ros2_interfaces) StdoutLine: {'line': b'-- Up-to-date: /home/sejong/Desktop/SH_ws/install/ros2_interfaces/share/ros2_interfaces/environment/pythonpath.dsv\n'}
[0.619472] (ros2_interfaces) StdoutLine: {'line': b'-- Up-to-date: /home/sejong/Desktop/SH_ws/install/ros2_interfaces/lib/python3.12/site-packages/ros2_interfaces-0.0.1-py3.12.egg-info\n'}
[0.619540] (ros2_interfaces) StdoutLine: {'line': b'-- Installing: /home/sejong/Desktop/SH_ws/install/ros2_interfaces/lib/python3.12/site-packages/ros2_interfaces-0.0.1-py3.12.egg-info/dependency_links.txt\n'}
[0.619619] (ros2_interfaces) StdoutLine: {'line': b'-- Installing: /home/sejong/Desktop/SH_ws/install/ros2_interfaces/lib/python3.12/site-packages/ros2_interfaces-0.0.1-py3.12.egg-info/top_level.txt\n'}
[0.619689] (ros2_interfaces) StdoutLine: {'line': b'-- Installing: /home/sejong/Desktop/SH_ws/install/ros2_interfaces/lib/python3.12/site-packages/ros2_interfaces-0.0.1-py3.12.egg-info/SOURCES.txt\n'}
[0.619757] (ros2_interfaces) StdoutLine: {'line': b'-- Installing: /home/sejong/Desktop/SH_ws/install/ros2_interfaces/lib/python3.12/site-packages/ros2_interfaces-0.0.1-py3.12.egg-info/PKG-INFO\n'}
[0.619826] (ros2_interfaces) StdoutLine: {'line': b'-- Up-to-date: /home/sejong/Desktop/SH_ws/install/ros2_interfaces/lib/python3.12/site-packages/ros2_interfaces\n'}
[0.619895] (ros2_interfaces) StdoutLine: {'line': b'-- Up-to-date: /home/sejong/Desktop/SH_ws/install/ros2_interfaces/lib/python3.12/site-packages/ros2_interfaces/__init__.py\n'}
[0.619964] (ros2_interfaces) StdoutLine: {'line': b'-- Up-to-date: /home/sejong/Desktop/SH_ws/install/ros2_interfaces/lib/python3.12/site-packages/ros2_interfaces/_ros2_interfaces_s.ep.rosidl_typesupport_introspection_c.c\n'}
[0.620034] (ros2_interfaces) StdoutLine: {'line': b'-- Up-to-date: /home/sejong/Desktop/SH_ws/install/ros2_interfaces/lib/python3.12/site-packages/ros2_interfaces/srv\n'}
[0.620102] (ros2_interfaces) StdoutLine: {'line': b'-- Up-to-date: /home/sejong/Desktop/SH_ws/install/ros2_interfaces/lib/python3.12/site-packages/ros2_interfaces/srv/__init__.py\n'}
[0.620170] (ros2_interfaces) StdoutLine: {'line': b'-- Up-to-date: /home/sejong/Desktop/SH_ws/install/ros2_interfaces/lib/python3.12/site-packages/ros2_interfaces/srv/_set_run_mode_s.c\n'}
[0.620242] (ros2_interfaces) StdoutLine: {'line': b'-- Up-to-date: /home/sejong/Desktop/SH_ws/install/ros2_interfaces/lib/python3.12/site-packages/ros2_interfaces/srv/_enable_motors_s.c\n'}
[0.620313] (ros2_interfaces) StdoutLine: {'line': b'-- Up-to-date: /home/sejong/Desktop/SH_ws/install/ros2_interfaces/lib/python3.12/site-packages/ros2_interfaces/srv/_enable_motors.py\n'}
[0.620383] (ros2_interfaces) StdoutLine: {'line': b'-- Up-to-date: /home/sejong/Desktop/SH_ws/install/ros2_interfaces/lib/python3.12/site-packages/ros2_interfaces/srv/_simple_motor_result_s.c\n'}
[0.620455] (ros2_interfaces) StdoutLine: {'line': b'-- Up-to-date: /home/sejong/Desktop/SH_ws/install/ros2_interfaces/lib/python3.12/site-packages/ros2_interfaces/srv/_set_run_mode.py\n'}
[0.620523] (ros2_interfaces) StdoutLine: {'line': b'-- Up-to-date: /home/sejong/Desktop/SH_ws/install/ros2_interfaces/lib/python3.12/site-packages/ros2_interfaces/srv/_simple_motor_result.py\n'}
[0.620592] (ros2_interfaces) StdoutLine: {'line': b'-- Up-to-date: /home/sejong/Desktop/SH_ws/install/ros2_interfaces/lib/python3.12/site-packages/ros2_interfaces/_ros2_interfaces_s.ep.rosidl_typesupport_fastrtps_c.c\n'}
[0.620661] (ros2_interfaces) StdoutLine: {'line': b'-- Up-to-date: /home/sejong/Desktop/SH_ws/install/ros2_interfaces/lib/python3.12/site-packages/ros2_interfaces/ros2_interfaces_s__rosidl_typesupport_introspection_c.so\n'}
[0.620732] (ros2_interfaces) StdoutLine: {'line': b'-- Up-to-date: /home/sejong/Desktop/SH_ws/install/ros2_interfaces/lib/python3.12/site-packages/ros2_interfaces/msg\n'}
[0.620802] (ros2_interfaces) StdoutLine: {'line': b'-- Up-to-date: /home/sejong/Desktop/SH_ws/install/ros2_interfaces/lib/python3.12/site-packages/ros2_interfaces/msg/_upper_body_command.py\n'}
[0.620870] (ros2_interfaces) StdoutLine: {'line': b'-- Up-to-date: /home/sejong/Desktop/SH_ws/install/ros2_interfaces/lib/python3.12/site-packages/ros2_interfaces/msg/__init__.py\n'}
[0.620939] (ros2_interfaces) StdoutLine: {'line': b'-- Up-to-date: /home/sejong/Desktop/SH_ws/install/ros2_interfaces/lib/python3.12/site-packages/ros2_interfaces/msg/_upper_body_system_state.py\n'}
[0.621012] (ros2_interfaces) StdoutLine: {'line': b'-- Up-to-date: /home/sejong/Desktop/SH_ws/install/ros2_interfaces/lib/python3.12/site-packages/ros2_interfaces/msg/_upper_motor_state.py\n'}
[0.621082] (ros2_interfaces) StdoutLine: {'line': b'-- Up-to-date: /home/sejong/Desktop/SH_ws/install/ros2_interfaces/lib/python3.12/site-packages/ros2_interfaces/msg/_upper_body_system_state_s.c\n'}
[0.621149] (ros2_interfaces) StdoutLine: {'line': b'-- Up-to-date: /home/sejong/Desktop/SH_ws/install/ros2_interfaces/lib/python3.12/site-packages/ros2_interfaces/msg/_upper_motor_state_s.c\n'}
[0.621218] (ros2_interfaces) StdoutLine: {'line': b'-- Up-to-date: /home/sejong/Desktop/SH_ws/install/ros2_interfaces/lib/python3.12/site-packages/ros2_interfaces/msg/_upper_body_command_s.c\n'}
[0.621286] (ros2_interfaces) StdoutLine: {'line': b'-- Up-to-date: /home/sejong/Desktop/SH_ws/install/ros2_interfaces/lib/python3.12/site-packages/ros2_interfaces/_ros2_interfaces_s.ep.rosidl_typesupport_c.c\n'}
[0.621354] (ros2_interfaces) StdoutLine: {'line': b'-- Up-to-date: /home/sejong/Desktop/SH_ws/install/ros2_interfaces/lib/python3.12/site-packages/ros2_interfaces/ros2_interfaces_s__rosidl_typesupport_fastrtps_c.so\n'}
[0.621425] (ros2_interfaces) StdoutLine: {'line': b'-- Up-to-date: /home/sejong/Desktop/SH_ws/install/ros2_interfaces/lib/python3.12/site-packages/ros2_interfaces/ros2_interfaces_s__rosidl_typesupport_c.so\n'}
[0.650876] (ros2_interfaces) StdoutLine: {'line': b"Listing '/home/sejong/Desktop/SH_ws/install/ros2_interfaces/lib/python3.12/site-packages/ros2_interfaces'...\n"}
[0.650949] (ros2_interfaces) StdoutLine: {'line': b"Listing '/home/sejong/Desktop/SH_ws/install/ros2_interfaces/lib/python3.12/site-packages/ros2_interfaces/msg'...\n"}
[0.651010] (ros2_interfaces) StdoutLine: {'line': b"Listing '/home/sejong/Desktop/SH_ws/install/ros2_interfaces/lib/python3.12/site-packages/ros2_interfaces/srv'...\n"}
[0.659673] (ros2_interfaces) StdoutLine: {'line': b'-- Up-to-date: /home/sejong/Desktop/SH_ws/install/ros2_interfaces/lib/python3.12/site-packages/ros2_interfaces/ros2_interfaces_s__rosidl_typesupport_fastrtps_c.so\n'}
[0.660034] (ros2_interfaces) StdoutLine: {'line': b'-- Up-to-date: /home/sejong/Desktop/SH_ws/install/ros2_interfaces/lib/python3.12/site-packages/ros2_interfaces/ros2_interfaces_s__rosidl_typesupport_introspection_c.so\n'}
[0.660353] (ros2_interfaces) StdoutLine: {'line': b'-- Up-to-date: /home/sejong/Desktop/SH_ws/install/ros2_interfaces/lib/python3.12/site-packages/ros2_interfaces/ros2_interfaces_s__rosidl_typesupport_c.so\n'}
[0.660658] (ros2_interfaces) StdoutLine: {'line': b'-- Up-to-date: /home/sejong/Desktop/SH_ws/install/ros2_interfaces/lib/libros2_interfaces__rosidl_generator_py.so\n'}
[0.660857] (ros2_interfaces) StdoutLine: {'line': b'-- Up-to-date: /home/sejong/Desktop/SH_ws/install/ros2_interfaces/share/ament_index/resource_index/rust_packages/ros2_interfaces\n'}
[0.660929] (ros2_interfaces) StdoutLine: {'line': b'-- Up-to-date: /home/sejong/Desktop/SH_ws/install/ros2_interfaces/share/ros2_interfaces/rust\n'}
[0.660992] (ros2_interfaces) StdoutLine: {'line': b'-- Up-to-date: /home/sejong/Desktop/SH_ws/install/ros2_interfaces/share/ros2_interfaces/rust/src\n'}
[0.661075] (ros2_interfaces) StdoutLine: {'line': b'-- Up-to-date: /home/sejong/Desktop/SH_ws/install/ros2_interfaces/share/ros2_interfaces/rust/src/lib.rs\n'}
[0.661145] (ros2_interfaces) StdoutLine: {'line': b'-- Up-to-date: /home/sejong/Desktop/SH_ws/install/ros2_interfaces/share/ros2_interfaces/rust/src/srv\n'}
[0.661232] (ros2_interfaces) StdoutLine: {'line': b'-- Up-to-date: /home/sejong/Desktop/SH_ws/install/ros2_interfaces/share/ros2_interfaces/rust/src/srv/rmw.rs\n'}
[0.661326] (ros2_interfaces) StdoutLine: {'line': b'-- Up-to-date: /home/sejong/Desktop/SH_ws/install/ros2_interfaces/share/ros2_interfaces/rust/src/srv.rs\n'}
[0.661398] (ros2_interfaces) StdoutLine: {'line': b'-- Up-to-date: /home/sejong/Desktop/SH_ws/install/ros2_interfaces/share/ros2_interfaces/rust/src/msg\n'}
[0.661472] (ros2_interfaces) StdoutLine: {'line': b'-- Up-to-date: /home/sejong/Desktop/SH_ws/install/ros2_interfaces/share/ros2_interfaces/rust/src/msg/rmw.rs\n'}
[0.661535] (ros2_interfaces) StdoutLine: {'line': b'-- Up-to-date: /home/sejong/Desktop/SH_ws/install/ros2_interfaces/share/ros2_interfaces/rust/src/msg.rs\n'}
[0.661618] (ros2_interfaces) StdoutLine: {'line': b'-- Up-to-date: /home/sejong/Desktop/SH_ws/install/ros2_interfaces/share/ros2_interfaces/rust/build.rs\n'}
[0.661707] (ros2_interfaces) StdoutLine: {'line': b'-- Up-to-date: /home/sejong/Desktop/SH_ws/install/ros2_interfaces/share/ros2_interfaces/rust/Cargo.toml\n'}
[0.661779] (ros2_interfaces) StdoutLine: {'line': b'-- Up-to-date: /home/sejong/Desktop/SH_ws/install/ros2_interfaces/share/ros2_interfaces/msg/UpperBodyCommand.idl\n'}
[0.661847] (ros2_interfaces) StdoutLine: {'line': b'-- Up-to-date: /home/sejong/Desktop/SH_ws/install/ros2_interfaces/share/ros2_interfaces/msg/UpperBodySystemState.idl\n'}
[0.661914] (ros2_interfaces) StdoutLine: {'line': b'-- Up-to-date: /home/sejong/Desktop/SH_ws/install/ros2_interfaces/share/ros2_interfaces/msg/UpperMotorState.idl\n'}
[0.661997] (ros2_interfaces) StdoutLine: {'line': b'-- Up-to-date: /home/sejong/Desktop/SH_ws/install/ros2_interfaces/share/ros2_interfaces/srv/EnableMotors.idl\n'}
[0.662064] (ros2_interfaces) StdoutLine: {'line': b'-- Up-to-date: /home/sejong/Desktop/SH_ws/install/ros2_interfaces/share/ros2_interfaces/srv/SetRunMode.idl\n'}
[0.662131] (ros2_interfaces) StdoutLine: {'line': b'-- Up-to-date: /home/sejong/Desktop/SH_ws/install/ros2_interfaces/share/ros2_interfaces/srv/SimpleMotorResult.idl\n'}
[0.662197] (ros2_interfaces) StdoutLine: {'line': b'-- Up-to-date: /home/sejong/Desktop/SH_ws/install/ros2_interfaces/share/ros2_interfaces/msg/UpperBodyCommand.msg\n'}
[0.662276] (ros2_interfaces) StdoutLine: {'line': b'-- Up-to-date: /home/sejong/Desktop/SH_ws/install/ros2_interfaces/share/ros2_interfaces/msg/UpperBodySystemState.msg\n'}
[0.662340] (ros2_interfaces) StdoutLine: {'line': b'-- Up-to-date: /home/sejong/Desktop/SH_ws/install/ros2_interfaces/share/ros2_interfaces/msg/UpperMotorState.msg\n'}
[0.662415] (ros2_interfaces) StdoutLine: {'line': b'-- Up-to-date: /home/sejong/Desktop/SH_ws/install/ros2_interfaces/share/ros2_interfaces/srv/EnableMotors.srv\n'}
[0.662486] (ros2_interfaces) StdoutLine: {'line': b'-- Up-to-date: /home/sejong/Desktop/SH_ws/install/ros2_interfaces/share/ros2_interfaces/srv/SetRunMode.srv\n'}
[0.662553] (ros2_interfaces) StdoutLine: {'line': b'-- Up-to-date: /home/sejong/Desktop/SH_ws/install/ros2_interfaces/share/ros2_interfaces/srv/SimpleMotorResult.srv\n'}
[0.662622] (ros2_interfaces) StdoutLine: {'line': b'-- Up-to-date: /home/sejong/Desktop/SH_ws/install/ros2_interfaces/share/ament_index/resource_index/package_run_dependencies/ros2_interfaces\n'}
[0.662675] (ros2_interfaces) StdoutLine: {'line': b'-- Up-to-date: /home/sejong/Desktop/SH_ws/install/ros2_interfaces/share/ament_index/resource_index/parent_prefix_path/ros2_interfaces\n'}
[0.662731] (ros2_interfaces) StdoutLine: {'line': b'-- Up-to-date: /home/sejong/Desktop/SH_ws/install/ros2_interfaces/share/ros2_interfaces/environment/ament_prefix_path.sh\n'}
[0.662788] (ros2_interfaces) StdoutLine: {'line': b'-- Up-to-date: /home/sejong/Desktop/SH_ws/install/ros2_interfaces/share/ros2_interfaces/environment/ament_prefix_path.dsv\n'}
[0.662839] (ros2_interfaces) StdoutLine: {'line': b'-- Up-to-date: /home/sejong/Desktop/SH_ws/install/ros2_interfaces/share/ros2_interfaces/environment/path.sh\n'}
[0.662979] (ros2_interfaces) StdoutLine: {'line': b'-- Up-to-date: /home/sejong/Desktop/SH_ws/install/ros2_interfaces/share/ros2_interfaces/environment/path.dsv\n'}
[0.663117] (ros2_interfaces) StdoutLine: {'line': b'-- Up-to-date: /home/sejong/Desktop/SH_ws/install/ros2_interfaces/share/ros2_interfaces/local_setup.bash\n'}
[0.663271] (ros2_interfaces) StdoutLine: {'line': b'-- Up-to-date: /home/sejong/Desktop/SH_ws/install/ros2_interfaces/share/ros2_interfaces/local_setup.sh\n'}
[0.663412] (ros2_interfaces) StdoutLine: {'line': b'-- Up-to-date: /home/sejong/Desktop/SH_ws/install/ros2_interfaces/share/ros2_interfaces/local_setup.zsh\n'}
[0.663549] (ros2_interfaces) StdoutLine: {'line': b'-- Up-to-date: /home/sejong/Desktop/SH_ws/install/ros2_interfaces/share/ros2_interfaces/local_setup.dsv\n'}
[0.663681] (ros2_interfaces) StdoutLine: {'line': b'-- Installing: /home/sejong/Desktop/SH_ws/install/ros2_interfaces/share/ros2_interfaces/package.dsv\n'}
[0.663818] (ros2_interfaces) StdoutLine: {'line': b'-- Up-to-date: /home/sejong/Desktop/SH_ws/install/ros2_interfaces/share/ament_index/resource_index/packages/ros2_interfaces\n'}
[0.663969] (ros2_interfaces) StdoutLine: {'line': b'-- Up-to-date: /home/sejong/Desktop/SH_ws/install/ros2_interfaces/share/ros2_interfaces/cmake/export_ros2_interfaces__rosidl_generator_cExport.cmake\n'}
[0.664113] (ros2_interfaces) StdoutLine: {'line': b'-- Up-to-date: /home/sejong/Desktop/SH_ws/install/ros2_interfaces/share/ros2_interfaces/cmake/export_ros2_interfaces__rosidl_generator_cExport-noconfig.cmake\n'}
[0.664253] (ros2_interfaces) StdoutLine: {'line': b'-- Up-to-date: /home/sejong/Desktop/SH_ws/install/ros2_interfaces/share/ros2_interfaces/cmake/export_ros2_interfaces__rosidl_typesupport_fastrtps_cExport.cmake\n'}
[0.664400] (ros2_interfaces) StdoutLine: {'line': b'-- Up-to-date: /home/sejong/Desktop/SH_ws/install/ros2_interfaces/share/ros2_interfaces/cmake/export_ros2_interfaces__rosidl_typesupport_fastrtps_cExport-noconfig.cmake\n'}
[0.664540] (ros2_interfaces) StdoutLine: {'line': b'-- Up-to-date: /home/sejong/Desktop/SH_ws/install/ros2_interfaces/share/ros2_interfaces/cmake/ros2_interfaces__rosidl_typesupport_introspection_cExport.cmake\n'}
[0.664682] (ros2_interfaces) StdoutLine: {'line': b'-- Up-to-date: /home/sejong/Desktop/SH_ws/install/ros2_interfaces/share/ros2_interfaces/cmake/ros2_interfaces__rosidl_typesupport_introspection_cExport-noconfig.cmake\n'}
[0.664830] (ros2_interfaces) StdoutLine: {'line': b'-- Up-to-date: /home/sejong/Desktop/SH_ws/install/ros2_interfaces/share/ros2_interfaces/cmake/ros2_interfaces__rosidl_typesupport_cExport.cmake\n'}
[0.664960] (ros2_interfaces) StdoutLine: {'line': b'-- Up-to-date: /home/sejong/Desktop/SH_ws/install/ros2_interfaces/share/ros2_interfaces/cmake/ros2_interfaces__rosidl_typesupport_cExport-noconfig.cmake\n'}
[0.665088] (ros2_interfaces) StdoutLine: {'line': b'-- Up-to-date: /home/sejong/Desktop/SH_ws/install/ros2_interfaces/share/ros2_interfaces/cmake/export_ros2_interfaces__rosidl_generator_cppExport.cmake\n'}
[0.665217] (ros2_interfaces) StdoutLine: {'line': b'-- Up-to-date: /home/sejong/Desktop/SH_ws/install/ros2_interfaces/share/ros2_interfaces/cmake/export_ros2_interfaces__rosidl_typesupport_fastrtps_cppExport.cmake\n'}
[0.665347] (ros2_interfaces) StdoutLine: {'line': b'-- Up-to-date: /home/sejong/Desktop/SH_ws/install/ros2_interfaces/share/ros2_interfaces/cmake/export_ros2_interfaces__rosidl_typesupport_fastrtps_cppExport-noconfig.cmake\n'}
[0.665477] (ros2_interfaces) StdoutLine: {'line': b'-- Up-to-date: /home/sejong/Desktop/SH_ws/install/ros2_interfaces/share/ros2_interfaces/cmake/ros2_interfaces__rosidl_typesupport_introspection_cppExport.cmake\n'}
[0.665611] (ros2_interfaces) StdoutLine: {'line': b'-- Up-to-date: /home/sejong/Desktop/SH_ws/install/ros2_interfaces/share/ros2_interfaces/cmake/ros2_interfaces__rosidl_typesupport_introspection_cppExport-noconfig.cmake\n'}
[0.665755] (ros2_interfaces) StdoutLine: {'line': b'-- Up-to-date: /home/sejong/Desktop/SH_ws/install/ros2_interfaces/share/ros2_interfaces/cmake/ros2_interfaces__rosidl_typesupport_cppExport.cmake\n'}
[0.665886] (ros2_interfaces) StdoutLine: {'line': b'-- Up-to-date: /home/sejong/Desktop/SH_ws/install/ros2_interfaces/share/ros2_interfaces/cmake/ros2_interfaces__rosidl_typesupport_cppExport-noconfig.cmake\n'}
[0.666015] (ros2_interfaces) StdoutLine: {'line': b'-- Up-to-date: /home/sejong/Desktop/SH_ws/install/ros2_interfaces/share/ros2_interfaces/cmake/export_ros2_interfaces__rosidl_generator_pyExport.cmake\n'}
[0.666150] (ros2_interfaces) StdoutLine: {'line': b'-- Up-to-date: /home/sejong/Desktop/SH_ws/install/ros2_interfaces/share/ros2_interfaces/cmake/export_ros2_interfaces__rosidl_generator_pyExport-noconfig.cmake\n'}
[0.666280] (ros2_interfaces) StdoutLine: {'line': b'-- Up-to-date: /home/sejong/Desktop/SH_ws/install/ros2_interfaces/share/ros2_interfaces/cmake/rosidl_cmake-extras.cmake\n'}
[0.666412] (ros2_interfaces) StdoutLine: {'line': b'-- Up-to-date: /home/sejong/Desktop/SH_ws/install/ros2_interfaces/share/ros2_interfaces/cmake/ament_cmake_export_dependencies-extras.cmake\n'}
[0.666541] (ros2_interfaces) StdoutLine: {'line': b'-- Up-to-date: /home/sejong/Desktop/SH_ws/install/ros2_interfaces/share/ros2_interfaces/cmake/ament_cmake_export_include_directories-extras.cmake\n'}
[0.666672] (ros2_interfaces) StdoutLine: {'line': b'-- Up-to-date: /home/sejong/Desktop/SH_ws/install/ros2_interfaces/share/ros2_interfaces/cmake/ament_cmake_export_libraries-extras.cmake\n'}
[0.666800] (ros2_interfaces) StdoutLine: {'line': b'-- Up-to-date: /home/sejong/Desktop/SH_ws/install/ros2_interfaces/share/ros2_interfaces/cmake/ament_cmake_export_targets-extras.cmake\n'}
[0.666928] (ros2_interfaces) StdoutLine: {'line': b'-- Up-to-date: /home/sejong/Desktop/SH_ws/install/ros2_interfaces/share/ros2_interfaces/cmake/rosidl_cmake_export_typesupport_targets-extras.cmake\n'}
[0.667071] (ros2_interfaces) StdoutLine: {'line': b'-- Up-to-date: /home/sejong/Desktop/SH_ws/install/ros2_interfaces/share/ros2_interfaces/cmake/rosidl_cmake_export_typesupport_libraries-extras.cmake\n'}
[0.667205] (ros2_interfaces) StdoutLine: {'line': b'-- Up-to-date: /home/sejong/Desktop/SH_ws/install/ros2_interfaces/share/ros2_interfaces/cmake/rosidl_cmake_aggregate_target-extras.cmake\n'}
[0.667332] (ros2_interfaces) StdoutLine: {'line': b'-- Up-to-date: /home/sejong/Desktop/SH_ws/install/ros2_interfaces/share/ros2_interfaces/cmake/ros2_interfacesConfig.cmake\n'}
[0.667459] (ros2_interfaces) StdoutLine: {'line': b'-- Up-to-date: /home/sejong/Desktop/SH_ws/install/ros2_interfaces/share/ros2_interfaces/cmake/ros2_interfacesConfig-version.cmake\n'}
[0.667640] (ros2_interfaces) StdoutLine: {'line': b'-- Up-to-date: /home/sejong/Desktop/SH_ws/install/ros2_interfaces/share/ros2_interfaces/package.xml\n'}
[0.668430] (ros2_interfaces) CommandEnded: {'returncode': 0}
[0.700873] (-) TimerEvent: {}
[0.703951] (ros2_interfaces) JobEnded: {'identifier': 'ros2_interfaces', 'rc': 0}
[0.705464] (sh_motion_cpp) JobStarted: {'identifier': 'sh_motion_cpp'}
[0.718588] (sh_motion_cpp) JobProgress: {'identifier': 'sh_motion_cpp', 'progress': 'cmake'}
[0.719314] (sh_motion_cpp) JobProgress: {'identifier': 'sh_motion_cpp', 'progress': 'build'}
[0.719843] (sh_motion_cpp) Command: {'cmd': ['/usr/bin/cmake', '--build', '/home/sejong/Desktop/SH_ws/build/sh_motion_cpp', '--', '-j14', '-l14'], 'cwd': '/home/sejong/Desktop/SH_ws/build/sh_motion_cpp', 'env': OrderedDict({'LESSOPEN': '| /usr/bin/lesspipe %s', 'USER': 'sejong', 'GZ_CONFIG_PATH': '/opt/ros/jazzy/opt/sdformat_vendor/share/gz', 'ROS_PACKAGE_PATH': '/home/sejong/Desktop/SH_ws/install/ros2_interfaces/share', 'XDG_SESSION_TYPE': 'x11', 'CLUTTER_DISABLE_MIPMAPPED_TEXT': '1', 'SHLVL': '1', 'LD_LIBRARY_PATH': '/home/sejong/Desktop/SH_ws/install/ros2_interfaces/lib:/opt/ros/jazzy/opt/sdformat_vendor/lib:/opt/ros/jazzy/opt/rviz_ogre_vendor/lib:/opt/ros/jazzy/lib/aarch64-linux-gnu:/opt/ros/jazzy/opt/gz_math_vendor/lib:/opt/ros/jazzy/opt/gz_utils_vendor/lib:/opt/ros/jazzy/opt/gz_tools_vendor/lib:/opt/ros/jazzy/opt/gz_cmake_vendor/lib:/opt/ros/jazzy/lib:/usr/local/cuda-13.2/lib64', 'HOME': '/home/sejong', 'OLDPWD': '/home/sejong/Desktop/SH_ws', 'DESKTOP_SESSION': 'ubuntu', 'ROS_PYTHON_VERSION': '3', 'GNOME_SHELL_SESSION_MODE': 'ubuntu', 'GTK_MODULES': 'gail:atk-bridge', 'SYSTEMD_EXEC_PID': '26002', 'GSM_SKIP_SSH_AGENT_WORKAROUND': 'true', 'DBUS_SESSION_BUS_ADDRESS': 'unix:path=/run/user/2001/bus', 'COLORTERM': 'truecolor', 'DEBUGINFOD_URLS': 'https://debuginfod.ubuntu.com', 'IM_CONFIG_PHASE': '1', 'COLCON_PREFIX_PATH': '/home/sejong/Desktop/SH_ws/install', 'ROS_DISTRO': 'jazzy', 'LOGNAME': 'sejong', '_': '/usr/bin/colcon', 'ROS_VERSION': '2', 'PKG_CONFIG_PATH': '/home/sejong/Desktop/SH_ws/install/ros2_interfaces/lib/aarch64-linux-gnu/pkgconfig:/home/sejong/Desktop/SH_ws/install/ros2_interfaces/lib/pkgconfig', 'XDG_SESSION_CLASS': 'user', 'USERNAME': 'sejong', 'TERM': 'xterm-256color', 'GNOME_DESKTOP_SESSION_ID': 'this-is-deprecated', 'WINDOWPATH': '2', 'PATH': '/home/sejong/.local/bin:/opt/ros/jazzy/opt/gz_tools_vendor/bin:/opt/ros/jazzy/bin:/usr/local/cuda-13.2/bin:/home/sejong/.local/bin:/usr/local/sbin:/usr/local/bin:/usr/sbin:/usr/bin:/sbin:/bin:/usr/games:/usr/local/games:/snap/bin:/snap/bin', 'SESSION_MANAGER': 'local/localhost.localdomain:@/tmp/.ICE-unix/25971,unix/localhost.localdomain:/tmp/.ICE-unix/25971', 'XDG_MENU_PREFIX': 'gnome-', 'GNOME_TERMINAL_SCREEN': '/org/gnome/Terminal/screen/899463a0_25f9_4627_9063_ce5ef1b69624', 'XDG_RUNTIME_DIR': '/run/user/2001', 'DISPLAY': ':1', 'LANG': 'en_US.UTF-8', 'XDG_CURRENT_DESKTOP': 'ubuntu:GNOME', 'XMODIFIERS': '@im=ibus', 'XDG_SESSION_DESKTOP': 'ubuntu', 'XAUTHORITY': '/run/user/2001/gdm/Xauthority', 'LS_COLORS': 'rs=0:di=01;34:ln=01;36:mh=00:pi=40;33:so=01;35:do=01;35:bd=40;33;01:cd=40;33;01:or=40;31;01:mi=00:su=37;41:sg=30;43:ca=00:tw=30;42:ow=34;42:st=37;44:ex=01;32:*.tar=01;31:*.tgz=01;31:*.arc=01;31:*.arj=01;31:*.taz=01;31:*.lha=01;31:*.lz4=01;31:*.lzh=01;31:*.lzma=01;31:*.tlz=01;31:*.txz=01;31:*.tzo=01;31:*.t7z=01;31:*.zip=01;31:*.z=01;31:*.dz=01;31:*.gz=01;31:*.lrz=01;31:*.lz=01;31:*.lzo=01;31:*.xz=01;31:*.zst=01;31:*.tzst=01;31:*.bz2=01;31:*.bz=01;31:*.tbz=01;31:*.tbz2=01;31:*.tz=01;31:*.deb=01;31:*.rpm=01;31:*.jar=01;31:*.war=01;31:*.ear=01;31:*.sar=01;31:*.rar=01;31:*.alz=01;31:*.ace=01;31:*.zoo=01;31:*.cpio=01;31:*.7z=01;31:*.rz=01;31:*.cab=01;31:*.wim=01;31:*.swm=01;31:*.dwm=01;31:*.esd=01;31:*.avif=01;35:*.jpg=01;35:*.jpeg=01;35:*.mjpg=01;35:*.mjpeg=01;35:*.gif=01;35:*.bmp=01;35:*.pbm=01;35:*.pgm=01;35:*.ppm=01;35:*.tga=01;35:*.xbm=01;35:*.xpm=01;35:*.tif=01;35:*.tiff=01;35:*.png=01;35:*.svg=01;35:*.svgz=01;35:*.mng=01;35:*.pcx=01;35:*.mov=01;35:*.mpg=01;35:*.mpeg=01;35:*.m2v=01;35:*.mkv=01;35:*.webm=01;35:*.webp=01;35:*.ogm=01;35:*.mp4=01;35:*.m4v=01;35:*.mp4v=01;35:*.vob=01;35:*.qt=01;35:*.nuv=01;35:*.wmv=01;35:*.asf=01;35:*.rm=01;35:*.rmvb=01;35:*.flc=01;35:*.avi=01;35:*.fli=01;35:*.flv=01;35:*.gl=01;35:*.dl=01;35:*.xcf=01;35:*.xwd=01;35:*.yuv=01;35:*.cgm=01;35:*.emf=01;35:*.ogv=01;35:*.ogx=01;35:*.aac=00;36:*.au=00;36:*.flac=00;36:*.m4a=00;36:*.mid=00;36:*.midi=00;36:*.mka=00;36:*.mp3=00;36:*.mpc=00;36:*.ogg=00;36:*.ra=00;36:*.wav=00;36:*.oga=00;36:*.opus=00;36:*.spx=00;36:*.xspf=00;36:*~=00;90:*#=00;90:*.bak=00;90:*.crdownload=00;90:*.dpkg-dist=00;90:*.dpkg-new=00;90:*.dpkg-old=00;90:*.dpkg-tmp=00;90:*.old=00;90:*.orig=00;90:*.part=00;90:*.rej=00;90:*.rpmnew=00;90:*.rpmorig=00;90:*.rpmsave=00;90:*.swp=00;90:*.tmp=00;90:*.ucf-dist=00;90:*.ucf-new=00;90:*.ucf-old=00;90:', 'GNOME_TERMINAL_SERVICE': ':1.103', 'SSH_AUTH_SOCK': '/run/user/2001/keyring/ssh', 'AMENT_PREFIX_PATH': '/home/sejong/Desktop/SH_ws/install/sh_motion_demo:/home/sejong/Desktop/SH_ws/install/sh_motion_cpp:/home/sejong/Desktop/SH_ws/install/SH_moveit_head_config:/home/sejong/Desktop/SH_ws/install/SH_moveit_demo_config:/home/sejong/Desktop/SH_ws/install/SH_moveit_config:/home/sejong/Desktop/SH_ws/install/SH_Humanoid_description:/opt/ros/jazzy', 'SHELL': '/bin/bash', 'QT_ACCESSIBILITY': '1', 'GDMSESSION': 'ubuntu', 'LESSCLOSE': '/usr/bin/lesspipe %s %s', 'GPG_AGENT_INFO': '/run/user/2001/gnupg/S.gpg-agent:0:1', 'ROS_AUTOMATIC_DISCOVERY_RANGE': 'SUBNET', 'QT_IM_MODULE': 'ibus', 'PWD': '/home/sejong/Desktop/SH_ws/build/sh_motion_cpp', 'XDG_CONFIG_DIRS': '/etc/xdg/xdg-ubuntu:/etc/xdg', 'XDG_DATA_DIRS': '/usr/share/ubuntu:/usr/share/gnome:/usr/local/share/:/usr/share/:/var/lib/snapd/desktop', 'PYTHONPATH': '/home/sejong/Desktop/SH_ws/install/ros2_interfaces/lib/python3.12/site-packages:/home/sejong/Desktop/SH_ws/build/sh_motion_demo:/home/sejong/Desktop/SH_ws/install/sh_motion_demo/lib/python3.12/site-packages:/home/sejong/Desktop/SH_ws/build/SH_Humanoid_description:/home/sejong/Desktop/SH_ws/install/SH_Humanoid_description/lib/python3.12/site-packages:/opt/ros/jazzy/lib/python3.12/site-packages', 'COLCON': '1', 'VTE_VERSION': '7600', 'CMAKE_PREFIX_PATH': '/home/sejong/Desktop/SH_ws/install/sh_motion_demo:/home/sejong/Desktop/SH_ws/install/SH_Humanoid_description:/opt/ros/jazzy:/home/sejong/Desktop/SH_ws/install/ros2_interfaces:/home/sejong/Desktop/SH_ws/install/sh_motion_cpp:/home/sejong/Desktop/SH_ws/install/SH_moveit_head_config:/home/sejong/Desktop/SH_ws/install/SH_moveit_demo_config:/home/sejong/Desktop/SH_ws/install/SH_moveit_config:/opt/ros/jazzy/opt/sdformat_vendor:/opt/ros/jazzy/opt/gz_math_vendor:/opt/ros/jazzy/opt/gz_utils_vendor:/opt/ros/jazzy/opt/gz_tools_vendor:/opt/ros/jazzy/opt/gz_cmake_vendor'}), 'shell': False}
[0.797060] (sh_motion_cpp) StdoutLine: {'line': b'[ 33%] Built target joint_state_bridge\n'}
[0.801485] (-) TimerEvent: {}
[0.809922] (sh_motion_cpp) StdoutLine: {'line': b'[ 66%] Built target wave\n'}
[0.810676] (sh_motion_cpp) StdoutLine: {'line': b'[100%] Built target trajectory_bridge_node\n'}
[0.827404] (sh_motion_cpp) CommandEnded: {'returncode': 0}
[0.828569] (sh_motion_cpp) JobProgress: {'identifier': 'sh_motion_cpp', 'progress': 'install'}
[0.829387] (sh_motion_cpp) Command: {'cmd': ['/usr/bin/cmake', '--install', '/home/sejong/Desktop/SH_ws/build/sh_motion_cpp'], 'cwd': '/home/sejong/Desktop/SH_ws/build/sh_motion_cpp', 'env': OrderedDict({'LESSOPEN': '| /usr/bin/lesspipe %s', 'USER': 'sejong', 'GZ_CONFIG_PATH': '/opt/ros/jazzy/opt/sdformat_vendor/share/gz', 'ROS_PACKAGE_PATH': '/home/sejong/Desktop/SH_ws/install/ros2_interfaces/share', 'XDG_SESSION_TYPE': 'x11', 'CLUTTER_DISABLE_MIPMAPPED_TEXT': '1', 'SHLVL': '1', 'LD_LIBRARY_PATH': '/home/sejong/Desktop/SH_ws/install/ros2_interfaces/lib:/opt/ros/jazzy/opt/sdformat_vendor/lib:/opt/ros/jazzy/opt/rviz_ogre_vendor/lib:/opt/ros/jazzy/lib/aarch64-linux-gnu:/opt/ros/jazzy/opt/gz_math_vendor/lib:/opt/ros/jazzy/opt/gz_utils_vendor/lib:/opt/ros/jazzy/opt/gz_tools_vendor/lib:/opt/ros/jazzy/opt/gz_cmake_vendor/lib:/opt/ros/jazzy/lib:/usr/local/cuda-13.2/lib64', 'HOME': '/home/sejong', 'OLDPWD': '/home/sejong/Desktop/SH_ws', 'DESKTOP_SESSION': 'ubuntu', 'ROS_PYTHON_VERSION': '3', 'GNOME_SHELL_SESSION_MODE': 'ubuntu', 'GTK_MODULES': 'gail:atk-bridge', 'SYSTEMD_EXEC_PID': '26002', 'GSM_SKIP_SSH_AGENT_WORKAROUND': 'true', 'DBUS_SESSION_BUS_ADDRESS': 'unix:path=/run/user/2001/bus', 'COLORTERM': 'truecolor', 'DEBUGINFOD_URLS': 'https://debuginfod.ubuntu.com', 'IM_CONFIG_PHASE': '1', 'COLCON_PREFIX_PATH': '/home/sejong/Desktop/SH_ws/install', 'ROS_DISTRO': 'jazzy', 'LOGNAME': 'sejong', '_': '/usr/bin/colcon', 'ROS_VERSION': '2', 'PKG_CONFIG_PATH': '/home/sejong/Desktop/SH_ws/install/ros2_interfaces/lib/aarch64-linux-gnu/pkgconfig:/home/sejong/Desktop/SH_ws/install/ros2_interfaces/lib/pkgconfig', 'XDG_SESSION_CLASS': 'user', 'USERNAME': 'sejong', 'TERM': 'xterm-256color', 'GNOME_DESKTOP_SESSION_ID': 'this-is-deprecated', 'WINDOWPATH': '2', 'PATH': '/home/sejong/.local/bin:/opt/ros/jazzy/opt/gz_tools_vendor/bin:/opt/ros/jazzy/bin:/usr/local/cuda-13.2/bin:/home/sejong/.local/bin:/usr/local/sbin:/usr/local/bin:/usr/sbin:/usr/bin:/sbin:/bin:/usr/games:/usr/local/games:/snap/bin:/snap/bin', 'SESSION_MANAGER': 'local/localhost.localdomain:@/tmp/.ICE-unix/25971,unix/localhost.localdomain:/tmp/.ICE-unix/25971', 'XDG_MENU_PREFIX': 'gnome-', 'GNOME_TERMINAL_SCREEN': '/org/gnome/Terminal/screen/899463a0_25f9_4627_9063_ce5ef1b69624', 'XDG_RUNTIME_DIR': '/run/user/2001', 'DISPLAY': ':1', 'LANG': 'en_US.UTF-8', 'XDG_CURRENT_DESKTOP': 'ubuntu:GNOME', 'XMODIFIERS': '@im=ibus', 'XDG_SESSION_DESKTOP': 'ubuntu', 'XAUTHORITY': '/run/user/2001/gdm/Xauthority', 'LS_COLORS': 'rs=0:di=01;34:ln=01;36:mh=00:pi=40;33:so=01;35:do=01;35:bd=40;33;01:cd=40;33;01:or=40;31;01:mi=00:su=37;41:sg=30;43:ca=00:tw=30;42:ow=34;42:st=37;44:ex=01;32:*.tar=01;31:*.tgz=01;31:*.arc=01;31:*.arj=01;31:*.taz=01;31:*.lha=01;31:*.lz4=01;31:*.lzh=01;31:*.lzma=01;31:*.tlz=01;31:*.txz=01;31:*.tzo=01;31:*.t7z=01;31:*.zip=01;31:*.z=01;31:*.dz=01;31:*.gz=01;31:*.lrz=01;31:*.lz=01;31:*.lzo=01;31:*.xz=01;31:*.zst=01;31:*.tzst=01;31:*.bz2=01;31:*.bz=01;31:*.tbz=01;31:*.tbz2=01;31:*.tz=01;31:*.deb=01;31:*.rpm=01;31:*.jar=01;31:*.war=01;31:*.ear=01;31:*.sar=01;31:*.rar=01;31:*.alz=01;31:*.ace=01;31:*.zoo=01;31:*.cpio=01;31:*.7z=01;31:*.rz=01;31:*.cab=01;31:*.wim=01;31:*.swm=01;31:*.dwm=01;31:*.esd=01;31:*.avif=01;35:*.jpg=01;35:*.jpeg=01;35:*.mjpg=01;35:*.mjpeg=01;35:*.gif=01;35:*.bmp=01;35:*.pbm=01;35:*.pgm=01;35:*.ppm=01;35:*.tga=01;35:*.xbm=01;35:*.xpm=01;35:*.tif=01;35:*.tiff=01;35:*.png=01;35:*.svg=01;35:*.svgz=01;35:*.mng=01;35:*.pcx=01;35:*.mov=01;35:*.mpg=01;35:*.mpeg=01;35:*.m2v=01;35:*.mkv=01;35:*.webm=01;35:*.webp=01;35:*.ogm=01;35:*.mp4=01;35:*.m4v=01;35:*.mp4v=01;35:*.vob=01;35:*.qt=01;35:*.nuv=01;35:*.wmv=01;35:*.asf=01;35:*.rm=01;35:*.rmvb=01;35:*.flc=01;35:*.avi=01;35:*.fli=01;35:*.flv=01;35:*.gl=01;35:*.dl=01;35:*.xcf=01;35:*.xwd=01;35:*.yuv=01;35:*.cgm=01;35:*.emf=01;35:*.ogv=01;35:*.ogx=01;35:*.aac=00;36:*.au=00;36:*.flac=00;36:*.m4a=00;36:*.mid=00;36:*.midi=00;36:*.mka=00;36:*.mp3=00;36:*.mpc=00;36:*.ogg=00;36:*.ra=00;36:*.wav=00;36:*.oga=00;36:*.opus=00;36:*.spx=00;36:*.xspf=00;36:*~=00;90:*#=00;90:*.bak=00;90:*.crdownload=00;90:*.dpkg-dist=00;90:*.dpkg-new=00;90:*.dpkg-old=00;90:*.dpkg-tmp=00;90:*.old=00;90:*.orig=00;90:*.part=00;90:*.rej=00;90:*.rpmnew=00;90:*.rpmorig=00;90:*.rpmsave=00;90:*.swp=00;90:*.tmp=00;90:*.ucf-dist=00;90:*.ucf-new=00;90:*.ucf-old=00;90:', 'GNOME_TERMINAL_SERVICE': ':1.103', 'SSH_AUTH_SOCK': '/run/user/2001/keyring/ssh', 'AMENT_PREFIX_PATH': '/home/sejong/Desktop/SH_ws/install/sh_motion_demo:/home/sejong/Desktop/SH_ws/install/sh_motion_cpp:/home/sejong/Desktop/SH_ws/install/SH_moveit_head_config:/home/sejong/Desktop/SH_ws/install/SH_moveit_demo_config:/home/sejong/Desktop/SH_ws/install/SH_moveit_config:/home/sejong/Desktop/SH_ws/install/SH_Humanoid_description:/opt/ros/jazzy', 'SHELL': '/bin/bash', 'QT_ACCESSIBILITY': '1', 'GDMSESSION': 'ubuntu', 'LESSCLOSE': '/usr/bin/lesspipe %s %s', 'GPG_AGENT_INFO': '/run/user/2001/gnupg/S.gpg-agent:0:1', 'ROS_AUTOMATIC_DISCOVERY_RANGE': 'SUBNET', 'QT_IM_MODULE': 'ibus', 'PWD': '/home/sejong/Desktop/SH_ws/build/sh_motion_cpp', 'XDG_CONFIG_DIRS': '/etc/xdg/xdg-ubuntu:/etc/xdg', 'XDG_DATA_DIRS': '/usr/share/ubuntu:/usr/share/gnome:/usr/local/share/:/usr/share/:/var/lib/snapd/desktop', 'PYTHONPATH': '/home/sejong/Desktop/SH_ws/install/ros2_interfaces/lib/python3.12/site-packages:/home/sejong/Desktop/SH_ws/build/sh_motion_demo:/home/sejong/Desktop/SH_ws/install/sh_motion_demo/lib/python3.12/site-packages:/home/sejong/Desktop/SH_ws/build/SH_Humanoid_description:/home/sejong/Desktop/SH_ws/install/SH_Humanoid_description/lib/python3.12/site-packages:/opt/ros/jazzy/lib/python3.12/site-packages', 'COLCON': '1', 'VTE_VERSION': '7600', 'CMAKE_PREFIX_PATH': '/home/sejong/Desktop/SH_ws/install/sh_motion_demo:/home/sejong/Desktop/SH_ws/install/SH_Humanoid_description:/opt/ros/jazzy:/home/sejong/Desktop/SH_ws/install/ros2_interfaces:/home/sejong/Desktop/SH_ws/install/sh_motion_cpp:/home/sejong/Desktop/SH_ws/install/SH_moveit_head_config:/home/sejong/Desktop/SH_ws/install/SH_moveit_demo_config:/home/sejong/Desktop/SH_ws/install/SH_moveit_config:/opt/ros/jazzy/opt/sdformat_vendor:/opt/ros/jazzy/opt/gz_math_vendor:/opt/ros/jazzy/opt/gz_utils_vendor:/opt/ros/jazzy/opt/gz_tools_vendor:/opt/ros/jazzy/opt/gz_cmake_vendor'}), 'shell': False}
[0.841801] (sh_motion_cpp) StdoutLine: {'line': b'-- Install configuration: ""\n'}
[0.842006] (sh_motion_cpp) StdoutLine: {'line': b'-- Execute custom install script\n'}
[0.842148] (sh_motion_cpp) StdoutLine: {'line': b'-- Up-to-date symlink: /home/sejong/Desktop/SH_ws/install/sh_motion_cpp/lib/sh_motion_cpp/wave\n'}
[0.842284] (sh_motion_cpp) StdoutLine: {'line': b'-- Up-to-date symlink: /home/sejong/Desktop/SH_ws/install/sh_motion_cpp/lib/sh_motion_cpp/trajectory_bridge_node\n'}
[0.842416] (sh_motion_cpp) StdoutLine: {'line': b'-- Up-to-date symlink: /home/sejong/Desktop/SH_ws/install/sh_motion_cpp/lib/sh_motion_cpp/joint_state_bridge\n'}
[0.842556] (sh_motion_cpp) StdoutLine: {'line': b'-- Up-to-date symlink: /home/sejong/Desktop/SH_ws/install/sh_motion_cpp/share/ament_index/resource_index/package_run_dependencies/sh_motion_cpp\n'}
[0.842681] (sh_motion_cpp) StdoutLine: {'line': b'-- Up-to-date symlink: /home/sejong/Desktop/SH_ws/install/sh_motion_cpp/share/ament_index/resource_index/parent_prefix_path/sh_motion_cpp\n'}
[0.842812] (sh_motion_cpp) StdoutLine: {'line': b'-- Up-to-date symlink: /home/sejong/Desktop/SH_ws/install/sh_motion_cpp/share/sh_motion_cpp/environment/ament_prefix_path.sh\n'}
[0.842944] (sh_motion_cpp) StdoutLine: {'line': b'-- Up-to-date symlink: /home/sejong/Desktop/SH_ws/install/sh_motion_cpp/share/sh_motion_cpp/environment/ament_prefix_path.dsv\n'}
[0.843076] (sh_motion_cpp) StdoutLine: {'line': b'-- Up-to-date symlink: /home/sejong/Desktop/SH_ws/install/sh_motion_cpp/share/sh_motion_cpp/environment/path.sh\n'}
[0.843206] (sh_motion_cpp) StdoutLine: {'line': b'-- Up-to-date symlink: /home/sejong/Desktop/SH_ws/install/sh_motion_cpp/share/sh_motion_cpp/environment/path.dsv\n'}
[0.843336] (sh_motion_cpp) StdoutLine: {'line': b'-- Up-to-date symlink: /home/sejong/Desktop/SH_ws/install/sh_motion_cpp/share/sh_motion_cpp/local_setup.bash\n'}
[0.843466] (sh_motion_cpp) StdoutLine: {'line': b'-- Up-to-date symlink: /home/sejong/Desktop/SH_ws/install/sh_motion_cpp/share/sh_motion_cpp/local_setup.sh\n'}
[0.843595] (sh_motion_cpp) StdoutLine: {'line': b'-- Up-to-date symlink: /home/sejong/Desktop/SH_ws/install/sh_motion_cpp/share/sh_motion_cpp/local_setup.zsh\n'}
[0.843728] (sh_motion_cpp) StdoutLine: {'line': b'-- Up-to-date symlink: /home/sejong/Desktop/SH_ws/install/sh_motion_cpp/share/sh_motion_cpp/local_setup.dsv\n'}
[0.843857] (sh_motion_cpp) StdoutLine: {'line': b'-- Symlinking: /home/sejong/Desktop/SH_ws/install/sh_motion_cpp/share/sh_motion_cpp/package.dsv\n'}
[0.851960] (sh_motion_cpp) StdoutLine: {'line': b'-- Up-to-date symlink: /home/sejong/Desktop/SH_ws/install/sh_motion_cpp/share/ament_index/resource_index/packages/sh_motion_cpp\n'}
[0.852190] (sh_motion_cpp) StdoutLine: {'line': b'-- Up-to-date symlink: /home/sejong/Desktop/SH_ws/install/sh_motion_cpp/share/sh_motion_cpp/cmake/sh_motion_cppConfig.cmake\n'}
[0.852346] (sh_motion_cpp) StdoutLine: {'line': b'-- Up-to-date symlink: /home/sejong/Desktop/SH_ws/install/sh_motion_cpp/share/sh_motion_cpp/cmake/sh_motion_cppConfig-version.cmake\n'}
[0.852513] (sh_motion_cpp) StdoutLine: {'line': b'-- Up-to-date symlink: /home/sejong/Desktop/SH_ws/install/sh_motion_cpp/share/sh_motion_cpp/package.xml\n'}
[0.855691] (sh_motion_cpp) CommandEnded: {'returncode': 0}
[0.877325] (sh_motion_cpp) JobEnded: {'identifier': 'sh_motion_cpp', 'rc': 0}
[0.894480] (sh_motion_demo) Command: {'cmd': ['/usr/bin/python3', '-W', 'ignore:setup.py install is deprecated', '-W', 'ignore:easy_install command is deprecated', 'setup.py', 'egg_info', '--egg-base', '../../build/sh_motion_demo', 'build', '--build-base', '/home/sejong/Desktop/SH_ws/build/sh_motion_demo/build', 'install', '--record', '/home/sejong/Desktop/SH_ws/build/sh_motion_demo/install.log', '--single-version-externally-managed', 'install_data'], 'cwd': '/home/sejong/Desktop/SH_ws/src/sh_motion_demo', 'env': {'LESSOPEN': '| /usr/bin/lesspipe %s', 'USER': 'sejong', 'GZ_CONFIG_PATH': '/opt/ros/jazzy/opt/sdformat_vendor/share/gz', 'ROS_PACKAGE_PATH': '/home/sejong/Desktop/SH_ws/install/ros2_interfaces/share', 'XDG_SESSION_TYPE': 'x11', 'CLUTTER_DISABLE_MIPMAPPED_TEXT': '1', 'SHLVL': '1', 'LD_LIBRARY_PATH': '/home/sejong/Desktop/SH_ws/install/ros2_interfaces/lib:/opt/ros/jazzy/opt/sdformat_vendor/lib:/opt/ros/jazzy/opt/rviz_ogre_vendor/lib:/opt/ros/jazzy/lib/aarch64-linux-gnu:/opt/ros/jazzy/opt/gz_math_vendor/lib:/opt/ros/jazzy/opt/gz_utils_vendor/lib:/opt/ros/jazzy/opt/gz_tools_vendor/lib:/opt/ros/jazzy/opt/gz_cmake_vendor/lib:/opt/ros/jazzy/lib:/usr/local/cuda-13.2/lib64:', 'HOME': '/home/sejong', 'OLDPWD': '/home/sejong/Desktop/SH_ws', 'DESKTOP_SESSION': 'ubuntu', 'ROS_PYTHON_VERSION': '3', 'GNOME_SHELL_SESSION_MODE': 'ubuntu', 'GTK_MODULES': 'gail:atk-bridge', 'SYSTEMD_EXEC_PID': '26002', 'GSM_SKIP_SSH_AGENT_WORKAROUND': 'true', 'DBUS_SESSION_BUS_ADDRESS': 'unix:path=/run/user/2001/bus', 'COLORTERM': 'truecolor', 'DEBUGINFOD_URLS': 'https://debuginfod.ubuntu.com', 'IM_CONFIG_PHASE': '1', 'COLCON_PREFIX_PATH': '/home/sejong/Desktop/SH_ws/install', 'ROS_DISTRO': 'jazzy', 'LOGNAME': 'sejong', '_': '/usr/bin/colcon', 'ROS_VERSION': '2', 'PKG_CONFIG_PATH': '/home/sejong/Desktop/SH_ws/install/ros2_interfaces/lib/aarch64-linux-gnu/pkgconfig:/home/sejong/Desktop/SH_ws/install/ros2_interfaces/lib/pkgconfig', 'XDG_SESSION_CLASS': 'user', 'USERNAME': 'sejong', 'TERM': 'xterm-256color', 'GNOME_DESKTOP_SESSION_ID': 'this-is-deprecated', 'WINDOWPATH': '2', 'PATH': '/home/sejong/.local/bin:/opt/ros/jazzy/opt/gz_tools_vendor/bin:/opt/ros/jazzy/bin:/usr/local/cuda-13.2/bin:/home/sejong/.local/bin:/usr/local/sbin:/usr/local/bin:/usr/sbin:/usr/bin:/sbin:/bin:/usr/games:/usr/local/games:/snap/bin:/snap/bin', 'SESSION_MANAGER': 'local/localhost.localdomain:@/tmp/.ICE-unix/25971,unix/localhost.localdomain:/tmp/.ICE-unix/25971', 'XDG_MENU_PREFIX': 'gnome-', 'GNOME_TERMINAL_SCREEN': '/org/gnome/Terminal/screen/899463a0_25f9_4627_9063_ce5ef1b69624', 'XDG_RUNTIME_DIR': '/run/user/2001', 'DISPLAY': ':1', 'LANG': 'en_US.UTF-8', 'XDG_CURRENT_DESKTOP': 'ubuntu:GNOME', 'XMODIFIERS': '@im=ibus', 'XDG_SESSION_DESKTOP': 'ubuntu', 'XAUTHORITY': '/run/user/2001/gdm/Xauthority', 'LS_COLORS': 'rs=0:di=01;34:ln=01;36:mh=00:pi=40;33:so=01;35:do=01;35:bd=40;33;01:cd=40;33;01:or=40;31;01:mi=00:su=37;41:sg=30;43:ca=00:tw=30;42:ow=34;42:st=37;44:ex=01;32:*.tar=01;31:*.tgz=01;31:*.arc=01;31:*.arj=01;31:*.taz=01;31:*.lha=01;31:*.lz4=01;31:*.lzh=01;31:*.lzma=01;31:*.tlz=01;31:*.txz=01;31:*.tzo=01;31:*.t7z=01;31:*.zip=01;31:*.z=01;31:*.dz=01;31:*.gz=01;31:*.lrz=01;31:*.lz=01;31:*.lzo=01;31:*.xz=01;31:*.zst=01;31:*.tzst=01;31:*.bz2=01;31:*.bz=01;31:*.tbz=01;31:*.tbz2=01;31:*.tz=01;31:*.deb=01;31:*.rpm=01;31:*.jar=01;31:*.war=01;31:*.ear=01;31:*.sar=01;31:*.rar=01;31:*.alz=01;31:*.ace=01;31:*.zoo=01;31:*.cpio=01;31:*.7z=01;31:*.rz=01;31:*.cab=01;31:*.wim=01;31:*.swm=01;31:*.dwm=01;31:*.esd=01;31:*.avif=01;35:*.jpg=01;35:*.jpeg=01;35:*.mjpg=01;35:*.mjpeg=01;35:*.gif=01;35:*.bmp=01;35:*.pbm=01;35:*.pgm=01;35:*.ppm=01;35:*.tga=01;35:*.xbm=01;35:*.xpm=01;35:*.tif=01;35:*.tiff=01;35:*.png=01;35:*.svg=01;35:*.svgz=01;35:*.mng=01;35:*.pcx=01;35:*.mov=01;35:*.mpg=01;35:*.mpeg=01;35:*.m2v=01;35:*.mkv=01;35:*.webm=01;35:*.webp=01;35:*.ogm=01;35:*.mp4=01;35:*.m4v=01;35:*.mp4v=01;35:*.vob=01;35:*.qt=01;35:*.nuv=01;35:*.wmv=01;35:*.asf=01;35:*.rm=01;35:*.rmvb=01;35:*.flc=01;35:*.avi=01;35:*.fli=01;35:*.flv=01;35:*.gl=01;35:*.dl=01;35:*.xcf=01;35:*.xwd=01;35:*.yuv=01;35:*.cgm=01;35:*.emf=01;35:*.ogv=01;35:*.ogx=01;35:*.aac=00;36:*.au=00;36:*.flac=00;36:*.m4a=00;36:*.mid=00;36:*.midi=00;36:*.mka=00;36:*.mp3=00;36:*.mpc=00;36:*.ogg=00;36:*.ra=00;36:*.wav=00;36:*.oga=00;36:*.opus=00;36:*.spx=00;36:*.xspf=00;36:*~=00;90:*#=00;90:*.bak=00;90:*.crdownload=00;90:*.dpkg-dist=00;90:*.dpkg-new=00;90:*.dpkg-old=00;90:*.dpkg-tmp=00;90:*.old=00;90:*.orig=00;90:*.part=00;90:*.rej=00;90:*.rpmnew=00;90:*.rpmorig=00;90:*.rpmsave=00;90:*.swp=00;90:*.tmp=00;90:*.ucf-dist=00;90:*.ucf-new=00;90:*.ucf-old=00;90:', 'GNOME_TERMINAL_SERVICE': ':1.103', 'SSH_AUTH_SOCK': '/run/user/2001/keyring/ssh', 'AMENT_PREFIX_PATH': '/home/sejong/Desktop/SH_ws/install/sh_motion_demo:/home/sejong/Desktop/SH_ws/install/sh_motion_cpp:/home/sejong/Desktop/SH_ws/install/SH_moveit_head_config:/home/sejong/Desktop/SH_ws/install/SH_moveit_demo_config:/home/sejong/Desktop/SH_ws/install/SH_moveit_config:/home/sejong/Desktop/SH_ws/install/SH_Humanoid_description:/opt/ros/jazzy', 'SHELL': '/bin/bash', 'QT_ACCESSIBILITY': '1', 'GDMSESSION': 'ubuntu', 'LESSCLOSE': '/usr/bin/lesspipe %s %s', 'GPG_AGENT_INFO': '/run/user/2001/gnupg/S.gpg-agent:0:1', 'ROS_AUTOMATIC_DISCOVERY_RANGE': 'SUBNET', 'QT_IM_MODULE': 'ibus', 'PWD': '/home/sejong/Desktop/SH_ws/build/sh_motion_demo', 'XDG_CONFIG_DIRS': '/etc/xdg/xdg-ubuntu:/etc/xdg', 'XDG_DATA_DIRS': '/usr/share/ubuntu:/usr/share/gnome:/usr/local/share/:/usr/share/:/var/lib/snapd/desktop', 'PYTHONPATH': '/home/sejong/Desktop/SH_ws/build/sh_motion_demo/prefix_override:/usr/lib/python3/dist-packages/colcon_core/task/python/colcon_distutils_commands:/home/sejong/Desktop/SH_ws/install/sh_motion_demo/lib/python3.12/site-packages:/home/sejong/Desktop/SH_ws/build/sh_motion_demo:/home/sejong/Desktop/SH_ws/install/sh_motion_demo/lib/python3.12/site-packages:/home/sejong/Desktop/SH_ws/install/ros2_interfaces/lib/python3.12/site-packages:/home/sejong/Desktop/SH_ws/build/SH_Humanoid_description:/home/sejong/Desktop/SH_ws/install/SH_Humanoid_description/lib/python3.12/site-packages:/opt/ros/jazzy/lib/python3.12/site-packages', 'COLCON': '1', 'VTE_VERSION': '7600', 'CMAKE_PREFIX_PATH': '/home/sejong/Desktop/SH_ws/install/sh_motion_cpp:/home/sejong/Desktop/SH_ws/install/ros2_interfaces:/home/sejong/Desktop/SH_ws/install/SH_moveit_head_config:/home/sejong/Desktop/SH_ws/install/SH_moveit_demo_config:/home/sejong/Desktop/SH_ws/install/SH_moveit_config:/opt/ros/jazzy/opt/sdformat_vendor:/opt/ros/jazzy/opt/gz_math_vendor:/opt/ros/jazzy/opt/gz_utils_vendor:/opt/ros/jazzy/opt/gz_tools_vendor:/opt/ros/jazzy/opt/gz_cmake_vendor'}, 'shell': False}
[0.901559] (-) TimerEvent: {}
[0.916306] (SH_Humanoid_description) Command: {'cmd': ['/usr/bin/python3', '-W', 'ignore:setup.py install is deprecated', '-W', 'ignore:easy_install command is deprecated', 'setup.py', 'egg_info', '--egg-base', '../../build/SH_Humanoid_description', 'build', '--build-base', '/home/sejong/Desktop/SH_ws/build/SH_Humanoid_description/build', 'install', '--record', '/home/sejong/Desktop/SH_ws/build/SH_Humanoid_description/install.log', '--install-scripts', '$base/lib/SH_Humanoid_description', '--single-version-externally-managed', 'install_data'], 'cwd': '/home/sejong/Desktop/SH_ws/src/SH_Humanoid_description', 'env': {'LESSOPEN': '| /usr/bin/lesspipe %s', 'USER': 'sejong', 'GZ_CONFIG_PATH': '/opt/ros/jazzy/opt/sdformat_vendor/share/gz', 'ROS_PACKAGE_PATH': '/home/sejong/Desktop/SH_ws/install/ros2_interfaces/share', 'XDG_SESSION_TYPE': 'x11', 'CLUTTER_DISABLE_MIPMAPPED_TEXT': '1', 'SHLVL': '1', 'LD_LIBRARY_PATH': '/home/sejong/Desktop/SH_ws/install/ros2_interfaces/lib:/opt/ros/jazzy/opt/sdformat_vendor/lib:/opt/ros/jazzy/opt/rviz_ogre_vendor/lib:/opt/ros/jazzy/lib/aarch64-linux-gnu:/opt/ros/jazzy/opt/gz_math_vendor/lib:/opt/ros/jazzy/opt/gz_utils_vendor/lib:/opt/ros/jazzy/opt/gz_tools_vendor/lib:/opt/ros/jazzy/opt/gz_cmake_vendor/lib:/opt/ros/jazzy/lib:/usr/local/cuda-13.2/lib64:', 'HOME': '/home/sejong', 'OLDPWD': '/home/sejong/Desktop/SH_ws', 'DESKTOP_SESSION': 'ubuntu', 'ROS_PYTHON_VERSION': '3', 'GNOME_SHELL_SESSION_MODE': 'ubuntu', 'GTK_MODULES': 'gail:atk-bridge', 'SYSTEMD_EXEC_PID': '26002', 'GSM_SKIP_SSH_AGENT_WORKAROUND': 'true', 'DBUS_SESSION_BUS_ADDRESS': 'unix:path=/run/user/2001/bus', 'COLORTERM': 'truecolor', 'DEBUGINFOD_URLS': 'https://debuginfod.ubuntu.com', 'IM_CONFIG_PHASE': '1', 'COLCON_PREFIX_PATH': '/home/sejong/Desktop/SH_ws/install', 'ROS_DISTRO': 'jazzy', 'LOGNAME': 'sejong', '_': '/usr/bin/colcon', 'ROS_VERSION': '2', 'PKG_CONFIG_PATH': '/home/sejong/Desktop/SH_ws/install/ros2_interfaces/lib/aarch64-linux-gnu/pkgconfig:/home/sejong/Desktop/SH_ws/install/ros2_interfaces/lib/pkgconfig', 'XDG_SESSION_CLASS': 'user', 'USERNAME': 'sejong', 'TERM': 'xterm-256color', 'GNOME_DESKTOP_SESSION_ID': 'this-is-deprecated', 'WINDOWPATH': '2', 'PATH': '/home/sejong/.local/bin:/opt/ros/jazzy/opt/gz_tools_vendor/bin:/opt/ros/jazzy/bin:/usr/local/cuda-13.2/bin:/home/sejong/.local/bin:/usr/local/sbin:/usr/local/bin:/usr/sbin:/usr/bin:/sbin:/bin:/usr/games:/usr/local/games:/snap/bin:/snap/bin', 'SESSION_MANAGER': 'local/localhost.localdomain:@/tmp/.ICE-unix/25971,unix/localhost.localdomain:/tmp/.ICE-unix/25971', 'XDG_MENU_PREFIX': 'gnome-', 'GNOME_TERMINAL_SCREEN': '/org/gnome/Terminal/screen/899463a0_25f9_4627_9063_ce5ef1b69624', 'XDG_RUNTIME_DIR': '/run/user/2001', 'DISPLAY': ':1', 'LANG': 'en_US.UTF-8', 'XDG_CURRENT_DESKTOP': 'ubuntu:GNOME', 'XMODIFIERS': '@im=ibus', 'XDG_SESSION_DESKTOP': 'ubuntu', 'XAUTHORITY': '/run/user/2001/gdm/Xauthority', 'LS_COLORS': 'rs=0:di=01;34:ln=01;36:mh=00:pi=40;33:so=01;35:do=01;35:bd=40;33;01:cd=40;33;01:or=40;31;01:mi=00:su=37;41:sg=30;43:ca=00:tw=30;42:ow=34;42:st=37;44:ex=01;32:*.tar=01;31:*.tgz=01;31:*.arc=01;31:*.arj=01;31:*.taz=01;31:*.lha=01;31:*.lz4=01;31:*.lzh=01;31:*.lzma=01;31:*.tlz=01;31:*.txz=01;31:*.tzo=01;31:*.t7z=01;31:*.zip=01;31:*.z=01;31:*.dz=01;31:*.gz=01;31:*.lrz=01;31:*.lz=01;31:*.lzo=01;31:*.xz=01;31:*.zst=01;31:*.tzst=01;31:*.bz2=01;31:*.bz=01;31:*.tbz=01;31:*.tbz2=01;31:*.tz=01;31:*.deb=01;31:*.rpm=01;31:*.jar=01;31:*.war=01;31:*.ear=01;31:*.sar=01;31:*.rar=01;31:*.alz=01;31:*.ace=01;31:*.zoo=01;31:*.cpio=01;31:*.7z=01;31:*.rz=01;31:*.cab=01;31:*.wim=01;31:*.swm=01;31:*.dwm=01;31:*.esd=01;31:*.avif=01;35:*.jpg=01;35:*.jpeg=01;35:*.mjpg=01;35:*.mjpeg=01;35:*.gif=01;35:*.bmp=01;35:*.pbm=01;35:*.pgm=01;35:*.ppm=01;35:*.tga=01;35:*.xbm=01;35:*.xpm=01;35:*.tif=01;35:*.tiff=01;35:*.png=01;35:*.svg=01;35:*.svgz=01;35:*.mng=01;35:*.pcx=01;35:*.mov=01;35:*.mpg=01;35:*.mpeg=01;35:*.m2v=01;35:*.mkv=01;35:*.webm=01;35:*.webp=01;35:*.ogm=01;35:*.mp4=01;35:*.m4v=01;35:*.mp4v=01;35:*.vob=01;35:*.qt=01;35:*.nuv=01;35:*.wmv=01;35:*.asf=01;35:*.rm=01;35:*.rmvb=01;35:*.flc=01;35:*.avi=01;35:*.fli=01;35:*.flv=01;35:*.gl=01;35:*.dl=01;35:*.xcf=01;35:*.xwd=01;35:*.yuv=01;35:*.cgm=01;35:*.emf=01;35:*.ogv=01;35:*.ogx=01;35:*.aac=00;36:*.au=00;36:*.flac=00;36:*.m4a=00;36:*.mid=00;36:*.midi=00;36:*.mka=00;36:*.mp3=00;36:*.mpc=00;36:*.ogg=00;36:*.ra=00;36:*.wav=00;36:*.oga=00;36:*.opus=00;36:*.spx=00;36:*.xspf=00;36:*~=00;90:*#=00;90:*.bak=00;90:*.crdownload=00;90:*.dpkg-dist=00;90:*.dpkg-new=00;90:*.dpkg-old=00;90:*.dpkg-tmp=00;90:*.old=00;90:*.orig=00;90:*.part=00;90:*.rej=00;90:*.rpmnew=00;90:*.rpmorig=00;90:*.rpmsave=00;90:*.swp=00;90:*.tmp=00;90:*.ucf-dist=00;90:*.ucf-new=00;90:*.ucf-old=00;90:', 'GNOME_TERMINAL_SERVICE': ':1.103', 'SSH_AUTH_SOCK': '/run/user/2001/keyring/ssh', 'AMENT_PREFIX_PATH': '/home/sejong/Desktop/SH_ws/install/sh_motion_demo:/home/sejong/Desktop/SH_ws/install/sh_motion_cpp:/home/sejong/Desktop/SH_ws/install/SH_moveit_head_config:/home/sejong/Desktop/SH_ws/install/SH_moveit_demo_config:/home/sejong/Desktop/SH_ws/install/SH_moveit_config:/home/sejong/Desktop/SH_ws/install/SH_Humanoid_description:/opt/ros/jazzy', 'SHELL': '/bin/bash', 'QT_ACCESSIBILITY': '1', 'GDMSESSION': 'ubuntu', 'LESSCLOSE': '/usr/bin/lesspipe %s %s', 'GPG_AGENT_INFO': '/run/user/2001/gnupg/S.gpg-agent:0:1', 'ROS_AUTOMATIC_DISCOVERY_RANGE': 'SUBNET', 'QT_IM_MODULE': 'ibus', 'PWD': '/home/sejong/Desktop/SH_ws/build/SH_Humanoid_description', 'XDG_CONFIG_DIRS': '/etc/xdg/xdg-ubuntu:/etc/xdg', 'XDG_DATA_DIRS': '/usr/share/ubuntu:/usr/share/gnome:/usr/local/share/:/usr/share/:/var/lib/snapd/desktop', 'PYTHONPATH': '/home/sejong/Desktop/SH_ws/build/SH_Humanoid_description/prefix_override:/usr/lib/python3/dist-packages/colcon_core/task/python/colcon_distutils_commands:/home/sejong/Desktop/SH_ws/install/SH_Humanoid_description/lib/python3.12/site-packages:/home/sejong/Desktop/SH_ws/build/sh_motion_demo:/home/sejong/Desktop/SH_ws/install/sh_motion_demo/lib/python3.12/site-packages:/home/sejong/Desktop/SH_ws/install/ros2_interfaces/lib/python3.12/site-packages:/home/sejong/Desktop/SH_ws/build/SH_Humanoid_description:/home/sejong/Desktop/SH_ws/install/SH_Humanoid_description/lib/python3.12/site-packages:/opt/ros/jazzy/lib/python3.12/site-packages', 'COLCON': '1', 'VTE_VERSION': '7600', 'CMAKE_PREFIX_PATH': '/home/sejong/Desktop/SH_ws/install/sh_motion_cpp:/home/sejong/Desktop/SH_ws/install/ros2_interfaces:/home/sejong/Desktop/SH_ws/install/SH_moveit_head_config:/home/sejong/Desktop/SH_ws/install/SH_moveit_demo_config:/home/sejong/Desktop/SH_ws/install/SH_moveit_config:/opt/ros/jazzy/opt/sdformat_vendor:/opt/ros/jazzy/opt/gz_math_vendor:/opt/ros/jazzy/opt/gz_utils_vendor:/opt/ros/jazzy/opt/gz_tools_vendor:/opt/ros/jazzy/opt/gz_cmake_vendor'}, 'shell': False}
[1.001681] (-) TimerEvent: {}
[1.020172] (SH_Humanoid_description) StderrLine: {'line': b'/usr/lib/python3/dist-packages/setuptools/dist.py:744: SetuptoolsDeprecationWarning: Invalid dash-separated options\n'}
[1.020652] (SH_Humanoid_description) StderrLine: {'line': b'!!\n'}
[1.020805] (SH_Humanoid_description) StderrLine: {'line': b'\n'}
[1.020942] (SH_Humanoid_description) StderrLine: {'line': b'        ********************************************************************************\n'}
[1.021076] (SH_Humanoid_description) StderrLine: {'line': b"        Usage of dash-separated 'script-dir' will not be supported in future\n"}
[1.021208] (SH_Humanoid_description) StderrLine: {'line': b"        versions. Please use the underscore name 'script_dir' instead.\n"}
[1.021339] (SH_Humanoid_description) StderrLine: {'line': b'\n'}
[1.021469] (SH_Humanoid_description) StderrLine: {'line': b'        This deprecation is overdue, please update your project and remove deprecated\n'}
[1.021601] (SH_Humanoid_description) StderrLine: {'line': b'        calls to avoid build errors in the future.\n'}
[1.021755] (SH_Humanoid_description) StderrLine: {'line': b'\n'}
[1.021890] (SH_Humanoid_description) StderrLine: {'line': b'        See https://setuptools.pypa.io/en/latest/userguide/declarative_config.html for details.\n'}
[1.022024] (SH_Humanoid_description) StderrLine: {'line': b'        ********************************************************************************\n'}
[1.022154] (SH_Humanoid_description) StderrLine: {'line': b'\n'}
[1.022284] (SH_Humanoid_description) StderrLine: {'line': b'!!\n'}
[1.022414] (SH_Humanoid_description) StderrLine: {'line': b'  opt = self.warn_dash_deprecation(opt, section)\n'}
[1.079028] (sh_motion_demo) StdoutLine: {'line': b'running egg_info\n'}
[1.090009] (sh_motion_demo) StdoutLine: {'line': b'writing ../../build/sh_motion_demo/sh_motion_demo.egg-info/PKG-INFO\n'}
[1.090559] (sh_motion_demo) StdoutLine: {'line': b'writing dependency_links to ../../build/sh_motion_demo/sh_motion_demo.egg-info/dependency_links.txt\n'}
[1.090880] (sh_motion_demo) StdoutLine: {'line': b'writing entry points to ../../build/sh_motion_demo/sh_motion_demo.egg-info/entry_points.txt\n'}
[1.091023] (sh_motion_demo) StdoutLine: {'line': b'writing requirements to ../../build/sh_motion_demo/sh_motion_demo.egg-info/requires.txt\n'}
[1.091156] (sh_motion_demo) StdoutLine: {'line': b'writing top-level names to ../../build/sh_motion_demo/sh_motion_demo.egg-info/top_level.txt\n'}
[1.101751] (-) TimerEvent: {}
[1.103427] (SH_Humanoid_description) StdoutLine: {'line': b'running egg_info\n'}
[1.114597] (sh_motion_demo) StdoutLine: {'line': b"reading manifest file '../../build/sh_motion_demo/sh_motion_demo.egg-info/SOURCES.txt'\n"}
[1.115303] (SH_Humanoid_description) StdoutLine: {'line': b'writing ../../build/SH_Humanoid_description/SH_Humanoid_description.egg-info/PKG-INFO\n'}
[1.115601] (sh_motion_demo) StdoutLine: {'line': b"writing manifest file '../../build/sh_motion_demo/sh_motion_demo.egg-info/SOURCES.txt'\n"}
[1.115751] (sh_motion_demo) StdoutLine: {'line': b'running build\n'}
[1.115885] (sh_motion_demo) StdoutLine: {'line': b'running build_py\n'}
[1.116018] (SH_Humanoid_description) StdoutLine: {'line': b'writing dependency_links to ../../build/SH_Humanoid_description/SH_Humanoid_description.egg-info/dependency_links.txt\n'}
[1.116155] (SH_Humanoid_description) StdoutLine: {'line': b'writing requirements to ../../build/SH_Humanoid_description/SH_Humanoid_description.egg-info/requires.txt\n'}
[1.116288] (sh_motion_demo) StdoutLine: {'line': b'running install\n'}
[1.116420] (SH_Humanoid_description) StdoutLine: {'line': b'writing top-level names to ../../build/SH_Humanoid_description/SH_Humanoid_description.egg-info/top_level.txt\n'}
[1.121707] (sh_motion_demo) StdoutLine: {'line': b'running install_lib\n'}
[1.132124] (sh_motion_demo) StdoutLine: {'line': b'running install_data\n'}
[1.132281] (sh_motion_demo) StdoutLine: {'line': b'running install_egg_info\n'}
[1.139502] (SH_Humanoid_description) StdoutLine: {'line': b"reading manifest file '../../build/SH_Humanoid_description/SH_Humanoid_description.egg-info/SOURCES.txt'\n"}
[1.141014] (SH_Humanoid_description) StdoutLine: {'line': b"writing manifest file '../../build/SH_Humanoid_description/SH_Humanoid_description.egg-info/SOURCES.txt'\n"}
[1.141292] (SH_Humanoid_description) StdoutLine: {'line': b'running build\n'}
[1.141535] (SH_Humanoid_description) StdoutLine: {'line': b'running build_py\n'}
[1.141784] (SH_Humanoid_description) StdoutLine: {'line': b'running install\n'}
[1.144636] (sh_motion_demo) StdoutLine: {'line': b"removing '/home/sejong/Desktop/SH_ws/install/sh_motion_demo/lib/python3.12/site-packages/sh_motion_demo-0.0.0-py3.12.egg-info' (and everything under it)\n"}
[1.147483] (sh_motion_demo) StdoutLine: {'line': b'Copying ../../build/sh_motion_demo/sh_motion_demo.egg-info to /home/sejong/Desktop/SH_ws/install/sh_motion_demo/lib/python3.12/site-packages/sh_motion_demo-0.0.0-py3.12.egg-info\n'}
[1.147675] (sh_motion_demo) StdoutLine: {'line': b'running install_scripts\n'}
[1.147805] (SH_Humanoid_description) StdoutLine: {'line': b'running install_lib\n'}
[1.158941] (SH_Humanoid_description) StdoutLine: {'line': b'running install_data\n'}
[1.160499] (SH_Humanoid_description) StdoutLine: {'line': b'running install_egg_info\n'}
[1.176032] (SH_Humanoid_description) StdoutLine: {'line': b"removing '/home/sejong/Desktop/SH_ws/install/SH_Humanoid_description/lib/python3.12/site-packages/SH_Humanoid_description-0.0.0-py3.12.egg-info' (and everything under it)\n"}
[1.176246] (SH_Humanoid_description) StdoutLine: {'line': b'Copying ../../build/SH_Humanoid_description/SH_Humanoid_description.egg-info to /home/sejong/Desktop/SH_ws/install/SH_Humanoid_description/lib/python3.12/site-packages/SH_Humanoid_description-0.0.0-py3.12.egg-info\n'}
[1.176378] (SH_Humanoid_description) StdoutLine: {'line': b'running install_scripts\n'}
[1.201832] (-) TimerEvent: {}
[1.236415] (sh_motion_demo) StdoutLine: {'line': b'Installing wave script to /home/sejong/Desktop/SH_ws/install/sh_motion_demo/lib/sh_motion_demo\n'}
[1.236828] (sh_motion_demo) StdoutLine: {'line': b"writing list of installed files to '/home/sejong/Desktop/SH_ws/build/sh_motion_demo/install.log'\n"}
[1.265476] (SH_Humanoid_description) StdoutLine: {'line': b"writing list of installed files to '/home/sejong/Desktop/SH_ws/build/SH_Humanoid_description/install.log'\n"}
[1.271120] (sh_motion_demo) CommandEnded: {'returncode': 0}
[1.282266] (sh_motion_demo) JobEnded: {'identifier': 'sh_motion_demo', 'rc': 0}
[1.297722] (SH_Humanoid_description) CommandEnded: {'returncode': 0}
[1.302064] (-) TimerEvent: {}
[1.308515] (SH_Humanoid_description) JobEnded: {'identifier': 'SH_Humanoid_description', 'rc': 0}
[1.310078] (SH_moveit_config) JobStarted: {'identifier': 'SH_moveit_config'}
[1.316642] (SH_moveit_demo_config) JobStarted: {'identifier': 'SH_moveit_demo_config'}
[1.323857] (SH_moveit_head_config) JobStarted: {'identifier': 'SH_moveit_head_config'}
[1.332336] (SH_moveit_config) JobProgress: {'identifier': 'SH_moveit_config', 'progress': 'cmake'}
[1.333157] (SH_moveit_config) JobProgress: {'identifier': 'SH_moveit_config', 'progress': 'build'}
[1.333512] (SH_moveit_config) Command: {'cmd': ['/usr/bin/cmake', '--build', '/home/sejong/Desktop/SH_ws/build/SH_moveit_config', '--', '-j14', '-l14'], 'cwd': '/home/sejong/Desktop/SH_ws/build/SH_moveit_config', 'env': OrderedDict({'LESSOPEN': '| /usr/bin/lesspipe %s', 'USER': 'sejong', 'GZ_CONFIG_PATH': '/opt/ros/jazzy/opt/sdformat_vendor/share/gz', 'ROS_PACKAGE_PATH': '/home/sejong/Desktop/SH_ws/install/ros2_interfaces/share', 'XDG_SESSION_TYPE': 'x11', 'CLUTTER_DISABLE_MIPMAPPED_TEXT': '1', 'SHLVL': '1', 'LD_LIBRARY_PATH': '/home/sejong/Desktop/SH_ws/install/ros2_interfaces/lib:/opt/ros/jazzy/opt/sdformat_vendor/lib:/opt/ros/jazzy/opt/rviz_ogre_vendor/lib:/opt/ros/jazzy/lib/aarch64-linux-gnu:/opt/ros/jazzy/opt/gz_math_vendor/lib:/opt/ros/jazzy/opt/gz_utils_vendor/lib:/opt/ros/jazzy/opt/gz_tools_vendor/lib:/opt/ros/jazzy/opt/gz_cmake_vendor/lib:/opt/ros/jazzy/lib:/usr/local/cuda-13.2/lib64:', 'HOME': '/home/sejong', 'OLDPWD': '/home/sejong/Desktop/SH_ws', 'DESKTOP_SESSION': 'ubuntu', 'ROS_PYTHON_VERSION': '3', 'GNOME_SHELL_SESSION_MODE': 'ubuntu', 'GTK_MODULES': 'gail:atk-bridge', 'SYSTEMD_EXEC_PID': '26002', 'GSM_SKIP_SSH_AGENT_WORKAROUND': 'true', 'DBUS_SESSION_BUS_ADDRESS': 'unix:path=/run/user/2001/bus', 'COLORTERM': 'truecolor', 'DEBUGINFOD_URLS': 'https://debuginfod.ubuntu.com', 'IM_CONFIG_PHASE': '1', 'COLCON_PREFIX_PATH': '/home/sejong/Desktop/SH_ws/install', 'ROS_DISTRO': 'jazzy', 'LOGNAME': 'sejong', '_': '/usr/bin/colcon', 'ROS_VERSION': '2', 'PKG_CONFIG_PATH': '/home/sejong/Desktop/SH_ws/install/ros2_interfaces/lib/aarch64-linux-gnu/pkgconfig:/home/sejong/Desktop/SH_ws/install/ros2_interfaces/lib/pkgconfig', 'XDG_SESSION_CLASS': 'user', 'USERNAME': 'sejong', 'TERM': 'xterm-256color', 'GNOME_DESKTOP_SESSION_ID': 'this-is-deprecated', 'WINDOWPATH': '2', 'PATH': '/home/sejong/.local/bin:/opt/ros/jazzy/opt/gz_tools_vendor/bin:/opt/ros/jazzy/bin:/usr/local/cuda-13.2/bin:/home/sejong/.local/bin:/usr/local/sbin:/usr/local/bin:/usr/sbin:/usr/bin:/sbin:/bin:/usr/games:/usr/local/games:/snap/bin:/snap/bin', 'SESSION_MANAGER': 'local/localhost.localdomain:@/tmp/.ICE-unix/25971,unix/localhost.localdomain:/tmp/.ICE-unix/25971', 'XDG_MENU_PREFIX': 'gnome-', 'GNOME_TERMINAL_SCREEN': '/org/gnome/Terminal/screen/899463a0_25f9_4627_9063_ce5ef1b69624', 'XDG_RUNTIME_DIR': '/run/user/2001', 'DISPLAY': ':1', 'LANG': 'en_US.UTF-8', 'XDG_CURRENT_DESKTOP': 'ubuntu:GNOME', 'XMODIFIERS': '@im=ibus', 'XDG_SESSION_DESKTOP': 'ubuntu', 'XAUTHORITY': '/run/user/2001/gdm/Xauthority', 'LS_COLORS': 'rs=0:di=01;34:ln=01;36:mh=00:pi=40;33:so=01;35:do=01;35:bd=40;33;01:cd=40;33;01:or=40;31;01:mi=00:su=37;41:sg=30;43:ca=00:tw=30;42:ow=34;42:st=37;44:ex=01;32:*.tar=01;31:*.tgz=01;31:*.arc=01;31:*.arj=01;31:*.taz=01;31:*.lha=01;31:*.lz4=01;31:*.lzh=01;31:*.lzma=01;31:*.tlz=01;31:*.txz=01;31:*.tzo=01;31:*.t7z=01;31:*.zip=01;31:*.z=01;31:*.dz=01;31:*.gz=01;31:*.lrz=01;31:*.lz=01;31:*.lzo=01;31:*.xz=01;31:*.zst=01;31:*.tzst=01;31:*.bz2=01;31:*.bz=01;31:*.tbz=01;31:*.tbz2=01;31:*.tz=01;31:*.deb=01;31:*.rpm=01;31:*.jar=01;31:*.war=01;31:*.ear=01;31:*.sar=01;31:*.rar=01;31:*.alz=01;31:*.ace=01;31:*.zoo=01;31:*.cpio=01;31:*.7z=01;31:*.rz=01;31:*.cab=01;31:*.wim=01;31:*.swm=01;31:*.dwm=01;31:*.esd=01;31:*.avif=01;35:*.jpg=01;35:*.jpeg=01;35:*.mjpg=01;35:*.mjpeg=01;35:*.gif=01;35:*.bmp=01;35:*.pbm=01;35:*.pgm=01;35:*.ppm=01;35:*.tga=01;35:*.xbm=01;35:*.xpm=01;35:*.tif=01;35:*.tiff=01;35:*.png=01;35:*.svg=01;35:*.svgz=01;35:*.mng=01;35:*.pcx=01;35:*.mov=01;35:*.mpg=01;35:*.mpeg=01;35:*.m2v=01;35:*.mkv=01;35:*.webm=01;35:*.webp=01;35:*.ogm=01;35:*.mp4=01;35:*.m4v=01;35:*.mp4v=01;35:*.vob=01;35:*.qt=01;35:*.nuv=01;35:*.wmv=01;35:*.asf=01;35:*.rm=01;35:*.rmvb=01;35:*.flc=01;35:*.avi=01;35:*.fli=01;35:*.flv=01;35:*.gl=01;35:*.dl=01;35:*.xcf=01;35:*.xwd=01;35:*.yuv=01;35:*.cgm=01;35:*.emf=01;35:*.ogv=01;35:*.ogx=01;35:*.aac=00;36:*.au=00;36:*.flac=00;36:*.m4a=00;36:*.mid=00;36:*.midi=00;36:*.mka=00;36:*.mp3=00;36:*.mpc=00;36:*.ogg=00;36:*.ra=00;36:*.wav=00;36:*.oga=00;36:*.opus=00;36:*.spx=00;36:*.xspf=00;36:*~=00;90:*#=00;90:*.bak=00;90:*.crdownload=00;90:*.dpkg-dist=00;90:*.dpkg-new=00;90:*.dpkg-old=00;90:*.dpkg-tmp=00;90:*.old=00;90:*.orig=00;90:*.part=00;90:*.rej=00;90:*.rpmnew=00;90:*.rpmorig=00;90:*.rpmsave=00;90:*.swp=00;90:*.tmp=00;90:*.ucf-dist=00;90:*.ucf-new=00;90:*.ucf-old=00;90:', 'GNOME_TERMINAL_SERVICE': ':1.103', 'SSH_AUTH_SOCK': '/run/user/2001/keyring/ssh', 'AMENT_PREFIX_PATH': '/home/sejong/Desktop/SH_ws/install/SH_Humanoid_description:/home/sejong/Desktop/SH_ws/install/sh_motion_demo:/home/sejong/Desktop/SH_ws/install/sh_motion_cpp:/home/sejong/Desktop/SH_ws/install/SH_moveit_head_config:/home/sejong/Desktop/SH_ws/install/SH_moveit_demo_config:/home/sejong/Desktop/SH_ws/install/SH_moveit_config:/opt/ros/jazzy', 'SHELL': '/bin/bash', 'QT_ACCESSIBILITY': '1', 'GDMSESSION': 'ubuntu', 'LESSCLOSE': '/usr/bin/lesspipe %s %s', 'GPG_AGENT_INFO': '/run/user/2001/gnupg/S.gpg-agent:0:1', 'ROS_AUTOMATIC_DISCOVERY_RANGE': 'SUBNET', 'QT_IM_MODULE': 'ibus', 'PWD': '/home/sejong/Desktop/SH_ws/build/SH_moveit_config', 'XDG_CONFIG_DIRS': '/etc/xdg/xdg-ubuntu:/etc/xdg', 'XDG_DATA_DIRS': '/usr/share/ubuntu:/usr/share/gnome:/usr/local/share/:/usr/share/:/var/lib/snapd/desktop', 'PYTHONPATH': '/home/sejong/Desktop/SH_ws/install/SH_Humanoid_description/lib/python3.12/site-packages:/home/sejong/Desktop/SH_ws/build/sh_motion_demo:/home/sejong/Desktop/SH_ws/install/sh_motion_demo/lib/python3.12/site-packages:/home/sejong/Desktop/SH_ws/install/ros2_interfaces/lib/python3.12/site-packages:/home/sejong/Desktop/SH_ws/build/SH_Humanoid_description:/opt/ros/jazzy/lib/python3.12/site-packages', 'COLCON': '1', 'VTE_VERSION': '7600', 'CMAKE_PREFIX_PATH': '/home/sejong/Desktop/SH_ws/install/sh_motion_cpp:/home/sejong/Desktop/SH_ws/install/sh_motion_demo:/home/sejong/Desktop/SH_ws/install/SH_Humanoid_description:/opt/ros/jazzy:/home/sejong/Desktop/SH_ws/install/ros2_interfaces:/home/sejong/Desktop/SH_ws/install/SH_moveit_head_config:/home/sejong/Desktop/SH_ws/install/SH_moveit_demo_config:/home/sejong/Desktop/SH_ws/install/SH_moveit_config:/opt/ros/jazzy/opt/sdformat_vendor:/opt/ros/jazzy/opt/gz_math_vendor:/opt/ros/jazzy/opt/gz_utils_vendor:/opt/ros/jazzy/opt/gz_tools_vendor:/opt/ros/jazzy/opt/gz_cmake_vendor'}), 'shell': False}
[1.336143] (SH_moveit_demo_config) JobProgress: {'identifier': 'SH_moveit_demo_config', 'progress': 'cmake'}
[1.336533] (SH_moveit_demo_config) JobProgress: {'identifier': 'SH_moveit_demo_config', 'progress': 'build'}
[1.337072] (SH_moveit_demo_config) Command: {'cmd': ['/usr/bin/cmake', '--build', '/home/sejong/Desktop/SH_ws/build/SH_moveit_demo_config', '--', '-j14', '-l14'], 'cwd': '/home/sejong/Desktop/SH_ws/build/SH_moveit_demo_config', 'env': OrderedDict({'LESSOPEN': '| /usr/bin/lesspipe %s', 'USER': 'sejong', 'GZ_CONFIG_PATH': '/opt/ros/jazzy/opt/sdformat_vendor/share/gz', 'ROS_PACKAGE_PATH': '/home/sejong/Desktop/SH_ws/install/ros2_interfaces/share', 'XDG_SESSION_TYPE': 'x11', 'CLUTTER_DISABLE_MIPMAPPED_TEXT': '1', 'SHLVL': '1', 'LD_LIBRARY_PATH': '/home/sejong/Desktop/SH_ws/install/ros2_interfaces/lib:/opt/ros/jazzy/opt/sdformat_vendor/lib:/opt/ros/jazzy/opt/rviz_ogre_vendor/lib:/opt/ros/jazzy/lib/aarch64-linux-gnu:/opt/ros/jazzy/opt/gz_math_vendor/lib:/opt/ros/jazzy/opt/gz_utils_vendor/lib:/opt/ros/jazzy/opt/gz_tools_vendor/lib:/opt/ros/jazzy/opt/gz_cmake_vendor/lib:/opt/ros/jazzy/lib:/usr/local/cuda-13.2/lib64:', 'HOME': '/home/sejong', 'OLDPWD': '/home/sejong/Desktop/SH_ws', 'DESKTOP_SESSION': 'ubuntu', 'ROS_PYTHON_VERSION': '3', 'GNOME_SHELL_SESSION_MODE': 'ubuntu', 'GTK_MODULES': 'gail:atk-bridge', 'SYSTEMD_EXEC_PID': '26002', 'GSM_SKIP_SSH_AGENT_WORKAROUND': 'true', 'DBUS_SESSION_BUS_ADDRESS': 'unix:path=/run/user/2001/bus', 'COLORTERM': 'truecolor', 'DEBUGINFOD_URLS': 'https://debuginfod.ubuntu.com', 'IM_CONFIG_PHASE': '1', 'COLCON_PREFIX_PATH': '/home/sejong/Desktop/SH_ws/install', 'ROS_DISTRO': 'jazzy', 'LOGNAME': 'sejong', '_': '/usr/bin/colcon', 'ROS_VERSION': '2', 'PKG_CONFIG_PATH': '/home/sejong/Desktop/SH_ws/install/ros2_interfaces/lib/aarch64-linux-gnu/pkgconfig:/home/sejong/Desktop/SH_ws/install/ros2_interfaces/lib/pkgconfig', 'XDG_SESSION_CLASS': 'user', 'USERNAME': 'sejong', 'TERM': 'xterm-256color', 'GNOME_DESKTOP_SESSION_ID': 'this-is-deprecated', 'WINDOWPATH': '2', 'PATH': '/home/sejong/.local/bin:/opt/ros/jazzy/opt/gz_tools_vendor/bin:/opt/ros/jazzy/bin:/usr/local/cuda-13.2/bin:/home/sejong/.local/bin:/usr/local/sbin:/usr/local/bin:/usr/sbin:/usr/bin:/sbin:/bin:/usr/games:/usr/local/games:/snap/bin:/snap/bin', 'SESSION_MANAGER': 'local/localhost.localdomain:@/tmp/.ICE-unix/25971,unix/localhost.localdomain:/tmp/.ICE-unix/25971', 'XDG_MENU_PREFIX': 'gnome-', 'GNOME_TERMINAL_SCREEN': '/org/gnome/Terminal/screen/899463a0_25f9_4627_9063_ce5ef1b69624', 'XDG_RUNTIME_DIR': '/run/user/2001', 'DISPLAY': ':1', 'LANG': 'en_US.UTF-8', 'XDG_CURRENT_DESKTOP': 'ubuntu:GNOME', 'XMODIFIERS': '@im=ibus', 'XDG_SESSION_DESKTOP': 'ubuntu', 'XAUTHORITY': '/run/user/2001/gdm/Xauthority', 'LS_COLORS': 'rs=0:di=01;34:ln=01;36:mh=00:pi=40;33:so=01;35:do=01;35:bd=40;33;01:cd=40;33;01:or=40;31;01:mi=00:su=37;41:sg=30;43:ca=00:tw=30;42:ow=34;42:st=37;44:ex=01;32:*.tar=01;31:*.tgz=01;31:*.arc=01;31:*.arj=01;31:*.taz=01;31:*.lha=01;31:*.lz4=01;31:*.lzh=01;31:*.lzma=01;31:*.tlz=01;31:*.txz=01;31:*.tzo=01;31:*.t7z=01;31:*.zip=01;31:*.z=01;31:*.dz=01;31:*.gz=01;31:*.lrz=01;31:*.lz=01;31:*.lzo=01;31:*.xz=01;31:*.zst=01;31:*.tzst=01;31:*.bz2=01;31:*.bz=01;31:*.tbz=01;31:*.tbz2=01;31:*.tz=01;31:*.deb=01;31:*.rpm=01;31:*.jar=01;31:*.war=01;31:*.ear=01;31:*.sar=01;31:*.rar=01;31:*.alz=01;31:*.ace=01;31:*.zoo=01;31:*.cpio=01;31:*.7z=01;31:*.rz=01;31:*.cab=01;31:*.wim=01;31:*.swm=01;31:*.dwm=01;31:*.esd=01;31:*.avif=01;35:*.jpg=01;35:*.jpeg=01;35:*.mjpg=01;35:*.mjpeg=01;35:*.gif=01;35:*.bmp=01;35:*.pbm=01;35:*.pgm=01;35:*.ppm=01;35:*.tga=01;35:*.xbm=01;35:*.xpm=01;35:*.tif=01;35:*.tiff=01;35:*.png=01;35:*.svg=01;35:*.svgz=01;35:*.mng=01;35:*.pcx=01;35:*.mov=01;35:*.mpg=01;35:*.mpeg=01;35:*.m2v=01;35:*.mkv=01;35:*.webm=01;35:*.webp=01;35:*.ogm=01;35:*.mp4=01;35:*.m4v=01;35:*.mp4v=01;35:*.vob=01;35:*.qt=01;35:*.nuv=01;35:*.wmv=01;35:*.asf=01;35:*.rm=01;35:*.rmvb=01;35:*.flc=01;35:*.avi=01;35:*.fli=01;35:*.flv=01;35:*.gl=01;35:*.dl=01;35:*.xcf=01;35:*.xwd=01;35:*.yuv=01;35:*.cgm=01;35:*.emf=01;35:*.ogv=01;35:*.ogx=01;35:*.aac=00;36:*.au=00;36:*.flac=00;36:*.m4a=00;36:*.mid=00;36:*.midi=00;36:*.mka=00;36:*.mp3=00;36:*.mpc=00;36:*.ogg=00;36:*.ra=00;36:*.wav=00;36:*.oga=00;36:*.opus=00;36:*.spx=00;36:*.xspf=00;36:*~=00;90:*#=00;90:*.bak=00;90:*.crdownload=00;90:*.dpkg-dist=00;90:*.dpkg-new=00;90:*.dpkg-old=00;90:*.dpkg-tmp=00;90:*.old=00;90:*.orig=00;90:*.part=00;90:*.rej=00;90:*.rpmnew=00;90:*.rpmorig=00;90:*.rpmsave=00;90:*.swp=00;90:*.tmp=00;90:*.ucf-dist=00;90:*.ucf-new=00;90:*.ucf-old=00;90:', 'GNOME_TERMINAL_SERVICE': ':1.103', 'SSH_AUTH_SOCK': '/run/user/2001/keyring/ssh', 'AMENT_PREFIX_PATH': '/home/sejong/Desktop/SH_ws/install/SH_Humanoid_description:/home/sejong/Desktop/SH_ws/install/sh_motion_demo:/home/sejong/Desktop/SH_ws/install/sh_motion_cpp:/home/sejong/Desktop/SH_ws/install/SH_moveit_head_config:/home/sejong/Desktop/SH_ws/install/SH_moveit_demo_config:/home/sejong/Desktop/SH_ws/install/SH_moveit_config:/opt/ros/jazzy', 'SHELL': '/bin/bash', 'QT_ACCESSIBILITY': '1', 'GDMSESSION': 'ubuntu', 'LESSCLOSE': '/usr/bin/lesspipe %s %s', 'GPG_AGENT_INFO': '/run/user/2001/gnupg/S.gpg-agent:0:1', 'ROS_AUTOMATIC_DISCOVERY_RANGE': 'SUBNET', 'QT_IM_MODULE': 'ibus', 'PWD': '/home/sejong/Desktop/SH_ws/build/SH_moveit_demo_config', 'XDG_CONFIG_DIRS': '/etc/xdg/xdg-ubuntu:/etc/xdg', 'XDG_DATA_DIRS': '/usr/share/ubuntu:/usr/share/gnome:/usr/local/share/:/usr/share/:/var/lib/snapd/desktop', 'PYTHONPATH': '/home/sejong/Desktop/SH_ws/install/SH_Humanoid_description/lib/python3.12/site-packages:/home/sejong/Desktop/SH_ws/build/sh_motion_demo:/home/sejong/Desktop/SH_ws/install/sh_motion_demo/lib/python3.12/site-packages:/home/sejong/Desktop/SH_ws/install/ros2_interfaces/lib/python3.12/site-packages:/home/sejong/Desktop/SH_ws/build/SH_Humanoid_description:/opt/ros/jazzy/lib/python3.12/site-packages', 'COLCON': '1', 'VTE_VERSION': '7600', 'CMAKE_PREFIX_PATH': '/home/sejong/Desktop/SH_ws/install/sh_motion_cpp:/home/sejong/Desktop/SH_ws/install/sh_motion_demo:/home/sejong/Desktop/SH_ws/install/SH_Humanoid_description:/opt/ros/jazzy:/home/sejong/Desktop/SH_ws/install/ros2_interfaces:/home/sejong/Desktop/SH_ws/install/SH_moveit_head_config:/home/sejong/Desktop/SH_ws/install/SH_moveit_demo_config:/home/sejong/Desktop/SH_ws/install/SH_moveit_config:/opt/ros/jazzy/opt/sdformat_vendor:/opt/ros/jazzy/opt/gz_math_vendor:/opt/ros/jazzy/opt/gz_utils_vendor:/opt/ros/jazzy/opt/gz_tools_vendor:/opt/ros/jazzy/opt/gz_cmake_vendor'}), 'shell': False}
[1.339881] (SH_moveit_head_config) JobProgress: {'identifier': 'SH_moveit_head_config', 'progress': 'cmake'}
[1.340667] (SH_moveit_head_config) JobProgress: {'identifier': 'SH_moveit_head_config', 'progress': 'build'}
[1.341197] (SH_moveit_head_config) Command: {'cmd': ['/usr/bin/cmake', '--build', '/home/sejong/Desktop/SH_ws/build/SH_moveit_head_config', '--', '-j14', '-l14'], 'cwd': '/home/sejong/Desktop/SH_ws/build/SH_moveit_head_config', 'env': OrderedDict({'LESSOPEN': '| /usr/bin/lesspipe %s', 'USER': 'sejong', 'GZ_CONFIG_PATH': '/opt/ros/jazzy/opt/sdformat_vendor/share/gz', 'ROS_PACKAGE_PATH': '/home/sejong/Desktop/SH_ws/install/ros2_interfaces/share', 'XDG_SESSION_TYPE': 'x11', 'CLUTTER_DISABLE_MIPMAPPED_TEXT': '1', 'SHLVL': '1', 'LD_LIBRARY_PATH': '/home/sejong/Desktop/SH_ws/install/ros2_interfaces/lib:/opt/ros/jazzy/opt/sdformat_vendor/lib:/opt/ros/jazzy/opt/rviz_ogre_vendor/lib:/opt/ros/jazzy/lib/aarch64-linux-gnu:/opt/ros/jazzy/opt/gz_math_vendor/lib:/opt/ros/jazzy/opt/gz_utils_vendor/lib:/opt/ros/jazzy/opt/gz_tools_vendor/lib:/opt/ros/jazzy/opt/gz_cmake_vendor/lib:/opt/ros/jazzy/lib:/usr/local/cuda-13.2/lib64:', 'HOME': '/home/sejong', 'OLDPWD': '/home/sejong/Desktop/SH_ws', 'DESKTOP_SESSION': 'ubuntu', 'ROS_PYTHON_VERSION': '3', 'GNOME_SHELL_SESSION_MODE': 'ubuntu', 'GTK_MODULES': 'gail:atk-bridge', 'SYSTEMD_EXEC_PID': '26002', 'GSM_SKIP_SSH_AGENT_WORKAROUND': 'true', 'DBUS_SESSION_BUS_ADDRESS': 'unix:path=/run/user/2001/bus', 'COLORTERM': 'truecolor', 'DEBUGINFOD_URLS': 'https://debuginfod.ubuntu.com', 'IM_CONFIG_PHASE': '1', 'COLCON_PREFIX_PATH': '/home/sejong/Desktop/SH_ws/install', 'ROS_DISTRO': 'jazzy', 'LOGNAME': 'sejong', '_': '/usr/bin/colcon', 'ROS_VERSION': '2', 'PKG_CONFIG_PATH': '/home/sejong/Desktop/SH_ws/install/ros2_interfaces/lib/aarch64-linux-gnu/pkgconfig:/home/sejong/Desktop/SH_ws/install/ros2_interfaces/lib/pkgconfig', 'XDG_SESSION_CLASS': 'user', 'USERNAME': 'sejong', 'TERM': 'xterm-256color', 'GNOME_DESKTOP_SESSION_ID': 'this-is-deprecated', 'WINDOWPATH': '2', 'PATH': '/home/sejong/.local/bin:/opt/ros/jazzy/opt/gz_tools_vendor/bin:/opt/ros/jazzy/bin:/usr/local/cuda-13.2/bin:/home/sejong/.local/bin:/usr/local/sbin:/usr/local/bin:/usr/sbin:/usr/bin:/sbin:/bin:/usr/games:/usr/local/games:/snap/bin:/snap/bin', 'SESSION_MANAGER': 'local/localhost.localdomain:@/tmp/.ICE-unix/25971,unix/localhost.localdomain:/tmp/.ICE-unix/25971', 'XDG_MENU_PREFIX': 'gnome-', 'GNOME_TERMINAL_SCREEN': '/org/gnome/Terminal/screen/899463a0_25f9_4627_9063_ce5ef1b69624', 'XDG_RUNTIME_DIR': '/run/user/2001', 'DISPLAY': ':1', 'LANG': 'en_US.UTF-8', 'XDG_CURRENT_DESKTOP': 'ubuntu:GNOME', 'XMODIFIERS': '@im=ibus', 'XDG_SESSION_DESKTOP': 'ubuntu', 'XAUTHORITY': '/run/user/2001/gdm/Xauthority', 'LS_COLORS': 'rs=0:di=01;34:ln=01;36:mh=00:pi=40;33:so=01;35:do=01;35:bd=40;33;01:cd=40;33;01:or=40;31;01:mi=00:su=37;41:sg=30;43:ca=00:tw=30;42:ow=34;42:st=37;44:ex=01;32:*.tar=01;31:*.tgz=01;31:*.arc=01;31:*.arj=01;31:*.taz=01;31:*.lha=01;31:*.lz4=01;31:*.lzh=01;31:*.lzma=01;31:*.tlz=01;31:*.txz=01;31:*.tzo=01;31:*.t7z=01;31:*.zip=01;31:*.z=01;31:*.dz=01;31:*.gz=01;31:*.lrz=01;31:*.lz=01;31:*.lzo=01;31:*.xz=01;31:*.zst=01;31:*.tzst=01;31:*.bz2=01;31:*.bz=01;31:*.tbz=01;31:*.tbz2=01;31:*.tz=01;31:*.deb=01;31:*.rpm=01;31:*.jar=01;31:*.war=01;31:*.ear=01;31:*.sar=01;31:*.rar=01;31:*.alz=01;31:*.ace=01;31:*.zoo=01;31:*.cpio=01;31:*.7z=01;31:*.rz=01;31:*.cab=01;31:*.wim=01;31:*.swm=01;31:*.dwm=01;31:*.esd=01;31:*.avif=01;35:*.jpg=01;35:*.jpeg=01;35:*.mjpg=01;35:*.mjpeg=01;35:*.gif=01;35:*.bmp=01;35:*.pbm=01;35:*.pgm=01;35:*.ppm=01;35:*.tga=01;35:*.xbm=01;35:*.xpm=01;35:*.tif=01;35:*.tiff=01;35:*.png=01;35:*.svg=01;35:*.svgz=01;35:*.mng=01;35:*.pcx=01;35:*.mov=01;35:*.mpg=01;35:*.mpeg=01;35:*.m2v=01;35:*.mkv=01;35:*.webm=01;35:*.webp=01;35:*.ogm=01;35:*.mp4=01;35:*.m4v=01;35:*.mp4v=01;35:*.vob=01;35:*.qt=01;35:*.nuv=01;35:*.wmv=01;35:*.asf=01;35:*.rm=01;35:*.rmvb=01;35:*.flc=01;35:*.avi=01;35:*.fli=01;35:*.flv=01;35:*.gl=01;35:*.dl=01;35:*.xcf=01;35:*.xwd=01;35:*.yuv=01;35:*.cgm=01;35:*.emf=01;35:*.ogv=01;35:*.ogx=01;35:*.aac=00;36:*.au=00;36:*.flac=00;36:*.m4a=00;36:*.mid=00;36:*.midi=00;36:*.mka=00;36:*.mp3=00;36:*.mpc=00;36:*.ogg=00;36:*.ra=00;36:*.wav=00;36:*.oga=00;36:*.opus=00;36:*.spx=00;36:*.xspf=00;36:*~=00;90:*#=00;90:*.bak=00;90:*.crdownload=00;90:*.dpkg-dist=00;90:*.dpkg-new=00;90:*.dpkg-old=00;90:*.dpkg-tmp=00;90:*.old=00;90:*.orig=00;90:*.part=00;90:*.rej=00;90:*.rpmnew=00;90:*.rpmorig=00;90:*.rpmsave=00;90:*.swp=00;90:*.tmp=00;90:*.ucf-dist=00;90:*.ucf-new=00;90:*.ucf-old=00;90:', 'GNOME_TERMINAL_SERVICE': ':1.103', 'SSH_AUTH_SOCK': '/run/user/2001/keyring/ssh', 'AMENT_PREFIX_PATH': '/home/sejong/Desktop/SH_ws/install/SH_Humanoid_description:/home/sejong/Desktop/SH_ws/install/sh_motion_demo:/home/sejong/Desktop/SH_ws/install/sh_motion_cpp:/home/sejong/Desktop/SH_ws/install/SH_moveit_head_config:/home/sejong/Desktop/SH_ws/install/SH_moveit_demo_config:/home/sejong/Desktop/SH_ws/install/SH_moveit_config:/opt/ros/jazzy', 'SHELL': '/bin/bash', 'QT_ACCESSIBILITY': '1', 'GDMSESSION': 'ubuntu', 'LESSCLOSE': '/usr/bin/lesspipe %s %s', 'GPG_AGENT_INFO': '/run/user/2001/gnupg/S.gpg-agent:0:1', 'ROS_AUTOMATIC_DISCOVERY_RANGE': 'SUBNET', 'QT_IM_MODULE': 'ibus', 'PWD': '/home/sejong/Desktop/SH_ws/build/SH_moveit_head_config', 'XDG_CONFIG_DIRS': '/etc/xdg/xdg-ubuntu:/etc/xdg', 'XDG_DATA_DIRS': '/usr/share/ubuntu:/usr/share/gnome:/usr/local/share/:/usr/share/:/var/lib/snapd/desktop', 'PYTHONPATH': '/home/sejong/Desktop/SH_ws/install/SH_Humanoid_description/lib/python3.12/site-packages:/home/sejong/Desktop/SH_ws/build/sh_motion_demo:/home/sejong/Desktop/SH_ws/install/sh_motion_demo/lib/python3.12/site-packages:/home/sejong/Desktop/SH_ws/install/ros2_interfaces/lib/python3.12/site-packages:/home/sejong/Desktop/SH_ws/build/SH_Humanoid_description:/opt/ros/jazzy/lib/python3.12/site-packages', 'COLCON': '1', 'VTE_VERSION': '7600', 'CMAKE_PREFIX_PATH': '/home/sejong/Desktop/SH_ws/install/sh_motion_cpp:/home/sejong/Desktop/SH_ws/install/sh_motion_demo:/home/sejong/Desktop/SH_ws/install/SH_Humanoid_description:/opt/ros/jazzy:/home/sejong/Desktop/SH_ws/install/ros2_interfaces:/home/sejong/Desktop/SH_ws/install/SH_moveit_head_config:/home/sejong/Desktop/SH_ws/install/SH_moveit_demo_config:/home/sejong/Desktop/SH_ws/install/SH_moveit_config:/opt/ros/jazzy/opt/sdformat_vendor:/opt/ros/jazzy/opt/gz_math_vendor:/opt/ros/jazzy/opt/gz_utils_vendor:/opt/ros/jazzy/opt/gz_tools_vendor:/opt/ros/jazzy/opt/gz_cmake_vendor'}), 'shell': False}
[1.378138] (SH_moveit_config) CommandEnded: {'returncode': 0}
[1.379671] (SH_moveit_config) JobProgress: {'identifier': 'SH_moveit_config', 'progress': 'install'}
[1.379833] (SH_moveit_config) Command: {'cmd': ['/usr/bin/cmake', '--install', '/home/sejong/Desktop/SH_ws/build/SH_moveit_config'], 'cwd': '/home/sejong/Desktop/SH_ws/build/SH_moveit_config', 'env': OrderedDict({'LESSOPEN': '| /usr/bin/lesspipe %s', 'USER': 'sejong', 'GZ_CONFIG_PATH': '/opt/ros/jazzy/opt/sdformat_vendor/share/gz', 'ROS_PACKAGE_PATH': '/home/sejong/Desktop/SH_ws/install/ros2_interfaces/share', 'XDG_SESSION_TYPE': 'x11', 'CLUTTER_DISABLE_MIPMAPPED_TEXT': '1', 'SHLVL': '1', 'LD_LIBRARY_PATH': '/home/sejong/Desktop/SH_ws/install/ros2_interfaces/lib:/opt/ros/jazzy/opt/sdformat_vendor/lib:/opt/ros/jazzy/opt/rviz_ogre_vendor/lib:/opt/ros/jazzy/lib/aarch64-linux-gnu:/opt/ros/jazzy/opt/gz_math_vendor/lib:/opt/ros/jazzy/opt/gz_utils_vendor/lib:/opt/ros/jazzy/opt/gz_tools_vendor/lib:/opt/ros/jazzy/opt/gz_cmake_vendor/lib:/opt/ros/jazzy/lib:/usr/local/cuda-13.2/lib64:', 'HOME': '/home/sejong', 'OLDPWD': '/home/sejong/Desktop/SH_ws', 'DESKTOP_SESSION': 'ubuntu', 'ROS_PYTHON_VERSION': '3', 'GNOME_SHELL_SESSION_MODE': 'ubuntu', 'GTK_MODULES': 'gail:atk-bridge', 'SYSTEMD_EXEC_PID': '26002', 'GSM_SKIP_SSH_AGENT_WORKAROUND': 'true', 'DBUS_SESSION_BUS_ADDRESS': 'unix:path=/run/user/2001/bus', 'COLORTERM': 'truecolor', 'DEBUGINFOD_URLS': 'https://debuginfod.ubuntu.com', 'IM_CONFIG_PHASE': '1', 'COLCON_PREFIX_PATH': '/home/sejong/Desktop/SH_ws/install', 'ROS_DISTRO': 'jazzy', 'LOGNAME': 'sejong', '_': '/usr/bin/colcon', 'ROS_VERSION': '2', 'PKG_CONFIG_PATH': '/home/sejong/Desktop/SH_ws/install/ros2_interfaces/lib/aarch64-linux-gnu/pkgconfig:/home/sejong/Desktop/SH_ws/install/ros2_interfaces/lib/pkgconfig', 'XDG_SESSION_CLASS': 'user', 'USERNAME': 'sejong', 'TERM': 'xterm-256color', 'GNOME_DESKTOP_SESSION_ID': 'this-is-deprecated', 'WINDOWPATH': '2', 'PATH': '/home/sejong/.local/bin:/opt/ros/jazzy/opt/gz_tools_vendor/bin:/opt/ros/jazzy/bin:/usr/local/cuda-13.2/bin:/home/sejong/.local/bin:/usr/local/sbin:/usr/local/bin:/usr/sbin:/usr/bin:/sbin:/bin:/usr/games:/usr/local/games:/snap/bin:/snap/bin', 'SESSION_MANAGER': 'local/localhost.localdomain:@/tmp/.ICE-unix/25971,unix/localhost.localdomain:/tmp/.ICE-unix/25971', 'XDG_MENU_PREFIX': 'gnome-', 'GNOME_TERMINAL_SCREEN': '/org/gnome/Terminal/screen/899463a0_25f9_4627_9063_ce5ef1b69624', 'XDG_RUNTIME_DIR': '/run/user/2001', 'DISPLAY': ':1', 'LANG': 'en_US.UTF-8', 'XDG_CURRENT_DESKTOP': 'ubuntu:GNOME', 'XMODIFIERS': '@im=ibus', 'XDG_SESSION_DESKTOP': 'ubuntu', 'XAUTHORITY': '/run/user/2001/gdm/Xauthority', 'LS_COLORS': 'rs=0:di=01;34:ln=01;36:mh=00:pi=40;33:so=01;35:do=01;35:bd=40;33;01:cd=40;33;01:or=40;31;01:mi=00:su=37;41:sg=30;43:ca=00:tw=30;42:ow=34;42:st=37;44:ex=01;32:*.tar=01;31:*.tgz=01;31:*.arc=01;31:*.arj=01;31:*.taz=01;31:*.lha=01;31:*.lz4=01;31:*.lzh=01;31:*.lzma=01;31:*.tlz=01;31:*.txz=01;31:*.tzo=01;31:*.t7z=01;31:*.zip=01;31:*.z=01;31:*.dz=01;31:*.gz=01;31:*.lrz=01;31:*.lz=01;31:*.lzo=01;31:*.xz=01;31:*.zst=01;31:*.tzst=01;31:*.bz2=01;31:*.bz=01;31:*.tbz=01;31:*.tbz2=01;31:*.tz=01;31:*.deb=01;31:*.rpm=01;31:*.jar=01;31:*.war=01;31:*.ear=01;31:*.sar=01;31:*.rar=01;31:*.alz=01;31:*.ace=01;31:*.zoo=01;31:*.cpio=01;31:*.7z=01;31:*.rz=01;31:*.cab=01;31:*.wim=01;31:*.swm=01;31:*.dwm=01;31:*.esd=01;31:*.avif=01;35:*.jpg=01;35:*.jpeg=01;35:*.mjpg=01;35:*.mjpeg=01;35:*.gif=01;35:*.bmp=01;35:*.pbm=01;35:*.pgm=01;35:*.ppm=01;35:*.tga=01;35:*.xbm=01;35:*.xpm=01;35:*.tif=01;35:*.tiff=01;35:*.png=01;35:*.svg=01;35:*.svgz=01;35:*.mng=01;35:*.pcx=01;35:*.mov=01;35:*.mpg=01;35:*.mpeg=01;35:*.m2v=01;35:*.mkv=01;35:*.webm=01;35:*.webp=01;35:*.ogm=01;35:*.mp4=01;35:*.m4v=01;35:*.mp4v=01;35:*.vob=01;35:*.qt=01;35:*.nuv=01;35:*.wmv=01;35:*.asf=01;35:*.rm=01;35:*.rmvb=01;35:*.flc=01;35:*.avi=01;35:*.fli=01;35:*.flv=01;35:*.gl=01;35:*.dl=01;35:*.xcf=01;35:*.xwd=01;35:*.yuv=01;35:*.cgm=01;35:*.emf=01;35:*.ogv=01;35:*.ogx=01;35:*.aac=00;36:*.au=00;36:*.flac=00;36:*.m4a=00;36:*.mid=00;36:*.midi=00;36:*.mka=00;36:*.mp3=00;36:*.mpc=00;36:*.ogg=00;36:*.ra=00;36:*.wav=00;36:*.oga=00;36:*.opus=00;36:*.spx=00;36:*.xspf=00;36:*~=00;90:*#=00;90:*.bak=00;90:*.crdownload=00;90:*.dpkg-dist=00;90:*.dpkg-new=00;90:*.dpkg-old=00;90:*.dpkg-tmp=00;90:*.old=00;90:*.orig=00;90:*.part=00;90:*.rej=00;90:*.rpmnew=00;90:*.rpmorig=00;90:*.rpmsave=00;90:*.swp=00;90:*.tmp=00;90:*.ucf-dist=00;90:*.ucf-new=00;90:*.ucf-old=00;90:', 'GNOME_TERMINAL_SERVICE': ':1.103', 'SSH_AUTH_SOCK': '/run/user/2001/keyring/ssh', 'AMENT_PREFIX_PATH': '/home/sejong/Desktop/SH_ws/install/SH_Humanoid_description:/home/sejong/Desktop/SH_ws/install/sh_motion_demo:/home/sejong/Desktop/SH_ws/install/sh_motion_cpp:/home/sejong/Desktop/SH_ws/install/SH_moveit_head_config:/home/sejong/Desktop/SH_ws/install/SH_moveit_demo_config:/home/sejong/Desktop/SH_ws/install/SH_moveit_config:/opt/ros/jazzy', 'SHELL': '/bin/bash', 'QT_ACCESSIBILITY': '1', 'GDMSESSION': 'ubuntu', 'LESSCLOSE': '/usr/bin/lesspipe %s %s', 'GPG_AGENT_INFO': '/run/user/2001/gnupg/S.gpg-agent:0:1', 'ROS_AUTOMATIC_DISCOVERY_RANGE': 'SUBNET', 'QT_IM_MODULE': 'ibus', 'PWD': '/home/sejong/Desktop/SH_ws/build/SH_moveit_config', 'XDG_CONFIG_DIRS': '/etc/xdg/xdg-ubuntu:/etc/xdg', 'XDG_DATA_DIRS': '/usr/share/ubuntu:/usr/share/gnome:/usr/local/share/:/usr/share/:/var/lib/snapd/desktop', 'PYTHONPATH': '/home/sejong/Desktop/SH_ws/install/SH_Humanoid_description/lib/python3.12/site-packages:/home/sejong/Desktop/SH_ws/build/sh_motion_demo:/home/sejong/Desktop/SH_ws/install/sh_motion_demo/lib/python3.12/site-packages:/home/sejong/Desktop/SH_ws/install/ros2_interfaces/lib/python3.12/site-packages:/home/sejong/Desktop/SH_ws/build/SH_Humanoid_description:/opt/ros/jazzy/lib/python3.12/site-packages', 'COLCON': '1', 'VTE_VERSION': '7600', 'CMAKE_PREFIX_PATH': '/home/sejong/Desktop/SH_ws/install/sh_motion_cpp:/home/sejong/Desktop/SH_ws/install/sh_motion_demo:/home/sejong/Desktop/SH_ws/install/SH_Humanoid_description:/opt/ros/jazzy:/home/sejong/Desktop/SH_ws/install/ros2_interfaces:/home/sejong/Desktop/SH_ws/install/SH_moveit_head_config:/home/sejong/Desktop/SH_ws/install/SH_moveit_demo_config:/home/sejong/Desktop/SH_ws/install/SH_moveit_config:/opt/ros/jazzy/opt/sdformat_vendor:/opt/ros/jazzy/opt/gz_math_vendor:/opt/ros/jazzy/opt/gz_utils_vendor:/opt/ros/jazzy/opt/gz_tools_vendor:/opt/ros/jazzy/opt/gz_cmake_vendor'}), 'shell': False}
[1.381449] (SH_moveit_demo_config) CommandEnded: {'returncode': 0}
[1.382337] (SH_moveit_demo_config) JobProgress: {'identifier': 'SH_moveit_demo_config', 'progress': 'install'}
[1.382839] (SH_moveit_demo_config) Command: {'cmd': ['/usr/bin/cmake', '--install', '/home/sejong/Desktop/SH_ws/build/SH_moveit_demo_config'], 'cwd': '/home/sejong/Desktop/SH_ws/build/SH_moveit_demo_config', 'env': OrderedDict({'LESSOPEN': '| /usr/bin/lesspipe %s', 'USER': 'sejong', 'GZ_CONFIG_PATH': '/opt/ros/jazzy/opt/sdformat_vendor/share/gz', 'ROS_PACKAGE_PATH': '/home/sejong/Desktop/SH_ws/install/ros2_interfaces/share', 'XDG_SESSION_TYPE': 'x11', 'CLUTTER_DISABLE_MIPMAPPED_TEXT': '1', 'SHLVL': '1', 'LD_LIBRARY_PATH': '/home/sejong/Desktop/SH_ws/install/ros2_interfaces/lib:/opt/ros/jazzy/opt/sdformat_vendor/lib:/opt/ros/jazzy/opt/rviz_ogre_vendor/lib:/opt/ros/jazzy/lib/aarch64-linux-gnu:/opt/ros/jazzy/opt/gz_math_vendor/lib:/opt/ros/jazzy/opt/gz_utils_vendor/lib:/opt/ros/jazzy/opt/gz_tools_vendor/lib:/opt/ros/jazzy/opt/gz_cmake_vendor/lib:/opt/ros/jazzy/lib:/usr/local/cuda-13.2/lib64:', 'HOME': '/home/sejong', 'OLDPWD': '/home/sejong/Desktop/SH_ws', 'DESKTOP_SESSION': 'ubuntu', 'ROS_PYTHON_VERSION': '3', 'GNOME_SHELL_SESSION_MODE': 'ubuntu', 'GTK_MODULES': 'gail:atk-bridge', 'SYSTEMD_EXEC_PID': '26002', 'GSM_SKIP_SSH_AGENT_WORKAROUND': 'true', 'DBUS_SESSION_BUS_ADDRESS': 'unix:path=/run/user/2001/bus', 'COLORTERM': 'truecolor', 'DEBUGINFOD_URLS': 'https://debuginfod.ubuntu.com', 'IM_CONFIG_PHASE': '1', 'COLCON_PREFIX_PATH': '/home/sejong/Desktop/SH_ws/install', 'ROS_DISTRO': 'jazzy', 'LOGNAME': 'sejong', '_': '/usr/bin/colcon', 'ROS_VERSION': '2', 'PKG_CONFIG_PATH': '/home/sejong/Desktop/SH_ws/install/ros2_interfaces/lib/aarch64-linux-gnu/pkgconfig:/home/sejong/Desktop/SH_ws/install/ros2_interfaces/lib/pkgconfig', 'XDG_SESSION_CLASS': 'user', 'USERNAME': 'sejong', 'TERM': 'xterm-256color', 'GNOME_DESKTOP_SESSION_ID': 'this-is-deprecated', 'WINDOWPATH': '2', 'PATH': '/home/sejong/.local/bin:/opt/ros/jazzy/opt/gz_tools_vendor/bin:/opt/ros/jazzy/bin:/usr/local/cuda-13.2/bin:/home/sejong/.local/bin:/usr/local/sbin:/usr/local/bin:/usr/sbin:/usr/bin:/sbin:/bin:/usr/games:/usr/local/games:/snap/bin:/snap/bin', 'SESSION_MANAGER': 'local/localhost.localdomain:@/tmp/.ICE-unix/25971,unix/localhost.localdomain:/tmp/.ICE-unix/25971', 'XDG_MENU_PREFIX': 'gnome-', 'GNOME_TERMINAL_SCREEN': '/org/gnome/Terminal/screen/899463a0_25f9_4627_9063_ce5ef1b69624', 'XDG_RUNTIME_DIR': '/run/user/2001', 'DISPLAY': ':1', 'LANG': 'en_US.UTF-8', 'XDG_CURRENT_DESKTOP': 'ubuntu:GNOME', 'XMODIFIERS': '@im=ibus', 'XDG_SESSION_DESKTOP': 'ubuntu', 'XAUTHORITY': '/run/user/2001/gdm/Xauthority', 'LS_COLORS': 'rs=0:di=01;34:ln=01;36:mh=00:pi=40;33:so=01;35:do=01;35:bd=40;33;01:cd=40;33;01:or=40;31;01:mi=00:su=37;41:sg=30;43:ca=00:tw=30;42:ow=34;42:st=37;44:ex=01;32:*.tar=01;31:*.tgz=01;31:*.arc=01;31:*.arj=01;31:*.taz=01;31:*.lha=01;31:*.lz4=01;31:*.lzh=01;31:*.lzma=01;31:*.tlz=01;31:*.txz=01;31:*.tzo=01;31:*.t7z=01;31:*.zip=01;31:*.z=01;31:*.dz=01;31:*.gz=01;31:*.lrz=01;31:*.lz=01;31:*.lzo=01;31:*.xz=01;31:*.zst=01;31:*.tzst=01;31:*.bz2=01;31:*.bz=01;31:*.tbz=01;31:*.tbz2=01;31:*.tz=01;31:*.deb=01;31:*.rpm=01;31:*.jar=01;31:*.war=01;31:*.ear=01;31:*.sar=01;31:*.rar=01;31:*.alz=01;31:*.ace=01;31:*.zoo=01;31:*.cpio=01;31:*.7z=01;31:*.rz=01;31:*.cab=01;31:*.wim=01;31:*.swm=01;31:*.dwm=01;31:*.esd=01;31:*.avif=01;35:*.jpg=01;35:*.jpeg=01;35:*.mjpg=01;35:*.mjpeg=01;35:*.gif=01;35:*.bmp=01;35:*.pbm=01;35:*.pgm=01;35:*.ppm=01;35:*.tga=01;35:*.xbm=01;35:*.xpm=01;35:*.tif=01;35:*.tiff=01;35:*.png=01;35:*.svg=01;35:*.svgz=01;35:*.mng=01;35:*.pcx=01;35:*.mov=01;35:*.mpg=01;35:*.mpeg=01;35:*.m2v=01;35:*.mkv=01;35:*.webm=01;35:*.webp=01;35:*.ogm=01;35:*.mp4=01;35:*.m4v=01;35:*.mp4v=01;35:*.vob=01;35:*.qt=01;35:*.nuv=01;35:*.wmv=01;35:*.asf=01;35:*.rm=01;35:*.rmvb=01;35:*.flc=01;35:*.avi=01;35:*.fli=01;35:*.flv=01;35:*.gl=01;35:*.dl=01;35:*.xcf=01;35:*.xwd=01;35:*.yuv=01;35:*.cgm=01;35:*.emf=01;35:*.ogv=01;35:*.ogx=01;35:*.aac=00;36:*.au=00;36:*.flac=00;36:*.m4a=00;36:*.mid=00;36:*.midi=00;36:*.mka=00;36:*.mp3=00;36:*.mpc=00;36:*.ogg=00;36:*.ra=00;36:*.wav=00;36:*.oga=00;36:*.opus=00;36:*.spx=00;36:*.xspf=00;36:*~=00;90:*#=00;90:*.bak=00;90:*.crdownload=00;90:*.dpkg-dist=00;90:*.dpkg-new=00;90:*.dpkg-old=00;90:*.dpkg-tmp=00;90:*.old=00;90:*.orig=00;90:*.part=00;90:*.rej=00;90:*.rpmnew=00;90:*.rpmorig=00;90:*.rpmsave=00;90:*.swp=00;90:*.tmp=00;90:*.ucf-dist=00;90:*.ucf-new=00;90:*.ucf-old=00;90:', 'GNOME_TERMINAL_SERVICE': ':1.103', 'SSH_AUTH_SOCK': '/run/user/2001/keyring/ssh', 'AMENT_PREFIX_PATH': '/home/sejong/Desktop/SH_ws/install/SH_Humanoid_description:/home/sejong/Desktop/SH_ws/install/sh_motion_demo:/home/sejong/Desktop/SH_ws/install/sh_motion_cpp:/home/sejong/Desktop/SH_ws/install/SH_moveit_head_config:/home/sejong/Desktop/SH_ws/install/SH_moveit_demo_config:/home/sejong/Desktop/SH_ws/install/SH_moveit_config:/opt/ros/jazzy', 'SHELL': '/bin/bash', 'QT_ACCESSIBILITY': '1', 'GDMSESSION': 'ubuntu', 'LESSCLOSE': '/usr/bin/lesspipe %s %s', 'GPG_AGENT_INFO': '/run/user/2001/gnupg/S.gpg-agent:0:1', 'ROS_AUTOMATIC_DISCOVERY_RANGE': 'SUBNET', 'QT_IM_MODULE': 'ibus', 'PWD': '/home/sejong/Desktop/SH_ws/build/SH_moveit_demo_config', 'XDG_CONFIG_DIRS': '/etc/xdg/xdg-ubuntu:/etc/xdg', 'XDG_DATA_DIRS': '/usr/share/ubuntu:/usr/share/gnome:/usr/local/share/:/usr/share/:/var/lib/snapd/desktop', 'PYTHONPATH': '/home/sejong/Desktop/SH_ws/install/SH_Humanoid_description/lib/python3.12/site-packages:/home/sejong/Desktop/SH_ws/build/sh_motion_demo:/home/sejong/Desktop/SH_ws/install/sh_motion_demo/lib/python3.12/site-packages:/home/sejong/Desktop/SH_ws/install/ros2_interfaces/lib/python3.12/site-packages:/home/sejong/Desktop/SH_ws/build/SH_Humanoid_description:/opt/ros/jazzy/lib/python3.12/site-packages', 'COLCON': '1', 'VTE_VERSION': '7600', 'CMAKE_PREFIX_PATH': '/home/sejong/Desktop/SH_ws/install/sh_motion_cpp:/home/sejong/Desktop/SH_ws/install/sh_motion_demo:/home/sejong/Desktop/SH_ws/install/SH_Humanoid_description:/opt/ros/jazzy:/home/sejong/Desktop/SH_ws/install/ros2_interfaces:/home/sejong/Desktop/SH_ws/install/SH_moveit_head_config:/home/sejong/Desktop/SH_ws/install/SH_moveit_demo_config:/home/sejong/Desktop/SH_ws/install/SH_moveit_config:/opt/ros/jazzy/opt/sdformat_vendor:/opt/ros/jazzy/opt/gz_math_vendor:/opt/ros/jazzy/opt/gz_utils_vendor:/opt/ros/jazzy/opt/gz_tools_vendor:/opt/ros/jazzy/opt/gz_cmake_vendor'}), 'shell': False}
[1.387000] (SH_moveit_head_config) CommandEnded: {'returncode': 0}
[1.387684] (SH_moveit_head_config) JobProgress: {'identifier': 'SH_moveit_head_config', 'progress': 'install'}
[1.388174] (SH_moveit_head_config) Command: {'cmd': ['/usr/bin/cmake', '--install', '/home/sejong/Desktop/SH_ws/build/SH_moveit_head_config'], 'cwd': '/home/sejong/Desktop/SH_ws/build/SH_moveit_head_config', 'env': OrderedDict({'LESSOPEN': '| /usr/bin/lesspipe %s', 'USER': 'sejong', 'GZ_CONFIG_PATH': '/opt/ros/jazzy/opt/sdformat_vendor/share/gz', 'ROS_PACKAGE_PATH': '/home/sejong/Desktop/SH_ws/install/ros2_interfaces/share', 'XDG_SESSION_TYPE': 'x11', 'CLUTTER_DISABLE_MIPMAPPED_TEXT': '1', 'SHLVL': '1', 'LD_LIBRARY_PATH': '/home/sejong/Desktop/SH_ws/install/ros2_interfaces/lib:/opt/ros/jazzy/opt/sdformat_vendor/lib:/opt/ros/jazzy/opt/rviz_ogre_vendor/lib:/opt/ros/jazzy/lib/aarch64-linux-gnu:/opt/ros/jazzy/opt/gz_math_vendor/lib:/opt/ros/jazzy/opt/gz_utils_vendor/lib:/opt/ros/jazzy/opt/gz_tools_vendor/lib:/opt/ros/jazzy/opt/gz_cmake_vendor/lib:/opt/ros/jazzy/lib:/usr/local/cuda-13.2/lib64:', 'HOME': '/home/sejong', 'OLDPWD': '/home/sejong/Desktop/SH_ws', 'DESKTOP_SESSION': 'ubuntu', 'ROS_PYTHON_VERSION': '3', 'GNOME_SHELL_SESSION_MODE': 'ubuntu', 'GTK_MODULES': 'gail:atk-bridge', 'SYSTEMD_EXEC_PID': '26002', 'GSM_SKIP_SSH_AGENT_WORKAROUND': 'true', 'DBUS_SESSION_BUS_ADDRESS': 'unix:path=/run/user/2001/bus', 'COLORTERM': 'truecolor', 'DEBUGINFOD_URLS': 'https://debuginfod.ubuntu.com', 'IM_CONFIG_PHASE': '1', 'COLCON_PREFIX_PATH': '/home/sejong/Desktop/SH_ws/install', 'ROS_DISTRO': 'jazzy', 'LOGNAME': 'sejong', '_': '/usr/bin/colcon', 'ROS_VERSION': '2', 'PKG_CONFIG_PATH': '/home/sejong/Desktop/SH_ws/install/ros2_interfaces/lib/aarch64-linux-gnu/pkgconfig:/home/sejong/Desktop/SH_ws/install/ros2_interfaces/lib/pkgconfig', 'XDG_SESSION_CLASS': 'user', 'USERNAME': 'sejong', 'TERM': 'xterm-256color', 'GNOME_DESKTOP_SESSION_ID': 'this-is-deprecated', 'WINDOWPATH': '2', 'PATH': '/home/sejong/.local/bin:/opt/ros/jazzy/opt/gz_tools_vendor/bin:/opt/ros/jazzy/bin:/usr/local/cuda-13.2/bin:/home/sejong/.local/bin:/usr/local/sbin:/usr/local/bin:/usr/sbin:/usr/bin:/sbin:/bin:/usr/games:/usr/local/games:/snap/bin:/snap/bin', 'SESSION_MANAGER': 'local/localhost.localdomain:@/tmp/.ICE-unix/25971,unix/localhost.localdomain:/tmp/.ICE-unix/25971', 'XDG_MENU_PREFIX': 'gnome-', 'GNOME_TERMINAL_SCREEN': '/org/gnome/Terminal/screen/899463a0_25f9_4627_9063_ce5ef1b69624', 'XDG_RUNTIME_DIR': '/run/user/2001', 'DISPLAY': ':1', 'LANG': 'en_US.UTF-8', 'XDG_CURRENT_DESKTOP': 'ubuntu:GNOME', 'XMODIFIERS': '@im=ibus', 'XDG_SESSION_DESKTOP': 'ubuntu', 'XAUTHORITY': '/run/user/2001/gdm/Xauthority', 'LS_COLORS': 'rs=0:di=01;34:ln=01;36:mh=00:pi=40;33:so=01;35:do=01;35:bd=40;33;01:cd=40;33;01:or=40;31;01:mi=00:su=37;41:sg=30;43:ca=00:tw=30;42:ow=34;42:st=37;44:ex=01;32:*.tar=01;31:*.tgz=01;31:*.arc=01;31:*.arj=01;31:*.taz=01;31:*.lha=01;31:*.lz4=01;31:*.lzh=01;31:*.lzma=01;31:*.tlz=01;31:*.txz=01;31:*.tzo=01;31:*.t7z=01;31:*.zip=01;31:*.z=01;31:*.dz=01;31:*.gz=01;31:*.lrz=01;31:*.lz=01;31:*.lzo=01;31:*.xz=01;31:*.zst=01;31:*.tzst=01;31:*.bz2=01;31:*.bz=01;31:*.tbz=01;31:*.tbz2=01;31:*.tz=01;31:*.deb=01;31:*.rpm=01;31:*.jar=01;31:*.war=01;31:*.ear=01;31:*.sar=01;31:*.rar=01;31:*.alz=01;31:*.ace=01;31:*.zoo=01;31:*.cpio=01;31:*.7z=01;31:*.rz=01;31:*.cab=01;31:*.wim=01;31:*.swm=01;31:*.dwm=01;31:*.esd=01;31:*.avif=01;35:*.jpg=01;35:*.jpeg=01;35:*.mjpg=01;35:*.mjpeg=01;35:*.gif=01;35:*.bmp=01;35:*.pbm=01;35:*.pgm=01;35:*.ppm=01;35:*.tga=01;35:*.xbm=01;35:*.xpm=01;35:*.tif=01;35:*.tiff=01;35:*.png=01;35:*.svg=01;35:*.svgz=01;35:*.mng=01;35:*.pcx=01;35:*.mov=01;35:*.mpg=01;35:*.mpeg=01;35:*.m2v=01;35:*.mkv=01;35:*.webm=01;35:*.webp=01;35:*.ogm=01;35:*.mp4=01;35:*.m4v=01;35:*.mp4v=01;35:*.vob=01;35:*.qt=01;35:*.nuv=01;35:*.wmv=01;35:*.asf=01;35:*.rm=01;35:*.rmvb=01;35:*.flc=01;35:*.avi=01;35:*.fli=01;35:*.flv=01;35:*.gl=01;35:*.dl=01;35:*.xcf=01;35:*.xwd=01;35:*.yuv=01;35:*.cgm=01;35:*.emf=01;35:*.ogv=01;35:*.ogx=01;35:*.aac=00;36:*.au=00;36:*.flac=00;36:*.m4a=00;36:*.mid=00;36:*.midi=00;36:*.mka=00;36:*.mp3=00;36:*.mpc=00;36:*.ogg=00;36:*.ra=00;36:*.wav=00;36:*.oga=00;36:*.opus=00;36:*.spx=00;36:*.xspf=00;36:*~=00;90:*#=00;90:*.bak=00;90:*.crdownload=00;90:*.dpkg-dist=00;90:*.dpkg-new=00;90:*.dpkg-old=00;90:*.dpkg-tmp=00;90:*.old=00;90:*.orig=00;90:*.part=00;90:*.rej=00;90:*.rpmnew=00;90:*.rpmorig=00;90:*.rpmsave=00;90:*.swp=00;90:*.tmp=00;90:*.ucf-dist=00;90:*.ucf-new=00;90:*.ucf-old=00;90:', 'GNOME_TERMINAL_SERVICE': ':1.103', 'SSH_AUTH_SOCK': '/run/user/2001/keyring/ssh', 'AMENT_PREFIX_PATH': '/home/sejong/Desktop/SH_ws/install/SH_Humanoid_description:/home/sejong/Desktop/SH_ws/install/sh_motion_demo:/home/sejong/Desktop/SH_ws/install/sh_motion_cpp:/home/sejong/Desktop/SH_ws/install/SH_moveit_head_config:/home/sejong/Desktop/SH_ws/install/SH_moveit_demo_config:/home/sejong/Desktop/SH_ws/install/SH_moveit_config:/opt/ros/jazzy', 'SHELL': '/bin/bash', 'QT_ACCESSIBILITY': '1', 'GDMSESSION': 'ubuntu', 'LESSCLOSE': '/usr/bin/lesspipe %s %s', 'GPG_AGENT_INFO': '/run/user/2001/gnupg/S.gpg-agent:0:1', 'ROS_AUTOMATIC_DISCOVERY_RANGE': 'SUBNET', 'QT_IM_MODULE': 'ibus', 'PWD': '/home/sejong/Desktop/SH_ws/build/SH_moveit_head_config', 'XDG_CONFIG_DIRS': '/etc/xdg/xdg-ubuntu:/etc/xdg', 'XDG_DATA_DIRS': '/usr/share/ubuntu:/usr/share/gnome:/usr/local/share/:/usr/share/:/var/lib/snapd/desktop', 'PYTHONPATH': '/home/sejong/Desktop/SH_ws/install/SH_Humanoid_description/lib/python3.12/site-packages:/home/sejong/Desktop/SH_ws/build/sh_motion_demo:/home/sejong/Desktop/SH_ws/install/sh_motion_demo/lib/python3.12/site-packages:/home/sejong/Desktop/SH_ws/install/ros2_interfaces/lib/python3.12/site-packages:/home/sejong/Desktop/SH_ws/build/SH_Humanoid_description:/opt/ros/jazzy/lib/python3.12/site-packages', 'COLCON': '1', 'VTE_VERSION': '7600', 'CMAKE_PREFIX_PATH': '/home/sejong/Desktop/SH_ws/install/sh_motion_cpp:/home/sejong/Desktop/SH_ws/install/sh_motion_demo:/home/sejong/Desktop/SH_ws/install/SH_Humanoid_description:/opt/ros/jazzy:/home/sejong/Desktop/SH_ws/install/ros2_interfaces:/home/sejong/Desktop/SH_ws/install/SH_moveit_head_config:/home/sejong/Desktop/SH_ws/install/SH_moveit_demo_config:/home/sejong/Desktop/SH_ws/install/SH_moveit_config:/opt/ros/jazzy/opt/sdformat_vendor:/opt/ros/jazzy/opt/gz_math_vendor:/opt/ros/jazzy/opt/gz_utils_vendor:/opt/ros/jazzy/opt/gz_tools_vendor:/opt/ros/jazzy/opt/gz_cmake_vendor'}), 'shell': False}
[1.389119] (SH_moveit_config) StdoutLine: {'line': b'-- Install configuration: ""\n'}
[1.390194] (SH_moveit_config) StdoutLine: {'line': b'-- Execute custom install script\n'}
[1.391425] (SH_moveit_config) StdoutLine: {'line': b'-- Up-to-date symlink: /home/sejong/Desktop/SH_ws/install/SH_moveit_config/share/ament_index/resource_index/package_run_dependencies/SH_moveit_config\n'}
[1.391680] (SH_moveit_config) StdoutLine: {'line': b'-- Up-to-date symlink: /home/sejong/Desktop/SH_ws/install/SH_moveit_config/share/ament_index/resource_index/parent_prefix_path/SH_moveit_config\n'}
[1.391987] (SH_moveit_config) StdoutLine: {'line': b'-- Up-to-date symlink: /home/sejong/Desktop/SH_ws/install/SH_moveit_config/share/SH_moveit_config/environment/ament_prefix_path.sh\n'}
[1.392247] (SH_moveit_config) StdoutLine: {'line': b'-- Up-to-date symlink: /home/sejong/Desktop/SH_ws/install/SH_moveit_config/share/SH_moveit_config/environment/ament_prefix_path.dsv\n'}
[1.392488] (SH_moveit_config) StdoutLine: {'line': b'-- Up-to-date symlink: /home/sejong/Desktop/SH_ws/install/SH_moveit_config/share/SH_moveit_config/environment/path.sh\n'}
[1.392757] (SH_moveit_config) StdoutLine: {'line': b'-- Up-to-date symlink: /home/sejong/Desktop/SH_ws/install/SH_moveit_config/share/SH_moveit_config/environment/path.dsv\n'}
[1.393043] (SH_moveit_config) StdoutLine: {'line': b'-- Up-to-date symlink: /home/sejong/Desktop/SH_ws/install/SH_moveit_config/share/SH_moveit_config/local_setup.bash\n'}
[1.393373] (SH_moveit_config) StdoutLine: {'line': b'-- Up-to-date symlink: /home/sejong/Desktop/SH_ws/install/SH_moveit_config/share/SH_moveit_config/local_setup.sh\n'}
[1.393640] (SH_moveit_config) StdoutLine: {'line': b'-- Up-to-date symlink: /home/sejong/Desktop/SH_ws/install/SH_moveit_config/share/SH_moveit_config/local_setup.zsh\n'}
[1.393877] (SH_moveit_config) StdoutLine: {'line': b'-- Up-to-date symlink: /home/sejong/Desktop/SH_ws/install/SH_moveit_config/share/SH_moveit_config/local_setup.dsv\n'}
[1.394090] (SH_moveit_config) StdoutLine: {'line': b'-- Symlinking: /home/sejong/Desktop/SH_ws/install/SH_moveit_config/share/SH_moveit_config/package.dsv\n'}
[1.394200] (SH_moveit_demo_config) StdoutLine: {'line': b'-- Install configuration: ""\n'}
[1.394300] (SH_moveit_demo_config) StdoutLine: {'line': b'-- Execute custom install script\n'}
[1.394370] (SH_moveit_demo_config) StdoutLine: {'line': b'-- Up-to-date symlink: /home/sejong/Desktop/SH_ws/install/SH_moveit_demo_config/share/ament_index/resource_index/package_run_dependencies/SH_moveit_demo_config\n'}
[1.394449] (SH_moveit_demo_config) StdoutLine: {'line': b'-- Up-to-date symlink: /home/sejong/Desktop/SH_ws/install/SH_moveit_demo_config/share/ament_index/resource_index/parent_prefix_path/SH_moveit_demo_config\n'}
[1.394518] (SH_moveit_demo_config) StdoutLine: {'line': b'-- Up-to-date symlink: /home/sejong/Desktop/SH_ws/install/SH_moveit_demo_config/share/SH_moveit_demo_config/environment/ament_prefix_path.sh\n'}
[1.394586] (SH_moveit_demo_config) StdoutLine: {'line': b'-- Up-to-date symlink: /home/sejong/Desktop/SH_ws/install/SH_moveit_demo_config/share/SH_moveit_demo_config/environment/ament_prefix_path.dsv\n'}
[1.394657] (SH_moveit_demo_config) StdoutLine: {'line': b'-- Up-to-date symlink: /home/sejong/Desktop/SH_ws/install/SH_moveit_demo_config/share/SH_moveit_demo_config/environment/path.sh\n'}
[1.394730] (SH_moveit_demo_config) StdoutLine: {'line': b'-- Up-to-date symlink: /home/sejong/Desktop/SH_ws/install/SH_moveit_demo_config/share/SH_moveit_demo_config/environment/path.dsv\n'}
[1.394797] (SH_moveit_demo_config) StdoutLine: {'line': b'-- Up-to-date symlink: /home/sejong/Desktop/SH_ws/install/SH_moveit_demo_config/share/SH_moveit_demo_config/local_setup.bash\n'}
[1.394865] (SH_moveit_demo_config) StdoutLine: {'line': b'-- Up-to-date symlink: /home/sejong/Desktop/SH_ws/install/SH_moveit_demo_config/share/SH_moveit_demo_config/local_setup.sh\n'}
[1.394934] (SH_moveit_demo_config) StdoutLine: {'line': b'-- Up-to-date symlink: /home/sejong/Desktop/SH_ws/install/SH_moveit_demo_config/share/SH_moveit_demo_config/local_setup.zsh\n'}
[1.395003] (SH_moveit_demo_config) StdoutLine: {'line': b'-- Up-to-date symlink: /home/sejong/Desktop/SH_ws/install/SH_moveit_demo_config/share/SH_moveit_demo_config/local_setup.dsv\n'}
[1.395069] (SH_moveit_demo_config) StdoutLine: {'line': b'-- Symlinking: /home/sejong/Desktop/SH_ws/install/SH_moveit_demo_config/share/SH_moveit_demo_config/package.dsv\n'}
[1.396567] (SH_moveit_head_config) StdoutLine: {'line': b'-- Install configuration: ""\n'}
[1.397028] (SH_moveit_head_config) StdoutLine: {'line': b'-- Execute custom install script\n'}
[1.397289] (SH_moveit_head_config) StdoutLine: {'line': b'-- Up-to-date symlink: /home/sejong/Desktop/SH_ws/install/SH_moveit_head_config/share/ament_index/resource_index/package_run_dependencies/SH_moveit_head_config\n'}
[1.397471] (SH_moveit_head_config) StdoutLine: {'line': b'-- Up-to-date symlink: /home/sejong/Desktop/SH_ws/install/SH_moveit_head_config/share/ament_index/resource_index/parent_prefix_path/SH_moveit_head_config\n'}
[1.397626] (SH_moveit_head_config) StdoutLine: {'line': b'-- Up-to-date symlink: /home/sejong/Desktop/SH_ws/install/SH_moveit_head_config/share/SH_moveit_head_config/environment/ament_prefix_path.sh\n'}
[1.397778] (SH_moveit_head_config) StdoutLine: {'line': b'-- Up-to-date symlink: /home/sejong/Desktop/SH_ws/install/SH_moveit_head_config/share/SH_moveit_head_config/environment/ament_prefix_path.dsv\n'}
[1.397913] (SH_moveit_head_config) StdoutLine: {'line': b'-- Up-to-date symlink: /home/sejong/Desktop/SH_ws/install/SH_moveit_head_config/share/SH_moveit_head_config/environment/path.sh\n'}
[1.398047] (SH_moveit_head_config) StdoutLine: {'line': b'-- Up-to-date symlink: /home/sejong/Desktop/SH_ws/install/SH_moveit_head_config/share/SH_moveit_head_config/environment/path.dsv\n'}
[1.398174] (SH_moveit_head_config) StdoutLine: {'line': b'-- Up-to-date symlink: /home/sejong/Desktop/SH_ws/install/SH_moveit_head_config/share/SH_moveit_head_config/local_setup.bash\n'}
[1.399235] (SH_moveit_head_config) StdoutLine: {'line': b'-- Up-to-date symlink: /home/sejong/Desktop/SH_ws/install/SH_moveit_head_config/share/SH_moveit_head_config/local_setup.sh\n'}
[1.399315] (SH_moveit_head_config) StdoutLine: {'line': b'-- Up-to-date symlink: /home/sejong/Desktop/SH_ws/install/SH_moveit_head_config/share/SH_moveit_head_config/local_setup.zsh\n'}
[1.399385] (SH_moveit_head_config) StdoutLine: {'line': b'-- Up-to-date symlink: /home/sejong/Desktop/SH_ws/install/SH_moveit_head_config/share/SH_moveit_head_config/local_setup.dsv\n'}
[1.399454] (SH_moveit_head_config) StdoutLine: {'line': b'-- Symlinking: /home/sejong/Desktop/SH_ws/install/SH_moveit_head_config/share/SH_moveit_head_config/package.dsv\n'}
[1.401722] (SH_moveit_config) StdoutLine: {'line': b'-- Up-to-date symlink: /home/sejong/Desktop/SH_ws/install/SH_moveit_config/share/ament_index/resource_index/packages/SH_moveit_config\n'}
[1.401824] (SH_moveit_config) StdoutLine: {'line': b'-- Up-to-date symlink: /home/sejong/Desktop/SH_ws/install/SH_moveit_config/share/SH_moveit_config/cmake/SH_moveit_configConfig.cmake\n'}
[1.401896] (SH_moveit_config) StdoutLine: {'line': b'-- Up-to-date symlink: /home/sejong/Desktop/SH_ws/install/SH_moveit_config/share/SH_moveit_config/cmake/SH_moveit_configConfig-version.cmake\n'}
[1.402091] (-) TimerEvent: {}
[1.402309] (SH_moveit_config) StdoutLine: {'line': b'-- Up-to-date symlink: /home/sejong/Desktop/SH_ws/install/SH_moveit_config/share/SH_moveit_config/package.xml\n'}
[1.402472] (SH_moveit_config) StdoutLine: {'line': b'-- Up-to-date symlink: /home/sejong/Desktop/SH_ws/install/SH_moveit_config/share/SH_moveit_config/launch/demo.launch.py\n'}
[1.403828] (SH_moveit_demo_config) StdoutLine: {'line': b'-- Up-to-date symlink: /home/sejong/Desktop/SH_ws/install/SH_moveit_demo_config/share/ament_index/resource_index/packages/SH_moveit_demo_config\n'}
[1.404233] (SH_moveit_demo_config) StdoutLine: {'line': b'-- Up-to-date symlink: /home/sejong/Desktop/SH_ws/install/SH_moveit_demo_config/share/SH_moveit_demo_config/cmake/SH_moveit_demo_configConfig.cmake\n'}
[1.404375] (SH_moveit_demo_config) StdoutLine: {'line': b'-- Up-to-date symlink: /home/sejong/Desktop/SH_ws/install/SH_moveit_demo_config/share/SH_moveit_demo_config/cmake/SH_moveit_demo_configConfig-version.cmake\n'}
[1.404646] (SH_moveit_demo_config) StdoutLine: {'line': b'-- Up-to-date symlink: /home/sejong/Desktop/SH_ws/install/SH_moveit_demo_config/share/SH_moveit_demo_config/package.xml\n'}
[1.405265] (SH_moveit_config) StdoutLine: {'line': b'-- Up-to-date symlink: /home/sejong/Desktop/SH_ws/install/SH_moveit_config/share/SH_moveit_config/launch/move_group.launch.py\n'}
[1.405436] (SH_moveit_config) StdoutLine: {'line': b'-- Up-to-date symlink: /home/sejong/Desktop/SH_ws/install/SH_moveit_config/share/SH_moveit_config/launch/moveit_rviz.launch.py\n'}
[1.405588] (SH_moveit_config) StdoutLine: {'line': b'-- Up-to-date symlink: /home/sejong/Desktop/SH_ws/install/SH_moveit_config/share/SH_moveit_config/launch/rsp.launch.py\n'}
[1.405744] (SH_moveit_config) StdoutLine: {'line': b'-- Up-to-date symlink: /home/sejong/Desktop/SH_ws/install/SH_moveit_config/share/SH_moveit_config/launch/servo.launch.py\n'}
[1.405903] (SH_moveit_config) StdoutLine: {'line': b'-- Up-to-date symlink: /home/sejong/Desktop/SH_ws/install/SH_moveit_config/share/SH_moveit_config/launch/setup_assistant.launch.py\n'}
[1.406039] (SH_moveit_config) StdoutLine: {'line': b'-- Up-to-date symlink: /home/sejong/Desktop/SH_ws/install/SH_moveit_config/share/SH_moveit_config/launch/spawn_controllers.launch.py\n'}
[1.406181] (SH_moveit_config) StdoutLine: {'line': b'-- Up-to-date symlink: /home/sejong/Desktop/SH_ws/install/SH_moveit_config/share/SH_moveit_config/launch/static_virtual_joint_tfs.launch.py\n'}
[1.406254] (SH_moveit_config) StdoutLine: {'line': b'-- Up-to-date symlink: /home/sejong/Desktop/SH_ws/install/SH_moveit_config/share/SH_moveit_config/launch/warehouse_db.launch.py\n'}
[1.406425] (SH_moveit_config) StdoutLine: {'line': b'-- Up-to-date symlink: /home/sejong/Desktop/SH_ws/install/SH_moveit_config/share/SH_moveit_config/config/SH_Humanoid.ros2_control.xacro\n'}
[1.406579] (SH_moveit_config) StdoutLine: {'line': b'-- Up-to-date symlink: /home/sejong/Desktop/SH_ws/install/SH_moveit_config/share/SH_moveit_config/config/SH_Humanoid.srdf\n'}
[1.406732] (SH_moveit_config) StdoutLine: {'line': b'-- Up-to-date symlink: /home/sejong/Desktop/SH_ws/install/SH_moveit_config/share/SH_moveit_config/config/SH_Humanoid.urdf.xacro\n'}
[1.406865] (SH_moveit_config) StdoutLine: {'line': b'-- Up-to-date symlink: /home/sejong/Desktop/SH_ws/install/SH_moveit_config/share/SH_moveit_config/config/initial_positions.yaml\n'}
[1.406967] (SH_moveit_config) StdoutLine: {'line': b'-- Up-to-date symlink: /home/sejong/Desktop/SH_ws/install/SH_moveit_config/share/SH_moveit_config/config/joint_limits.yaml\n'}
[1.407580] (SH_moveit_config) StdoutLine: {'line': b'-- Up-to-date symlink: /home/sejong/Desktop/SH_ws/install/SH_moveit_config/share/SH_moveit_config/config/kinematics.yaml\n'}
[1.408808] (SH_moveit_config) StdoutLine: {'line': b'-- Up-to-date symlink: /home/sejong/Desktop/SH_ws/install/SH_moveit_config/share/SH_moveit_config/config/moveit.rviz\n'}
[1.409123] (SH_moveit_config) StdoutLine: {'line': b'-- Up-to-date symlink: /home/sejong/Desktop/SH_ws/install/SH_moveit_config/share/SH_moveit_config/config/moveit_controllers.yaml\n'}
[1.409303] (SH_moveit_config) StdoutLine: {'line': b'-- Up-to-date symlink: /home/sejong/Desktop/SH_ws/install/SH_moveit_config/share/SH_moveit_config/config/pilz_cartesian_limits.yaml\n'}
[1.409500] (SH_moveit_config) StdoutLine: {'line': b'-- Up-to-date symlink: /home/sejong/Desktop/SH_ws/install/SH_moveit_config/share/SH_moveit_config/config/poses/home.yaml\n'}
[1.409919] (SH_moveit_config) StdoutLine: {'line': b'-- Up-to-date symlink: /home/sejong/Desktop/SH_ws/install/SH_moveit_config/share/SH_moveit_config/config/poses/wave_left.yaml\n'}
[1.410194] (SH_moveit_config) StdoutLine: {'line': b'-- Up-to-date symlink: /home/sejong/Desktop/SH_ws/install/SH_moveit_config/share/SH_moveit_config/config/poses/wave_ready.yaml\n'}
[1.410400] (SH_moveit_config) StdoutLine: {'line': b'-- Up-to-date symlink: /home/sejong/Desktop/SH_ws/install/SH_moveit_config/share/SH_moveit_config/config/poses/wave_right.yaml\n'}
[1.410575] (SH_moveit_config) StdoutLine: {'line': b'-- Up-to-date symlink: /home/sejong/Desktop/SH_ws/install/SH_moveit_config/share/SH_moveit_config/config/ros2_controllers.yaml\n'}
[1.410750] (SH_moveit_config) StdoutLine: {'line': b'-- Up-to-date symlink: /home/sejong/Desktop/SH_ws/install/SH_moveit_config/share/SH_moveit_config/config/sensors_3d.yaml\n'}
[1.410916] (SH_moveit_config) StdoutLine: {'line': b'-- Up-to-date symlink: /home/sejong/Desktop/SH_ws/install/SH_moveit_config/share/SH_moveit_config/config/servo.yaml\n'}
[1.411115] (SH_moveit_config) StdoutLine: {'line': b'-- Up-to-date symlink: /home/sejong/Desktop/SH_ws/install/SH_moveit_config/share/SH_moveit_config/.setup_assistant\n'}
[1.411290] (SH_moveit_demo_config) StdoutLine: {'line': b'-- Up-to-date symlink: /home/sejong/Desktop/SH_ws/install/SH_moveit_demo_config/share/SH_moveit_demo_config/launch/demo.launch.py\n'}
[1.411454] (SH_moveit_demo_config) StdoutLine: {'line': b'-- Up-to-date symlink: /home/sejong/Desktop/SH_ws/install/SH_moveit_demo_config/share/SH_moveit_demo_config/launch/move_group.launch.py\n'}
[1.411619] (SH_moveit_demo_config) StdoutLine: {'line': b'-- Up-to-date symlink: /home/sejong/Desktop/SH_ws/install/SH_moveit_demo_config/share/SH_moveit_demo_config/launch/moveit_rviz.launch.py\n'}
[1.411730] (SH_moveit_demo_config) StdoutLine: {'line': b'-- Up-to-date symlink: /home/sejong/Desktop/SH_ws/install/SH_moveit_demo_config/share/SH_moveit_demo_config/launch/rsp.launch.py\n'}
[1.411859] (SH_moveit_demo_config) StdoutLine: {'line': b'-- Up-to-date symlink: /home/sejong/Desktop/SH_ws/install/SH_moveit_demo_config/share/SH_moveit_demo_config/launch/servo.launch.py\n'}
[1.412010] (SH_moveit_demo_config) StdoutLine: {'line': b'-- Up-to-date symlink: /home/sejong/Desktop/SH_ws/install/SH_moveit_demo_config/share/SH_moveit_demo_config/launch/setup_assistant.launch.py\n'}
[1.412737] (SH_moveit_demo_config) StdoutLine: {'line': b'-- Up-to-date symlink: /home/sejong/Desktop/SH_ws/install/SH_moveit_demo_config/share/SH_moveit_demo_config/launch/spawn_controllers.launch.py\n'}
[1.413306] (SH_moveit_demo_config) StdoutLine: {'line': b'-- Up-to-date symlink: /home/sejong/Desktop/SH_ws/install/SH_moveit_demo_config/share/SH_moveit_demo_config/launch/static_virtual_joint_tfs.launch.py\n'}
[1.413500] (SH_moveit_demo_config) StdoutLine: {'line': b'-- Up-to-date symlink: /home/sejong/Desktop/SH_ws/install/SH_moveit_demo_config/share/SH_moveit_demo_config/launch/warehouse_db.launch.py\n'}
[1.414204] (SH_moveit_demo_config) StdoutLine: {'line': b'-- Up-to-date symlink: /home/sejong/Desktop/SH_ws/install/SH_moveit_demo_config/share/SH_moveit_demo_config/config/SH_Humanoid.ros2_control.xacro\n'}
[1.414734] (SH_moveit_demo_config) StdoutLine: {'line': b'-- Up-to-date symlink: /home/sejong/Desktop/SH_ws/install/SH_moveit_demo_config/share/SH_moveit_demo_config/config/SH_Humanoid.srdf\n'}
[1.415344] (SH_moveit_demo_config) StdoutLine: {'line': b'-- Up-to-date symlink: /home/sejong/Desktop/SH_ws/install/SH_moveit_demo_config/share/SH_moveit_demo_config/config/SH_Humanoid.urdf.xacro\n'}
[1.416020] (SH_moveit_config) CommandEnded: {'returncode': 0}
[1.417669] (SH_moveit_demo_config) StdoutLine: {'line': b'-- Up-to-date symlink: /home/sejong/Desktop/SH_ws/install/SH_moveit_demo_config/share/SH_moveit_demo_config/config/initial_positions.yaml\n'}
[1.418487] (SH_moveit_demo_config) StdoutLine: {'line': b'-- Up-to-date symlink: /home/sejong/Desktop/SH_ws/install/SH_moveit_demo_config/share/SH_moveit_demo_config/config/joint_limits.yaml\n'}
[1.419340] (SH_moveit_demo_config) StdoutLine: {'line': b'-- Up-to-date symlink: /home/sejong/Desktop/SH_ws/install/SH_moveit_demo_config/share/SH_moveit_demo_config/config/kinematics.yaml\n'}
[1.419993] (SH_moveit_demo_config) StdoutLine: {'line': b'-- Up-to-date symlink: /home/sejong/Desktop/SH_ws/install/SH_moveit_demo_config/share/SH_moveit_demo_config/config/moveit.rviz\n'}
[1.420281] (SH_moveit_demo_config) StdoutLine: {'line': b'-- Up-to-date symlink: /home/sejong/Desktop/SH_ws/install/SH_moveit_demo_config/share/SH_moveit_demo_config/config/moveit_controllers.yaml\n'}
[1.420870] (SH_moveit_demo_config) StdoutLine: {'line': b'-- Up-to-date symlink: /home/sejong/Desktop/SH_ws/install/SH_moveit_demo_config/share/SH_moveit_demo_config/config/pilz_cartesian_limits.yaml\n'}
[1.421139] (SH_moveit_demo_config) StdoutLine: {'line': b'-- Up-to-date symlink: /home/sejong/Desktop/SH_ws/install/SH_moveit_demo_config/share/SH_moveit_demo_config/config/poses/home.yaml\n'}
[1.421718] (SH_moveit_head_config) StdoutLine: {'line': b'-- Up-to-date symlink: /home/sejong/Desktop/SH_ws/install/SH_moveit_head_config/share/ament_index/resource_index/packages/SH_moveit_head_config\n'}
[1.422122] (SH_moveit_head_config) StdoutLine: {'line': b'-- Up-to-date symlink: /home/sejong/Desktop/SH_ws/install/SH_moveit_head_config/share/SH_moveit_head_config/cmake/SH_moveit_head_configConfig.cmake\n'}
[1.422612] (SH_moveit_demo_config) StdoutLine: {'line': b'-- Up-to-date symlink: /home/sejong/Desktop/SH_ws/install/SH_moveit_demo_config/share/SH_moveit_demo_config/config/poses/wave_left.yaml\n'}
[1.423012] (SH_moveit_demo_config) StdoutLine: {'line': b'-- Up-to-date symlink: /home/sejong/Desktop/SH_ws/install/SH_moveit_demo_config/share/SH_moveit_demo_config/config/poses/wave_ready.yaml\n'}
[1.423383] (SH_moveit_demo_config) StdoutLine: {'line': b'-- Up-to-date symlink: /home/sejong/Desktop/SH_ws/install/SH_moveit_demo_config/share/SH_moveit_demo_config/config/poses/wave_right.yaml\n'}
[1.424444] (SH_moveit_demo_config) StdoutLine: {'line': b'-- Up-to-date symlink: /home/sejong/Desktop/SH_ws/install/SH_moveit_demo_config/share/SH_moveit_demo_config/config/ros2_controllers.yaml\n'}
[1.424868] (SH_moveit_head_config) StdoutLine: {'line': b'-- Up-to-date symlink: /home/sejong/Desktop/SH_ws/install/SH_moveit_head_config/share/SH_moveit_head_config/cmake/SH_moveit_head_configConfig-version.cmake\n'}
[1.425365] (SH_moveit_head_config) StdoutLine: {'line': b'-- Up-to-date symlink: /home/sejong/Desktop/SH_ws/install/SH_moveit_head_config/share/SH_moveit_head_config/package.xml\n'}
[1.425738] (SH_moveit_demo_config) StdoutLine: {'line': b'-- Up-to-date symlink: /home/sejong/Desktop/SH_ws/install/SH_moveit_demo_config/share/SH_moveit_demo_config/config/servo.yaml\n'}
[1.425952] (SH_moveit_demo_config) StdoutLine: {'line': b'-- Up-to-date symlink: /home/sejong/Desktop/SH_ws/install/SH_moveit_demo_config/share/SH_moveit_demo_config/.setup_assistant\n'}
[1.426194] (SH_moveit_head_config) StdoutLine: {'line': b'-- Up-to-date symlink: /home/sejong/Desktop/SH_ws/install/SH_moveit_head_config/share/SH_moveit_head_config/launch/demo.launch.py\n'}
[1.426434] (SH_moveit_head_config) StdoutLine: {'line': b'-- Up-to-date symlink: /home/sejong/Desktop/SH_ws/install/SH_moveit_head_config/share/SH_moveit_head_config/launch/demo_bridge.launch.py\n'}
[1.426661] (SH_moveit_head_config) StdoutLine: {'line': b'-- Up-to-date symlink: /home/sejong/Desktop/SH_ws/install/SH_moveit_head_config/share/SH_moveit_head_config/launch/move_group.launch.py\n'}
[1.426903] (SH_moveit_head_config) StdoutLine: {'line': b'-- Up-to-date symlink: /home/sejong/Desktop/SH_ws/install/SH_moveit_head_config/share/SH_moveit_head_config/launch/moveit_rviz.launch.py\n'}
[1.427490] (SH_moveit_head_config) StdoutLine: {'line': b'-- Up-to-date symlink: /home/sejong/Desktop/SH_ws/install/SH_moveit_head_config/share/SH_moveit_head_config/launch/rsp.launch.py\n'}
[1.428004] (SH_moveit_head_config) StdoutLine: {'line': b'-- Up-to-date symlink: /home/sejong/Desktop/SH_ws/install/SH_moveit_head_config/share/SH_moveit_head_config/launch/servo.launch.py\n'}
[1.428496] (SH_moveit_head_config) StdoutLine: {'line': b'-- Up-to-date symlink: /home/sejong/Desktop/SH_ws/install/SH_moveit_head_config/share/SH_moveit_head_config/launch/setup_assistant.launch.py\n'}
[1.428853] (SH_moveit_head_config) StdoutLine: {'line': b'-- Up-to-date symlink: /home/sejong/Desktop/SH_ws/install/SH_moveit_head_config/share/SH_moveit_head_config/launch/spawn_controllers.launch.py\n'}
[1.429391] (SH_moveit_head_config) StdoutLine: {'line': b'-- Up-to-date symlink: /home/sejong/Desktop/SH_ws/install/SH_moveit_head_config/share/SH_moveit_head_config/launch/static_virtual_joint_tfs.launch.py\n'}
[1.430038] (SH_moveit_head_config) StdoutLine: {'line': b'-- Up-to-date symlink: /home/sejong/Desktop/SH_ws/install/SH_moveit_head_config/share/SH_moveit_head_config/launch/warehouse_db.launch.py\n'}
[1.431682] (SH_moveit_head_config) StdoutLine: {'line': b'-- Up-to-date symlink: /home/sejong/Desktop/SH_ws/install/SH_moveit_head_config/share/SH_moveit_head_config/config/SH_Humanoid.ros2_control.xacro\n'}
[1.432613] (SH_moveit_head_config) StdoutLine: {'line': b'-- Up-to-date symlink: /home/sejong/Desktop/SH_ws/install/SH_moveit_head_config/share/SH_moveit_head_config/config/SH_Humanoid.srdf\n'}
[1.432771] (SH_moveit_head_config) StdoutLine: {'line': b'-- Up-to-date symlink: /home/sejong/Desktop/SH_ws/install/SH_moveit_head_config/share/SH_moveit_head_config/config/SH_Humanoid.urdf.xacro\n'}
[1.433506] (SH_moveit_head_config) StdoutLine: {'line': b'-- Up-to-date symlink: /home/sejong/Desktop/SH_ws/install/SH_moveit_head_config/share/SH_moveit_head_config/config/initial_positions.yaml\n'}
[1.433953] (SH_moveit_head_config) StdoutLine: {'line': b'-- Up-to-date symlink: /home/sejong/Desktop/SH_ws/install/SH_moveit_head_config/share/SH_moveit_head_config/config/joint_limits.yaml\n'}
[1.434607] (SH_moveit_head_config) StdoutLine: {'line': b'-- Up-to-date symlink: /home/sejong/Desktop/SH_ws/install/SH_moveit_head_config/share/SH_moveit_head_config/config/kinematics.yaml\n'}
[1.435139] (SH_moveit_head_config) StdoutLine: {'line': b'-- Up-to-date symlink: /home/sejong/Desktop/SH_ws/install/SH_moveit_head_config/share/SH_moveit_head_config/config/moveit.rviz\n'}
[1.435459] (SH_moveit_head_config) StdoutLine: {'line': b'-- Up-to-date symlink: /home/sejong/Desktop/SH_ws/install/SH_moveit_head_config/share/SH_moveit_head_config/config/moveit_controllers.yaml\n'}
[1.435966] (SH_moveit_head_config) StdoutLine: {'line': b'-- Up-to-date symlink: /home/sejong/Desktop/SH_ws/install/SH_moveit_head_config/share/SH_moveit_head_config/config/pilz_cartesian_limits.yaml\n'}
[1.436338] (SH_moveit_head_config) StdoutLine: {'line': b'-- Up-to-date symlink: /home/sejong/Desktop/SH_ws/install/SH_moveit_head_config/share/SH_moveit_head_config/config/poses/home.yaml\n'}
[1.436666] (SH_moveit_head_config) StdoutLine: {'line': b'-- Up-to-date symlink: /home/sejong/Desktop/SH_ws/install/SH_moveit_head_config/share/SH_moveit_head_config/config/poses/wave_left.yaml\n'}
[1.437042] (SH_moveit_head_config) StdoutLine: {'line': b'-- Up-to-date symlink: /home/sejong/Desktop/SH_ws/install/SH_moveit_head_config/share/SH_moveit_head_config/config/poses/wave_ready.yaml\n'}
[1.437926] (SH_moveit_head_config) StdoutLine: {'line': b'-- Up-to-date symlink: /home/sejong/Desktop/SH_ws/install/SH_moveit_head_config/share/SH_moveit_head_config/config/poses/wave_right.yaml\n'}
[1.438803] (SH_moveit_head_config) StdoutLine: {'line': b'-- Up-to-date symlink: /home/sejong/Desktop/SH_ws/install/SH_moveit_head_config/share/SH_moveit_head_config/config/ros2_controllers.yaml\n'}
[1.439076] (SH_moveit_head_config) StdoutLine: {'line': b'-- Up-to-date symlink: /home/sejong/Desktop/SH_ws/install/SH_moveit_head_config/share/SH_moveit_head_config/config/servo.yaml\n'}
[1.439604] (SH_moveit_head_config) StdoutLine: {'line': b'-- Up-to-date symlink: /home/sejong/Desktop/SH_ws/install/SH_moveit_head_config/share/SH_moveit_head_config/.setup_assistant\n'}
[1.439848] (SH_moveit_config) JobEnded: {'identifier': 'SH_moveit_config', 'rc': 0}
[1.440528] (SH_moveit_demo_config) CommandEnded: {'returncode': 0}
[1.457675] (SH_moveit_demo_config) JobEnded: {'identifier': 'SH_moveit_demo_config', 'rc': 0}
[1.459280] (SH_moveit_head_config) CommandEnded: {'returncode': 0}
[1.477148] (SH_moveit_head_config) JobEnded: {'identifier': 'SH_moveit_head_config', 'rc': 0}
[1.478701] (-) EventReactorShutdown: {}
