[0.000000] (-) TimerEvent: {}
[0.000334] (SH_Humanoid_description) JobQueued: {'identifier': 'SH_Humanoid_description', 'dependencies': OrderedDict()}
[0.000600] (ros2_interfaces) JobQueued: {'identifier': 'ros2_interfaces', 'dependencies': OrderedDict()}
[0.000701] (sh_motion_demo) JobQueued: {'identifier': 'sh_motion_demo', 'dependencies': OrderedDict()}
[0.000820] (SH_moveit_config) JobQueued: {'identifier': 'SH_moveit_config', 'dependencies': OrderedDict({'SH_Humanoid_description': '/home/sejong/Desktop/SH_ws/install/SH_Humanoid_description'})}
[0.000935] (SH_moveit_demo_config) JobQueued: {'identifier': 'SH_moveit_demo_config', 'dependencies': OrderedDict({'SH_Humanoid_description': '/home/sejong/Desktop/SH_ws/install/SH_Humanoid_description'})}
[0.000956] (SH_moveit_head_config) JobQueued: {'identifier': 'SH_moveit_head_config', 'dependencies': OrderedDict({'SH_Humanoid_description': '/home/sejong/Desktop/SH_ws/install/SH_Humanoid_description'})}
[0.000973] (SH_moveit_limit_config) JobQueued: {'identifier': 'SH_moveit_limit_config', 'dependencies': OrderedDict({'SH_Humanoid_description': '/home/sejong/Desktop/SH_ws/install/SH_Humanoid_description'})}
[0.000989] (sh_motion_cpp) JobQueued: {'identifier': 'sh_motion_cpp', 'dependencies': OrderedDict({'ros2_interfaces': '/home/sejong/Desktop/SH_ws/install/ros2_interfaces'})}
[0.001007] (SH_Humanoid_description) JobStarted: {'identifier': 'SH_Humanoid_description'}
[0.008772] (ros2_interfaces) JobStarted: {'identifier': 'ros2_interfaces'}
[0.011838] (sh_motion_demo) JobStarted: {'identifier': 'sh_motion_demo'}
[0.099729] (-) TimerEvent: {}
[0.177674] (ros2_interfaces) JobProgress: {'identifier': 'ros2_interfaces', 'progress': 'cmake'}
[0.178137] (ros2_interfaces) JobProgress: {'identifier': 'ros2_interfaces', 'progress': 'build'}
[0.179024] (ros2_interfaces) Command: {'cmd': ['/usr/bin/cmake', '--build', '/home/sejong/Desktop/SH_ws/build/ros2_interfaces', '--', '-j14', '-l14'], 'cwd': '/home/sejong/Desktop/SH_ws/build/ros2_interfaces', 'env': OrderedDict({'GJS_DEBUG_TOPICS': 'JS ERROR;JS LOG', 'XDG_ACTIVATION_TOKEN': 'gnome-shell/Terminator/3885-0-localhost.localdomain_TIME74155', 'LESSOPEN': '| /usr/bin/lesspipe %s', 'USER': 'sejong', 'GZ_CONFIG_PATH': '/opt/ros/jazzy/opt/sdformat_vendor/share/gz', 'ROS_PACKAGE_PATH': '/home/sejong/Desktop/SH_ws/install/ros2_interfaces/share', 'XDG_SESSION_TYPE': 'x11', 'CLUTTER_DISABLE_MIPMAPPED_TEXT': '1', 'SHLVL': '1', 'LD_LIBRARY_PATH': '/home/sejong/Desktop/SH_ws/install/ros2_interfaces/lib:/opt/ros/jazzy/opt/sdformat_vendor/lib:/opt/ros/jazzy/opt/rviz_ogre_vendor/lib:/opt/ros/jazzy/lib/aarch64-linux-gnu:/opt/ros/jazzy/opt/gz_math_vendor/lib:/opt/ros/jazzy/opt/gz_utils_vendor/lib:/opt/ros/jazzy/opt/gz_tools_vendor/lib:/opt/ros/jazzy/opt/gz_cmake_vendor/lib:/opt/ros/jazzy/lib:/usr/local/cuda-13.2/lib64:', 'HOME': '/home/sejong', 'OLDPWD': '/home/sejong', 'DESKTOP_SESSION': 'ubuntu', 'GIO_LAUNCHED_DESKTOP_FILE': '/usr/share/applications/terminator.desktop', 'ROS_PYTHON_VERSION': '3', 'GNOME_SHELL_SESSION_MODE': 'ubuntu', 'GTK_MODULES': 'gail:atk-bridge', 'MANAGERPID': '3555', 'SYSTEMD_EXEC_PID': '3885', 'GSM_SKIP_SSH_AGENT_WORKAROUND': 'true', 'DBUS_SESSION_BUS_ADDRESS': 'unix:path=/run/user/2001/bus', 'COLORTERM': 'truecolor', 'TERMINATOR_DBUS_NAME': 'net.tenshu.Terminator23558193cd9818af7fe4d2c2f5bd9d00f', 'GIO_LAUNCHED_DESKTOP_FILE_PID': '4892', 'DEBUGINFOD_URLS': 'https://debuginfod.ubuntu.com', 'IM_CONFIG_PHASE': '1', 'COLCON_PREFIX_PATH': '/home/sejong/Desktop/SH_ws/install', 'ROS_DISTRO': 'jazzy', 'LOGNAME': 'sejong', 'JOURNAL_STREAM': '8:54497', '_': '/usr/bin/colcon', 'ROS_VERSION': '2', 'PKG_CONFIG_PATH': '/home/sejong/Desktop/SH_ws/install/ros2_interfaces/lib/aarch64-linux-gnu/pkgconfig:/home/sejong/Desktop/SH_ws/install/ros2_interfaces/lib/pkgconfig', 'XDG_SESSION_CLASS': 'user', 'USERNAME': 'sejong', 'TERM': 'xterm-256color', 'GNOME_DESKTOP_SESSION_ID': 'this-is-deprecated', 'WINDOWPATH': '2', 'PATH': '/home/sejong/.local/bin:/opt/ros/jazzy/opt/gz_tools_vendor/bin:/opt/ros/jazzy/bin:/usr/local/cuda-13.2/bin:/home/sejong/.local/bin:/usr/local/sbin:/usr/local/bin:/usr/sbin:/usr/bin:/sbin:/bin:/usr/games:/usr/local/games:/snap/bin:/snap/bin', 'SESSION_MANAGER': 'local/localhost.localdomain:@/tmp/.ICE-unix/3854,unix/localhost.localdomain:/tmp/.ICE-unix/3854', 'INVOCATION_ID': 'c0f5b2c3a0cb4f21ac79f83a089a761f', 'XDG_MENU_PREFIX': 'gnome-', 'XDG_RUNTIME_DIR': '/run/user/2001', 'DISPLAY': ':1', 'TERMINATOR_DBUS_PATH': '/net/tenshu/Terminator2', 'LANG': 'en_US.UTF-8', 'XDG_CURRENT_DESKTOP': 'ubuntu:GNOME', 'XMODIFIERS': '@im=ibus', 'XDG_SESSION_DESKTOP': 'ubuntu', 'XAUTHORITY': '/run/user/2001/gdm/Xauthority', 'LS_COLORS': 'rs=0:di=01;34:ln=01;36:mh=00:pi=40;33:so=01;35:do=01;35:bd=40;33;01:cd=40;33;01:or=40;31;01:mi=00:su=37;41:sg=30;43:ca=00:tw=30;42:ow=34;42:st=37;44:ex=01;32:*.tar=01;31:*.tgz=01;31:*.arc=01;31:*.arj=01;31:*.taz=01;31:*.lha=01;31:*.lz4=01;31:*.lzh=01;31:*.lzma=01;31:*.tlz=01;31:*.txz=01;31:*.tzo=01;31:*.t7z=01;31:*.zip=01;31:*.z=01;31:*.dz=01;31:*.gz=01;31:*.lrz=01;31:*.lz=01;31:*.lzo=01;31:*.xz=01;31:*.zst=01;31:*.tzst=01;31:*.bz2=01;31:*.bz=01;31:*.tbz=01;31:*.tbz2=01;31:*.tz=01;31:*.deb=01;31:*.rpm=01;31:*.jar=01;31:*.war=01;31:*.ear=01;31:*.sar=01;31:*.rar=01;31:*.alz=01;31:*.ace=01;31:*.zoo=01;31:*.cpio=01;31:*.7z=01;31:*.rz=01;31:*.cab=01;31:*.wim=01;31:*.swm=01;31:*.dwm=01;31:*.esd=01;31:*.avif=01;35:*.jpg=01;35:*.jpeg=01;35:*.mjpg=01;35:*.mjpeg=01;35:*.gif=01;35:*.bmp=01;35:*.pbm=01;35:*.pgm=01;35:*.ppm=01;35:*.tga=01;35:*.xbm=01;35:*.xpm=01;35:*.tif=01;35:*.tiff=01;35:*.png=01;35:*.svg=01;35:*.svgz=01;35:*.mng=01;35:*.pcx=01;35:*.mov=01;35:*.mpg=01;35:*.mpeg=01;35:*.m2v=01;35:*.mkv=01;35:*.webm=01;35:*.webp=01;35:*.ogm=01;35:*.mp4=01;35:*.m4v=01;35:*.mp4v=01;35:*.vob=01;35:*.qt=01;35:*.nuv=01;35:*.wmv=01;35:*.asf=01;35:*.rm=01;35:*.rmvb=01;35:*.flc=01;35:*.avi=01;35:*.fli=01;35:*.flv=01;35:*.gl=01;35:*.dl=01;35:*.xcf=01;35:*.xwd=01;35:*.yuv=01;35:*.cgm=01;35:*.emf=01;35:*.ogv=01;35:*.ogx=01;35:*.aac=00;36:*.au=00;36:*.flac=00;36:*.m4a=00;36:*.mid=00;36:*.midi=00;36:*.mka=00;36:*.mp3=00;36:*.mpc=00;36:*.ogg=00;36:*.ra=00;36:*.wav=00;36:*.oga=00;36:*.opus=00;36:*.spx=00;36:*.xspf=00;36:*~=00;90:*#=00;90:*.bak=00;90:*.crdownload=00;90:*.dpkg-dist=00;90:*.dpkg-new=00;90:*.dpkg-old=00;90:*.dpkg-tmp=00;90:*.old=00;90:*.orig=00;90:*.part=00;90:*.rej=00;90:*.rpmnew=00;90:*.rpmorig=00;90:*.rpmsave=00;90:*.swp=00;90:*.tmp=00;90:*.ucf-dist=00;90:*.ucf-new=00;90:*.ucf-old=00;90:', 'SSH_AUTH_SOCK': '/run/user/2001/keyring/ssh', 'AMENT_PREFIX_PATH': '/home/sejong/Desktop/SH_ws/install/sh_motion_demo:/home/sejong/Desktop/SH_ws/install/sh_motion_cpp:/home/sejong/Desktop/SH_ws/install/SH_moveit_limit_config:/home/sejong/Desktop/SH_ws/install/SH_moveit_head_config:/home/sejong/Desktop/SH_ws/install/SH_moveit_demo_config:/home/sejong/Desktop/SH_ws/install/SH_moveit_config:/home/sejong/Desktop/SH_ws/install/SH_Humanoid_description:/opt/ros/jazzy', 'SHELL': '/bin/bash', 'TERMINATOR_UUID': 'urn:uuid:ad64abfb-00cc-44da-b49f-ecb082c818b8', 'QT_ACCESSIBILITY': '1', 'GDMSESSION': 'ubuntu', 'LESSCLOSE': '/usr/bin/lesspipe %s %s', 'GPG_AGENT_INFO': '/run/user/2001/gnupg/S.gpg-agent:0:1', 'GJS_DEBUG_OUTPUT': 'stderr', 'ROS_AUTOMATIC_DISCOVERY_RANGE': 'SUBNET', 'QT_IM_MODULE': 'ibus', 'PWD': '/home/sejong/Desktop/SH_ws/build/ros2_interfaces', 'XDG_CONFIG_DIRS': '/etc/xdg/xdg-ubuntu:/etc/xdg', 'XDG_DATA_DIRS': '/usr/share/ubuntu:/usr/share/gnome:/usr/local/share/:/usr/share/:/var/lib/snapd/desktop', 'PYTHONPATH': '/home/sejong/Desktop/SH_ws/install/sh_motion_demo/lib/python3.12/site-packages:/home/sejong/Desktop/SH_ws/install/ros2_interfaces/lib/python3.12/site-packages:/home/sejong/Desktop/SH_ws/install/SH_Humanoid_description/lib/python3.12/site-packages:/opt/ros/jazzy/lib/python3.12/site-packages', 'COLCON': '1', 'VTE_VERSION': '7600', 'CMAKE_PREFIX_PATH': '/home/sejong/Desktop/SH_ws/install/sh_motion_cpp:/home/sejong/Desktop/SH_ws/install/ros2_interfaces:/home/sejong/Desktop/SH_ws/install/SH_moveit_limit_config:/home/sejong/Desktop/SH_ws/install/SH_moveit_head_config:/home/sejong/Desktop/SH_ws/install/SH_moveit_demo_config:/home/sejong/Desktop/SH_ws/install/SH_moveit_config:/opt/ros/jazzy/opt/sdformat_vendor:/opt/ros/jazzy/opt/gz_math_vendor:/opt/ros/jazzy/opt/gz_utils_vendor:/opt/ros/jazzy/opt/gz_tools_vendor:/opt/ros/jazzy/opt/gz_cmake_vendor'}), 'shell': False}
[0.199804] (-) TimerEvent: {}
[0.256012] (ros2_interfaces) StdoutLine: {'line': b'[  1%] Built target ros2_interfaces__rs\n'}
[0.257529] (ros2_interfaces) StdoutLine: {'line': b'[  2%] Built target ros2_interfaces__rosidl_generator_type_description\n'}
[0.271175] (ros2_interfaces) StdoutLine: {'line': b'[  2%] Built target ament_cmake_python_copy_ros2_interfaces\n'}
[0.280494] (ros2_interfaces) StdoutLine: {'line': b'[  3%] Built target ros2_interfaces__cpp\n'}
[0.289470] (ros2_interfaces) StdoutLine: {'line': b'[ 27%] Built target ros2_interfaces__rosidl_generator_c\n'}
[0.299901] (-) TimerEvent: {}
[0.315304] (ros2_interfaces) StdoutLine: {'line': b'[ 36%] Built target ros2_interfaces__rosidl_typesupport_introspection_c\n'}
[0.316721] (ros2_interfaces) StdoutLine: {'line': b'[ 54%] Built target ros2_interfaces__rosidl_typesupport_introspection_cpp\n'}
[0.318413] (ros2_interfaces) StdoutLine: {'line': b'[ 57%] Built target ros2_interfaces__rosidl_typesupport_fastrtps_c\n'}
[0.318574] (ros2_interfaces) StdoutLine: {'line': b'[ 68%] Built target ros2_interfaces__rosidl_typesupport_cpp\n'}
[0.318654] (ros2_interfaces) StdoutLine: {'line': b'[ 74%] Built target ros2_interfaces__rosidl_typesupport_c\n'}
[0.318728] (ros2_interfaces) StdoutLine: {'line': b'[ 83%] Built target ros2_interfaces__rosidl_typesupport_fastrtps_cpp\n'}
[0.339583] (ros2_interfaces) StdoutLine: {'line': b'[ 83%] Built target ros2_interfaces\n'}
[0.365952] (ros2_interfaces) StdoutLine: {'line': b'[ 84%] Built target ros2_interfaces__py\n'}
[0.398479] (ros2_interfaces) StdoutLine: {'line': b'[ 92%] Built target ros2_interfaces__rosidl_generator_py\n'}
[0.399969] (-) TimerEvent: {}
[0.423554] (ros2_interfaces) StdoutLine: {'line': b'[ 95%] Built target ros2_interfaces_s__rosidl_typesupport_c\n'}
[0.424524] (ros2_interfaces) StdoutLine: {'line': b'[ 97%] Built target ros2_interfaces_s__rosidl_typesupport_introspection_c\n'}
[0.426239] (ros2_interfaces) StdoutLine: {'line': b'[100%] Built target ros2_interfaces_s__rosidl_typesupport_fastrtps_c\n'}
[0.459209] (ros2_interfaces) StdoutLine: {'line': b'running egg_info\n'}
[0.471131] (ros2_interfaces) StdoutLine: {'line': b'writing ros2_interfaces.egg-info/PKG-INFO\n'}
[0.471492] (ros2_interfaces) StdoutLine: {'line': b'writing dependency_links to ros2_interfaces.egg-info/dependency_links.txt\n'}
[0.471690] (ros2_interfaces) StdoutLine: {'line': b'writing top-level names to ros2_interfaces.egg-info/top_level.txt\n'}
[0.500041] (-) TimerEvent: {}
[0.507076] (ros2_interfaces) StdoutLine: {'line': b"reading manifest file 'ros2_interfaces.egg-info/SOURCES.txt'\n"}
[0.507764] (ros2_interfaces) StdoutLine: {'line': b"writing manifest file 'ros2_interfaces.egg-info/SOURCES.txt'\n"}
[0.553955] (ros2_interfaces) StdoutLine: {'line': b'[100%] Built target ament_cmake_python_build_ros2_interfaces_egg\n'}
[0.571001] (ros2_interfaces) CommandEnded: {'returncode': 0}
[0.573103] (ros2_interfaces) JobProgress: {'identifier': 'ros2_interfaces', 'progress': 'install'}
[0.583928] (ros2_interfaces) Command: {'cmd': ['/usr/bin/cmake', '--install', '/home/sejong/Desktop/SH_ws/build/ros2_interfaces'], 'cwd': '/home/sejong/Desktop/SH_ws/build/ros2_interfaces', 'env': OrderedDict({'GJS_DEBUG_TOPICS': 'JS ERROR;JS LOG', 'XDG_ACTIVATION_TOKEN': 'gnome-shell/Terminator/3885-0-localhost.localdomain_TIME74155', 'LESSOPEN': '| /usr/bin/lesspipe %s', 'USER': 'sejong', 'GZ_CONFIG_PATH': '/opt/ros/jazzy/opt/sdformat_vendor/share/gz', 'ROS_PACKAGE_PATH': '/home/sejong/Desktop/SH_ws/install/ros2_interfaces/share', 'XDG_SESSION_TYPE': 'x11', 'CLUTTER_DISABLE_MIPMAPPED_TEXT': '1', 'SHLVL': '1', 'LD_LIBRARY_PATH': '/home/sejong/Desktop/SH_ws/install/ros2_interfaces/lib:/opt/ros/jazzy/opt/sdformat_vendor/lib:/opt/ros/jazzy/opt/rviz_ogre_vendor/lib:/opt/ros/jazzy/lib/aarch64-linux-gnu:/opt/ros/jazzy/opt/gz_math_vendor/lib:/opt/ros/jazzy/opt/gz_utils_vendor/lib:/opt/ros/jazzy/opt/gz_tools_vendor/lib:/opt/ros/jazzy/opt/gz_cmake_vendor/lib:/opt/ros/jazzy/lib:/usr/local/cuda-13.2/lib64:', 'HOME': '/home/sejong', 'OLDPWD': '/home/sejong', 'DESKTOP_SESSION': 'ubuntu', 'GIO_LAUNCHED_DESKTOP_FILE': '/usr/share/applications/terminator.desktop', 'ROS_PYTHON_VERSION': '3', 'GNOME_SHELL_SESSION_MODE': 'ubuntu', 'GTK_MODULES': 'gail:atk-bridge', 'MANAGERPID': '3555', 'SYSTEMD_EXEC_PID': '3885', 'GSM_SKIP_SSH_AGENT_WORKAROUND': 'true', 'DBUS_SESSION_BUS_ADDRESS': 'unix:path=/run/user/2001/bus', 'COLORTERM': 'truecolor', 'TERMINATOR_DBUS_NAME': 'net.tenshu.Terminator23558193cd9818af7fe4d2c2f5bd9d00f', 'GIO_LAUNCHED_DESKTOP_FILE_PID': '4892', 'DEBUGINFOD_URLS': 'https://debuginfod.ubuntu.com', 'IM_CONFIG_PHASE': '1', 'COLCON_PREFIX_PATH': '/home/sejong/Desktop/SH_ws/install', 'ROS_DISTRO': 'jazzy', 'LOGNAME': 'sejong', 'JOURNAL_STREAM': '8:54497', '_': '/usr/bin/colcon', 'ROS_VERSION': '2', 'PKG_CONFIG_PATH': '/home/sejong/Desktop/SH_ws/install/ros2_interfaces/lib/aarch64-linux-gnu/pkgconfig:/home/sejong/Desktop/SH_ws/install/ros2_interfaces/lib/pkgconfig', 'XDG_SESSION_CLASS': 'user', 'USERNAME': 'sejong', 'TERM': 'xterm-256color', 'GNOME_DESKTOP_SESSION_ID': 'this-is-deprecated', 'WINDOWPATH': '2', 'PATH': '/home/sejong/.local/bin:/opt/ros/jazzy/opt/gz_tools_vendor/bin:/opt/ros/jazzy/bin:/usr/local/cuda-13.2/bin:/home/sejong/.local/bin:/usr/local/sbin:/usr/local/bin:/usr/sbin:/usr/bin:/sbin:/bin:/usr/games:/usr/local/games:/snap/bin:/snap/bin', 'SESSION_MANAGER': 'local/localhost.localdomain:@/tmp/.ICE-unix/3854,unix/localhost.localdomain:/tmp/.ICE-unix/3854', 'INVOCATION_ID': 'c0f5b2c3a0cb4f21ac79f83a089a761f', 'XDG_MENU_PREFIX': 'gnome-', 'XDG_RUNTIME_DIR': '/run/user/2001', 'DISPLAY': ':1', 'TERMINATOR_DBUS_PATH': '/net/tenshu/Terminator2', 'LANG': 'en_US.UTF-8', 'XDG_CURRENT_DESKTOP': 'ubuntu:GNOME', 'XMODIFIERS': '@im=ibus', 'XDG_SESSION_DESKTOP': 'ubuntu', 'XAUTHORITY': '/run/user/2001/gdm/Xauthority', 'LS_COLORS': 'rs=0:di=01;34:ln=01;36:mh=00:pi=40;33:so=01;35:do=01;35:bd=40;33;01:cd=40;33;01:or=40;31;01:mi=00:su=37;41:sg=30;43:ca=00:tw=30;42:ow=34;42:st=37;44:ex=01;32:*.tar=01;31:*.tgz=01;31:*.arc=01;31:*.arj=01;31:*.taz=01;31:*.lha=01;31:*.lz4=01;31:*.lzh=01;31:*.lzma=01;31:*.tlz=01;31:*.txz=01;31:*.tzo=01;31:*.t7z=01;31:*.zip=01;31:*.z=01;31:*.dz=01;31:*.gz=01;31:*.lrz=01;31:*.lz=01;31:*.lzo=01;31:*.xz=01;31:*.zst=01;31:*.tzst=01;31:*.bz2=01;31:*.bz=01;31:*.tbz=01;31:*.tbz2=01;31:*.tz=01;31:*.deb=01;31:*.rpm=01;31:*.jar=01;31:*.war=01;31:*.ear=01;31:*.sar=01;31:*.rar=01;31:*.alz=01;31:*.ace=01;31:*.zoo=01;31:*.cpio=01;31:*.7z=01;31:*.rz=01;31:*.cab=01;31:*.wim=01;31:*.swm=01;31:*.dwm=01;31:*.esd=01;31:*.avif=01;35:*.jpg=01;35:*.jpeg=01;35:*.mjpg=01;35:*.mjpeg=01;35:*.gif=01;35:*.bmp=01;35:*.pbm=01;35:*.pgm=01;35:*.ppm=01;35:*.tga=01;35:*.xbm=01;35:*.xpm=01;35:*.tif=01;35:*.tiff=01;35:*.png=01;35:*.svg=01;35:*.svgz=01;35:*.mng=01;35:*.pcx=01;35:*.mov=01;35:*.mpg=01;35:*.mpeg=01;35:*.m2v=01;35:*.mkv=01;35:*.webm=01;35:*.webp=01;35:*.ogm=01;35:*.mp4=01;35:*.m4v=01;35:*.mp4v=01;35:*.vob=01;35:*.qt=01;35:*.nuv=01;35:*.wmv=01;35:*.asf=01;35:*.rm=01;35:*.rmvb=01;35:*.flc=01;35:*.avi=01;35:*.fli=01;35:*.flv=01;35:*.gl=01;35:*.dl=01;35:*.xcf=01;35:*.xwd=01;35:*.yuv=01;35:*.cgm=01;35:*.emf=01;35:*.ogv=01;35:*.ogx=01;35:*.aac=00;36:*.au=00;36:*.flac=00;36:*.m4a=00;36:*.mid=00;36:*.midi=00;36:*.mka=00;36:*.mp3=00;36:*.mpc=00;36:*.ogg=00;36:*.ra=00;36:*.wav=00;36:*.oga=00;36:*.opus=00;36:*.spx=00;36:*.xspf=00;36:*~=00;90:*#=00;90:*.bak=00;90:*.crdownload=00;90:*.dpkg-dist=00;90:*.dpkg-new=00;90:*.dpkg-old=00;90:*.dpkg-tmp=00;90:*.old=00;90:*.orig=00;90:*.part=00;90:*.rej=00;90:*.rpmnew=00;90:*.rpmorig=00;90:*.rpmsave=00;90:*.swp=00;90:*.tmp=00;90:*.ucf-dist=00;90:*.ucf-new=00;90:*.ucf-old=00;90:', 'SSH_AUTH_SOCK': '/run/user/2001/keyring/ssh', 'AMENT_PREFIX_PATH': '/home/sejong/Desktop/SH_ws/install/sh_motion_demo:/home/sejong/Desktop/SH_ws/install/sh_motion_cpp:/home/sejong/Desktop/SH_ws/install/SH_moveit_limit_config:/home/sejong/Desktop/SH_ws/install/SH_moveit_head_config:/home/sejong/Desktop/SH_ws/install/SH_moveit_demo_config:/home/sejong/Desktop/SH_ws/install/SH_moveit_config:/home/sejong/Desktop/SH_ws/install/SH_Humanoid_description:/opt/ros/jazzy', 'SHELL': '/bin/bash', 'TERMINATOR_UUID': 'urn:uuid:ad64abfb-00cc-44da-b49f-ecb082c818b8', 'QT_ACCESSIBILITY': '1', 'GDMSESSION': 'ubuntu', 'LESSCLOSE': '/usr/bin/lesspipe %s %s', 'GPG_AGENT_INFO': '/run/user/2001/gnupg/S.gpg-agent:0:1', 'GJS_DEBUG_OUTPUT': 'stderr', 'ROS_AUTOMATIC_DISCOVERY_RANGE': 'SUBNET', 'QT_IM_MODULE': 'ibus', 'PWD': '/home/sejong/Desktop/SH_ws/build/ros2_interfaces', 'XDG_CONFIG_DIRS': '/etc/xdg/xdg-ubuntu:/etc/xdg', 'XDG_DATA_DIRS': '/usr/share/ubuntu:/usr/share/gnome:/usr/local/share/:/usr/share/:/var/lib/snapd/desktop', 'PYTHONPATH': '/home/sejong/Desktop/SH_ws/install/sh_motion_demo/lib/python3.12/site-packages:/home/sejong/Desktop/SH_ws/install/ros2_interfaces/lib/python3.12/site-packages:/home/sejong/Desktop/SH_ws/install/SH_Humanoid_description/lib/python3.12/site-packages:/opt/ros/jazzy/lib/python3.12/site-packages', 'COLCON': '1', 'VTE_VERSION': '7600', 'CMAKE_PREFIX_PATH': '/home/sejong/Desktop/SH_ws/install/sh_motion_cpp:/home/sejong/Desktop/SH_ws/install/ros2_interfaces:/home/sejong/Desktop/SH_ws/install/SH_moveit_limit_config:/home/sejong/Desktop/SH_ws/install/SH_moveit_head_config:/home/sejong/Desktop/SH_ws/install/SH_moveit_demo_config:/home/sejong/Desktop/SH_ws/install/SH_moveit_config:/opt/ros/jazzy/opt/sdformat_vendor:/opt/ros/jazzy/opt/gz_math_vendor:/opt/ros/jazzy/opt/gz_utils_vendor:/opt/ros/jazzy/opt/gz_tools_vendor:/opt/ros/jazzy/opt/gz_cmake_vendor'}), 'shell': False}
[0.593437] (ros2_interfaces) StdoutLine: {'line': b'-- Install configuration: ""\n'}
[0.593646] (ros2_interfaces) StdoutLine: {'line': b'-- Up-to-date: /home/sejong/Desktop/SH_ws/install/ros2_interfaces/share/ament_index/resource_index/rosidl_interfaces/ros2_interfaces\n'}
[0.593728] (ros2_interfaces) StdoutLine: {'line': b'-- Up-to-date: /home/sejong/Desktop/SH_ws/install/ros2_interfaces/share/ros2_interfaces/msg/UpperBodyCommand.json\n'}
[0.593802] (ros2_interfaces) StdoutLine: {'line': b'-- Up-to-date: /home/sejong/Desktop/SH_ws/install/ros2_interfaces/share/ros2_interfaces/msg/UpperBodySystemState.json\n'}
[0.593872] (ros2_interfaces) StdoutLine: {'line': b'-- Up-to-date: /home/sejong/Desktop/SH_ws/install/ros2_interfaces/share/ros2_interfaces/msg/UpperMotorState.json\n'}
[0.593944] (ros2_interfaces) StdoutLine: {'line': b'-- Up-to-date: /home/sejong/Desktop/SH_ws/install/ros2_interfaces/share/ros2_interfaces/srv/EnableMotors.json\n'}
[0.594013] (ros2_interfaces) StdoutLine: {'line': b'-- Up-to-date: /home/sejong/Desktop/SH_ws/install/ros2_interfaces/share/ros2_interfaces/srv/SetRunMode.json\n'}
[0.594083] (ros2_interfaces) StdoutLine: {'line': b'-- Up-to-date: /home/sejong/Desktop/SH_ws/install/ros2_interfaces/share/ros2_interfaces/srv/SimpleMotorResult.json\n'}
[0.594152] (ros2_interfaces) StdoutLine: {'line': b'-- Up-to-date: /home/sejong/Desktop/SH_ws/install/ros2_interfaces/include/ros2_interfaces/ros2_interfaces\n'}
[0.594221] (ros2_interfaces) StdoutLine: {'line': b'-- Up-to-date: /home/sejong/Desktop/SH_ws/install/ros2_interfaces/include/ros2_interfaces/ros2_interfaces/srv\n'}
[0.594291] (ros2_interfaces) StdoutLine: {'line': b'-- Up-to-date: /home/sejong/Desktop/SH_ws/install/ros2_interfaces/include/ros2_interfaces/ros2_interfaces/srv/set_run_mode.h\n'}
[0.594363] (ros2_interfaces) StdoutLine: {'line': b'-- Up-to-date: /home/sejong/Desktop/SH_ws/install/ros2_interfaces/include/ros2_interfaces/ros2_interfaces/srv/simple_motor_result.h\n'}
[0.594434] (ros2_interfaces) StdoutLine: {'line': b'-- Up-to-date: /home/sejong/Desktop/SH_ws/install/ros2_interfaces/include/ros2_interfaces/ros2_interfaces/srv/detail\n'}
[0.594504] (ros2_interfaces) StdoutLine: {'line': b'-- Up-to-date: /home/sejong/Desktop/SH_ws/install/ros2_interfaces/include/ros2_interfaces/ros2_interfaces/srv/detail/set_run_mode__struct.h\n'}
[0.594574] (ros2_interfaces) StdoutLine: {'line': b'-- Up-to-date: /home/sejong/Desktop/SH_ws/install/ros2_interfaces/include/ros2_interfaces/ros2_interfaces/srv/detail/simple_motor_result__description.c\n'}
[0.594661] (ros2_interfaces) StdoutLine: {'line': b'-- Up-to-date: /home/sejong/Desktop/SH_ws/install/ros2_interfaces/include/ros2_interfaces/ros2_interfaces/srv/detail/simple_motor_result__functions.c\n'}
[0.594730] (ros2_interfaces) StdoutLine: {'line': b'-- Up-to-date: /home/sejong/Desktop/SH_ws/install/ros2_interfaces/include/ros2_interfaces/ros2_interfaces/srv/detail/set_run_mode__type_support.c\n'}
[0.595099] (ros2_interfaces) StdoutLine: {'line': b'-- Up-to-date: /home/sejong/Desktop/SH_ws/install/ros2_interfaces/include/ros2_interfaces/ros2_interfaces/srv/detail/enable_motors__description.c\n'}
[0.595290] (ros2_interfaces) StdoutLine: {'line': b'-- Up-to-date: /home/sejong/Desktop/SH_ws/install/ros2_interfaces/include/ros2_interfaces/ros2_interfaces/srv/detail/simple_motor_result__functions.h\n'}
[0.595361] (ros2_interfaces) StdoutLine: {'line': b'-- Up-to-date: /home/sejong/Desktop/SH_ws/install/ros2_interfaces/include/ros2_interfaces/ros2_interfaces/srv/detail/enable_motors__type_support.h\n'}
[0.595483] (ros2_interfaces) StdoutLine: {'line': b'-- Up-to-date: /home/sejong/Desktop/SH_ws/install/ros2_interfaces/include/ros2_interfaces/ros2_interfaces/srv/detail/enable_motors__functions.c\n'}
[0.595637] (ros2_interfaces) StdoutLine: {'line': b'-- Up-to-date: /home/sejong/Desktop/SH_ws/install/ros2_interfaces/include/ros2_interfaces/ros2_interfaces/srv/detail/set_run_mode__type_support.h\n'}
[0.595767] (ros2_interfaces) StdoutLine: {'line': b'-- Up-to-date: /home/sejong/Desktop/SH_ws/install/ros2_interfaces/include/ros2_interfaces/ros2_interfaces/srv/detail/set_run_mode__functions.c\n'}
[0.595928] (ros2_interfaces) StdoutLine: {'line': b'-- Up-to-date: /home/sejong/Desktop/SH_ws/install/ros2_interfaces/include/ros2_interfaces/ros2_interfaces/srv/detail/enable_motors__type_support.c\n'}
[0.596050] (ros2_interfaces) StdoutLine: {'line': b'-- Up-to-date: /home/sejong/Desktop/SH_ws/install/ros2_interfaces/include/ros2_interfaces/ros2_interfaces/srv/detail/set_run_mode__functions.h\n'}
[0.596170] (ros2_interfaces) StdoutLine: {'line': b'-- Up-to-date: /home/sejong/Desktop/SH_ws/install/ros2_interfaces/include/ros2_interfaces/ros2_interfaces/srv/detail/simple_motor_result__type_support.c\n'}
[0.596312] (ros2_interfaces) StdoutLine: {'line': b'-- Up-to-date: /home/sejong/Desktop/SH_ws/install/ros2_interfaces/include/ros2_interfaces/ros2_interfaces/srv/detail/simple_motor_result__type_support.h\n'}
[0.596430] (ros2_interfaces) StdoutLine: {'line': b'-- Up-to-date: /home/sejong/Desktop/SH_ws/install/ros2_interfaces/include/ros2_interfaces/ros2_interfaces/srv/detail/simple_motor_result__struct.h\n'}
[0.596545] (ros2_interfaces) StdoutLine: {'line': b'-- Up-to-date: /home/sejong/Desktop/SH_ws/install/ros2_interfaces/include/ros2_interfaces/ros2_interfaces/srv/detail/set_run_mode__description.c\n'}
[0.596658] (ros2_interfaces) StdoutLine: {'line': b'-- Up-to-date: /home/sejong/Desktop/SH_ws/install/ros2_interfaces/include/ros2_interfaces/ros2_interfaces/srv/detail/enable_motors__struct.h\n'}
[0.596770] (ros2_interfaces) StdoutLine: {'line': b'-- Up-to-date: /home/sejong/Desktop/SH_ws/install/ros2_interfaces/include/ros2_interfaces/ros2_interfaces/srv/detail/enable_motors__functions.h\n'}
[0.596882] (ros2_interfaces) StdoutLine: {'line': b'-- Up-to-date: /home/sejong/Desktop/SH_ws/install/ros2_interfaces/include/ros2_interfaces/ros2_interfaces/srv/enable_motors.h\n'}
[0.596995] (ros2_interfaces) StdoutLine: {'line': b'-- Up-to-date: /home/sejong/Desktop/SH_ws/install/ros2_interfaces/include/ros2_interfaces/ros2_interfaces/msg\n'}
[0.597109] (ros2_interfaces) StdoutLine: {'line': b'-- Up-to-date: /home/sejong/Desktop/SH_ws/install/ros2_interfaces/include/ros2_interfaces/ros2_interfaces/msg/upper_motor_state.h\n'}
[0.597223] (ros2_interfaces) StdoutLine: {'line': b'-- Up-to-date: /home/sejong/Desktop/SH_ws/install/ros2_interfaces/include/ros2_interfaces/ros2_interfaces/msg/rosidl_generator_c__visibility_control.h\n'}
[0.597337] (ros2_interfaces) StdoutLine: {'line': b'-- Up-to-date: /home/sejong/Desktop/SH_ws/install/ros2_interfaces/include/ros2_interfaces/ros2_interfaces/msg/upper_body_system_state.h\n'}
[0.597456] (ros2_interfaces) StdoutLine: {'line': b'-- Up-to-date: /home/sejong/Desktop/SH_ws/install/ros2_interfaces/include/ros2_interfaces/ros2_interfaces/msg/detail\n'}
[0.597565] (ros2_interfaces) StdoutLine: {'line': b'-- Up-to-date: /home/sejong/Desktop/SH_ws/install/ros2_interfaces/include/ros2_interfaces/ros2_interfaces/msg/detail/upper_body_command__type_support.h\n'}
[0.597674] (ros2_interfaces) StdoutLine: {'line': b'-- Up-to-date: /home/sejong/Desktop/SH_ws/install/ros2_interfaces/include/ros2_interfaces/ros2_interfaces/msg/detail/upper_body_command__description.c\n'}
[0.597788] (ros2_interfaces) StdoutLine: {'line': b'-- Up-to-date: /home/sejong/Desktop/SH_ws/install/ros2_interfaces/include/ros2_interfaces/ros2_interfaces/msg/detail/upper_motor_state__functions.c\n'}
[0.597904] (ros2_interfaces) StdoutLine: {'line': b'-- Up-to-date: /home/sejong/Desktop/SH_ws/install/ros2_interfaces/include/ros2_interfaces/ros2_interfaces/msg/detail/upper_body_system_state__description.c\n'}
[0.598017] (ros2_interfaces) StdoutLine: {'line': b'-- Up-to-date: /home/sejong/Desktop/SH_ws/install/ros2_interfaces/include/ros2_interfaces/ros2_interfaces/msg/detail/upper_motor_state__type_support.c\n'}
[0.598132] (ros2_interfaces) StdoutLine: {'line': b'-- Up-to-date: /home/sejong/Desktop/SH_ws/install/ros2_interfaces/include/ros2_interfaces/ros2_interfaces/msg/detail/upper_motor_state__type_support.h\n'}
[0.598244] (ros2_interfaces) StdoutLine: {'line': b'-- Up-to-date: /home/sejong/Desktop/SH_ws/install/ros2_interfaces/include/ros2_interfaces/ros2_interfaces/msg/detail/upper_body_command__functions.c\n'}
[0.598359] (ros2_interfaces) StdoutLine: {'line': b'-- Up-to-date: /home/sejong/Desktop/SH_ws/install/ros2_interfaces/include/ros2_interfaces/ros2_interfaces/msg/detail/upper_motor_state__functions.h\n'}
[0.598474] (ros2_interfaces) StdoutLine: {'line': b'-- Up-to-date: /home/sejong/Desktop/SH_ws/install/ros2_interfaces/include/ros2_interfaces/ros2_interfaces/msg/detail/upper_body_system_state__functions.h\n'}
[0.598588] (ros2_interfaces) StdoutLine: {'line': b'-- Up-to-date: /home/sejong/Desktop/SH_ws/install/ros2_interfaces/include/ros2_interfaces/ros2_interfaces/msg/detail/upper_body_system_state__type_support.c\n'}
[0.598704] (ros2_interfaces) StdoutLine: {'line': b'-- Up-to-date: /home/sejong/Desktop/SH_ws/install/ros2_interfaces/include/ros2_interfaces/ros2_interfaces/msg/detail/upper_body_system_state__functions.c\n'}
[0.598817] (ros2_interfaces) StdoutLine: {'line': b'-- Up-to-date: /home/sejong/Desktop/SH_ws/install/ros2_interfaces/include/ros2_interfaces/ros2_interfaces/msg/detail/upper_body_system_state__struct.h\n'}
[0.598930] (ros2_interfaces) StdoutLine: {'line': b'-- Up-to-date: /home/sejong/Desktop/SH_ws/install/ros2_interfaces/include/ros2_interfaces/ros2_interfaces/msg/detail/upper_motor_state__description.c\n'}
[0.599058] (ros2_interfaces) StdoutLine: {'line': b'-- Up-to-date: /home/sejong/Desktop/SH_ws/install/ros2_interfaces/include/ros2_interfaces/ros2_interfaces/msg/detail/upper_body_command__functions.h\n'}
[0.599171] (ros2_interfaces) StdoutLine: {'line': b'-- Up-to-date: /home/sejong/Desktop/SH_ws/install/ros2_interfaces/include/ros2_interfaces/ros2_interfaces/msg/detail/upper_motor_state__struct.h\n'}
[0.599527] (ros2_interfaces) StdoutLine: {'line': b'-- Up-to-date: /home/sejong/Desktop/SH_ws/install/ros2_interfaces/include/ros2_interfaces/ros2_interfaces/msg/detail/upper_body_system_state__type_support.h\n'}
[0.599658] (ros2_interfaces) StdoutLine: {'line': b'-- Up-to-date: /home/sejong/Desktop/SH_ws/install/ros2_interfaces/include/ros2_interfaces/ros2_interfaces/msg/detail/upper_body_command__struct.h\n'}
[0.599776] (ros2_interfaces) StdoutLine: {'line': b'-- Up-to-date: /home/sejong/Desktop/SH_ws/install/ros2_interfaces/include/ros2_interfaces/ros2_interfaces/msg/detail/upper_body_command__type_support.c\n'}
[0.599892] (ros2_interfaces) StdoutLine: {'line': b'-- Up-to-date: /home/sejong/Desktop/SH_ws/install/ros2_interfaces/include/ros2_interfaces/ros2_interfaces/msg/upper_body_command.h\n'}
[0.619839] (-) TimerEvent: {}
[0.620351] (ros2_interfaces) StdoutLine: {'line': b'-- Up-to-date: /home/sejong/Desktop/SH_ws/install/ros2_interfaces/share/ros2_interfaces/environment/library_path.sh\n'}
[0.620503] (ros2_interfaces) StdoutLine: {'line': b'-- Up-to-date: /home/sejong/Desktop/SH_ws/install/ros2_interfaces/share/ros2_interfaces/environment/library_path.dsv\n'}
[0.620614] (ros2_interfaces) StdoutLine: {'line': b'-- Up-to-date: /home/sejong/Desktop/SH_ws/install/ros2_interfaces/lib/libros2_interfaces__rosidl_generator_c.so\n'}
[0.620717] (ros2_interfaces) StdoutLine: {'line': b'-- Up-to-date: /home/sejong/Desktop/SH_ws/install/ros2_interfaces/include/ros2_interfaces/ros2_interfaces\n'}
[0.620822] (ros2_interfaces) StdoutLine: {'line': b'-- Up-to-date: /home/sejong/Desktop/SH_ws/install/ros2_interfaces/include/ros2_interfaces/ros2_interfaces/srv\n'}
[0.620925] (ros2_interfaces) StdoutLine: {'line': b'-- Up-to-date: /home/sejong/Desktop/SH_ws/install/ros2_interfaces/include/ros2_interfaces/ros2_interfaces/srv/detail\n'}
[0.621026] (ros2_interfaces) StdoutLine: {'line': b'-- Up-to-date: /home/sejong/Desktop/SH_ws/install/ros2_interfaces/include/ros2_interfaces/ros2_interfaces/srv/detail/simple_motor_result__rosidl_typesupport_fastrtps_c.h\n'}
[0.621132] (ros2_interfaces) StdoutLine: {'line': b'-- Up-to-date: /home/sejong/Desktop/SH_ws/install/ros2_interfaces/include/ros2_interfaces/ros2_interfaces/srv/detail/enable_motors__rosidl_typesupport_fastrtps_c.h\n'}
[0.621236] (ros2_interfaces) StdoutLine: {'line': b'-- Up-to-date: /home/sejong/Desktop/SH_ws/install/ros2_interfaces/include/ros2_interfaces/ros2_interfaces/srv/detail/set_run_mode__rosidl_typesupport_fastrtps_c.h\n'}
[0.621341] (ros2_interfaces) StdoutLine: {'line': b'-- Up-to-date: /home/sejong/Desktop/SH_ws/install/ros2_interfaces/include/ros2_interfaces/ros2_interfaces/msg\n'}
[0.621443] (ros2_interfaces) StdoutLine: {'line': b'-- Up-to-date: /home/sejong/Desktop/SH_ws/install/ros2_interfaces/include/ros2_interfaces/ros2_interfaces/msg/rosidl_typesupport_fastrtps_c__visibility_control.h\n'}
[0.621549] (ros2_interfaces) StdoutLine: {'line': b'-- Up-to-date: /home/sejong/Desktop/SH_ws/install/ros2_interfaces/include/ros2_interfaces/ros2_interfaces/msg/detail\n'}
[0.621652] (ros2_interfaces) StdoutLine: {'line': b'-- Up-to-date: /home/sejong/Desktop/SH_ws/install/ros2_interfaces/include/ros2_interfaces/ros2_interfaces/msg/detail/upper_body_command__rosidl_typesupport_fastrtps_c.h\n'}
[0.621755] (ros2_interfaces) StdoutLine: {'line': b'-- Up-to-date: /home/sejong/Desktop/SH_ws/install/ros2_interfaces/include/ros2_interfaces/ros2_interfaces/msg/detail/upper_body_system_state__rosidl_typesupport_fastrtps_c.h\n'}
[0.621869] (ros2_interfaces) StdoutLine: {'line': b'-- Up-to-date: /home/sejong/Desktop/SH_ws/install/ros2_interfaces/include/ros2_interfaces/ros2_interfaces/msg/detail/upper_motor_state__rosidl_typesupport_fastrtps_c.h\n'}
[0.621971] (ros2_interfaces) StdoutLine: {'line': b'-- Up-to-date: /home/sejong/Desktop/SH_ws/install/ros2_interfaces/lib/libros2_interfaces__rosidl_typesupport_fastrtps_c.so\n'}
[0.622073] (ros2_interfaces) StdoutLine: {'line': b'-- Up-to-date: /home/sejong/Desktop/SH_ws/install/ros2_interfaces/include/ros2_interfaces/ros2_interfaces\n'}
[0.622175] (ros2_interfaces) StdoutLine: {'line': b'-- Up-to-date: /home/sejong/Desktop/SH_ws/install/ros2_interfaces/include/ros2_interfaces/ros2_interfaces/srv\n'}
[0.622281] (ros2_interfaces) StdoutLine: {'line': b'-- Up-to-date: /home/sejong/Desktop/SH_ws/install/ros2_interfaces/include/ros2_interfaces/ros2_interfaces/srv/detail\n'}
[0.622383] (ros2_interfaces) StdoutLine: {'line': b'-- Up-to-date: /home/sejong/Desktop/SH_ws/install/ros2_interfaces/include/ros2_interfaces/ros2_interfaces/srv/detail/set_run_mode__rosidl_typesupport_introspection_c.h\n'}
[0.622485] (ros2_interfaces) StdoutLine: {'line': b'-- Up-to-date: /home/sejong/Desktop/SH_ws/install/ros2_interfaces/include/ros2_interfaces/ros2_interfaces/srv/detail/set_run_mode__type_support.c\n'}
[0.622593] (ros2_interfaces) StdoutLine: {'line': b'-- Up-to-date: /home/sejong/Desktop/SH_ws/install/ros2_interfaces/include/ros2_interfaces/ros2_interfaces/srv/detail/enable_motors__rosidl_typesupport_introspection_c.h\n'}
[0.622704] (ros2_interfaces) StdoutLine: {'line': b'-- Up-to-date: /home/sejong/Desktop/SH_ws/install/ros2_interfaces/include/ros2_interfaces/ros2_interfaces/srv/detail/simple_motor_result__rosidl_typesupport_introspection_c.h\n'}
[0.622822] (ros2_interfaces) StdoutLine: {'line': b'-- Up-to-date: /home/sejong/Desktop/SH_ws/install/ros2_interfaces/include/ros2_interfaces/ros2_interfaces/srv/detail/enable_motors__type_support.c\n'}
[0.622953] (ros2_interfaces) StdoutLine: {'line': b'-- Up-to-date: /home/sejong/Desktop/SH_ws/install/ros2_interfaces/include/ros2_interfaces/ros2_interfaces/srv/detail/simple_motor_result__type_support.c\n'}
[0.623076] (ros2_interfaces) StdoutLine: {'line': b'-- Up-to-date: /home/sejong/Desktop/SH_ws/install/ros2_interfaces/include/ros2_interfaces/ros2_interfaces/msg\n'}
[0.623197] (ros2_interfaces) StdoutLine: {'line': b'-- Up-to-date: /home/sejong/Desktop/SH_ws/install/ros2_interfaces/include/ros2_interfaces/ros2_interfaces/msg/rosidl_typesupport_introspection_c__visibility_control.h\n'}
[0.623319] (ros2_interfaces) StdoutLine: {'line': b'-- Up-to-date: /home/sejong/Desktop/SH_ws/install/ros2_interfaces/include/ros2_interfaces/ros2_interfaces/msg/detail\n'}
[0.623461] (ros2_interfaces) StdoutLine: {'line': b'-- Up-to-date: /home/sejong/Desktop/SH_ws/install/ros2_interfaces/include/ros2_interfaces/ros2_interfaces/msg/detail/upper_body_command__rosidl_typesupport_introspection_c.h\n'}
[0.623586] (ros2_interfaces) StdoutLine: {'line': b'-- Up-to-date: /home/sejong/Desktop/SH_ws/install/ros2_interfaces/include/ros2_interfaces/ros2_interfaces/msg/detail/upper_motor_state__type_support.c\n'}
[0.623706] (ros2_interfaces) StdoutLine: {'line': b'-- Up-to-date: /home/sejong/Desktop/SH_ws/install/ros2_interfaces/include/ros2_interfaces/ros2_interfaces/msg/detail/upper_body_system_state__rosidl_typesupport_introspection_c.h\n'}
[0.623828] (ros2_interfaces) StdoutLine: {'line': b'-- Up-to-date: /home/sejong/Desktop/SH_ws/install/ros2_interfaces/include/ros2_interfaces/ros2_interfaces/msg/detail/upper_body_system_state__type_support.c\n'}
[0.623947] (ros2_interfaces) StdoutLine: {'line': b'-- Up-to-date: /home/sejong/Desktop/SH_ws/install/ros2_interfaces/include/ros2_interfaces/ros2_interfaces/msg/detail/upper_motor_state__rosidl_typesupport_introspection_c.h\n'}
[0.624065] (ros2_interfaces) StdoutLine: {'line': b'-- Up-to-date: /home/sejong/Desktop/SH_ws/install/ros2_interfaces/include/ros2_interfaces/ros2_interfaces/msg/detail/upper_body_command__type_support.c\n'}
[0.624185] (ros2_interfaces) StdoutLine: {'line': b'-- Up-to-date: /home/sejong/Desktop/SH_ws/install/ros2_interfaces/lib/libros2_interfaces__rosidl_typesupport_introspection_c.so\n'}
[0.624305] (ros2_interfaces) StdoutLine: {'line': b'-- Up-to-date: /home/sejong/Desktop/SH_ws/install/ros2_interfaces/lib/libros2_interfaces__rosidl_typesupport_c.so\n'}
[0.624425] (ros2_interfaces) StdoutLine: {'line': b'-- Up-to-date: /home/sejong/Desktop/SH_ws/install/ros2_interfaces/include/ros2_interfaces/ros2_interfaces\n'}
[0.624545] (ros2_interfaces) StdoutLine: {'line': b'-- Up-to-date: /home/sejong/Desktop/SH_ws/install/ros2_interfaces/include/ros2_interfaces/ros2_interfaces/srv\n'}
[0.624663] (ros2_interfaces) StdoutLine: {'line': b'-- Up-to-date: /home/sejong/Desktop/SH_ws/install/ros2_interfaces/include/ros2_interfaces/ros2_interfaces/srv/set_run_mode.hpp\n'}
[0.624780] (ros2_interfaces) StdoutLine: {'line': b'-- Up-to-date: /home/sejong/Desktop/SH_ws/install/ros2_interfaces/include/ros2_interfaces/ros2_interfaces/srv/detail\n'}
[0.624899] (ros2_interfaces) StdoutLine: {'line': b'-- Up-to-date: /home/sejong/Desktop/SH_ws/install/ros2_interfaces/include/ros2_interfaces/ros2_interfaces/srv/detail/enable_motors__traits.hpp\n'}
[0.625030] (ros2_interfaces) StdoutLine: {'line': b'-- Up-to-date: /home/sejong/Desktop/SH_ws/install/ros2_interfaces/include/ros2_interfaces/ros2_interfaces/srv/detail/simple_motor_result__traits.hpp\n'}
[0.625149] (ros2_interfaces) StdoutLine: {'line': b'-- Up-to-date: /home/sejong/Desktop/SH_ws/install/ros2_interfaces/include/ros2_interfaces/ros2_interfaces/srv/detail/set_run_mode__traits.hpp\n'}
[0.625268] (ros2_interfaces) StdoutLine: {'line': b'-- Up-to-date: /home/sejong/Desktop/SH_ws/install/ros2_interfaces/include/ros2_interfaces/ros2_interfaces/srv/detail/set_run_mode__struct.hpp\n'}
[0.625385] (ros2_interfaces) StdoutLine: {'line': b'-- Up-to-date: /home/sejong/Desktop/SH_ws/install/ros2_interfaces/include/ros2_interfaces/ros2_interfaces/srv/detail/simple_motor_result__struct.hpp\n'}
[0.625504] (ros2_interfaces) StdoutLine: {'line': b'-- Up-to-date: /home/sejong/Desktop/SH_ws/install/ros2_interfaces/include/ros2_interfaces/ros2_interfaces/srv/detail/set_run_mode__builder.hpp\n'}
[0.625623] (ros2_interfaces) StdoutLine: {'line': b'-- Up-to-date: /home/sejong/Desktop/SH_ws/install/ros2_interfaces/include/ros2_interfaces/ros2_interfaces/srv/detail/enable_motors__type_support.hpp\n'}
[0.625741] (ros2_interfaces) StdoutLine: {'line': b'-- Up-to-date: /home/sejong/Desktop/SH_ws/install/ros2_interfaces/include/ros2_interfaces/ros2_interfaces/srv/detail/enable_motors__builder.hpp\n'}
[0.625858] (ros2_interfaces) StdoutLine: {'line': b'-- Up-to-date: /home/sejong/Desktop/SH_ws/install/ros2_interfaces/include/ros2_interfaces/ros2_interfaces/srv/detail/set_run_mode__type_support.hpp\n'}
[0.625977] (ros2_interfaces) StdoutLine: {'line': b'-- Up-to-date: /home/sejong/Desktop/SH_ws/install/ros2_interfaces/include/ros2_interfaces/ros2_interfaces/srv/detail/enable_motors__struct.hpp\n'}
[0.626095] (ros2_interfaces) StdoutLine: {'line': b'-- Up-to-date: /home/sejong/Desktop/SH_ws/install/ros2_interfaces/include/ros2_interfaces/ros2_interfaces/srv/detail/simple_motor_result__builder.hpp\n'}
[0.626214] (ros2_interfaces) StdoutLine: {'line': b'-- Up-to-date: /home/sejong/Desktop/SH_ws/install/ros2_interfaces/include/ros2_interfaces/ros2_interfaces/srv/detail/simple_motor_result__type_support.hpp\n'}
[0.626345] (ros2_interfaces) StdoutLine: {'line': b'-- Up-to-date: /home/sejong/Desktop/SH_ws/install/ros2_interfaces/include/ros2_interfaces/ros2_interfaces/srv/enable_motors.hpp\n'}
[0.626465] (ros2_interfaces) StdoutLine: {'line': b'-- Up-to-date: /home/sejong/Desktop/SH_ws/install/ros2_interfaces/include/ros2_interfaces/ros2_interfaces/srv/simple_motor_result.hpp\n'}
[0.626583] (ros2_interfaces) StdoutLine: {'line': b'-- Up-to-date: /home/sejong/Desktop/SH_ws/install/ros2_interfaces/include/ros2_interfaces/ros2_interfaces/msg\n'}
[0.626703] (ros2_interfaces) StdoutLine: {'line': b'-- Up-to-date: /home/sejong/Desktop/SH_ws/install/ros2_interfaces/include/ros2_interfaces/ros2_interfaces/msg/upper_body_system_state.hpp\n'}
[0.626822] (ros2_interfaces) StdoutLine: {'line': b'-- Up-to-date: /home/sejong/Desktop/SH_ws/install/ros2_interfaces/include/ros2_interfaces/ros2_interfaces/msg/rosidl_generator_cpp__visibility_control.hpp\n'}
[0.626941] (ros2_interfaces) StdoutLine: {'line': b'-- Up-to-date: /home/sejong/Desktop/SH_ws/install/ros2_interfaces/include/ros2_interfaces/ros2_interfaces/msg/detail\n'}
[0.627059] (ros2_interfaces) StdoutLine: {'line': b'-- Up-to-date: /home/sejong/Desktop/SH_ws/install/ros2_interfaces/include/ros2_interfaces/ros2_interfaces/msg/detail/upper_motor_state__type_support.hpp\n'}
[0.627177] (ros2_interfaces) StdoutLine: {'line': b'-- Up-to-date: /home/sejong/Desktop/SH_ws/install/ros2_interfaces/include/ros2_interfaces/ros2_interfaces/msg/detail/upper_body_system_state__traits.hpp\n'}
[0.627298] (ros2_interfaces) StdoutLine: {'line': b'-- Up-to-date: /home/sejong/Desktop/SH_ws/install/ros2_interfaces/include/ros2_interfaces/ros2_interfaces/msg/detail/upper_body_command__traits.hpp\n'}
[0.627424] (ros2_interfaces) StdoutLine: {'line': b'-- Up-to-date: /home/sejong/Desktop/SH_ws/install/ros2_interfaces/include/ros2_interfaces/ros2_interfaces/msg/detail/upper_body_system_state__builder.hpp\n'}
[0.627553] (ros2_interfaces) StdoutLine: {'line': b'-- Up-to-date: /home/sejong/Desktop/SH_ws/install/ros2_interfaces/include/ros2_interfaces/ros2_interfaces/msg/detail/upper_body_command__struct.hpp\n'}
[0.627673] (ros2_interfaces) StdoutLine: {'line': b'-- Up-to-date: /home/sejong/Desktop/SH_ws/install/ros2_interfaces/include/ros2_interfaces/ros2_interfaces/msg/detail/upper_motor_state__builder.hpp\n'}
[0.627793] (ros2_interfaces) StdoutLine: {'line': b'-- Up-to-date: /home/sejong/Desktop/SH_ws/install/ros2_interfaces/include/ros2_interfaces/ros2_interfaces/msg/detail/upper_motor_state__traits.hpp\n'}
[0.627914] (ros2_interfaces) StdoutLine: {'line': b'-- Up-to-date: /home/sejong/Desktop/SH_ws/install/ros2_interfaces/include/ros2_interfaces/ros2_interfaces/msg/detail/upper_body_command__builder.hpp\n'}
[0.628029] (ros2_interfaces) StdoutLine: {'line': b'-- Up-to-date: /home/sejong/Desktop/SH_ws/install/ros2_interfaces/include/ros2_interfaces/ros2_interfaces/msg/detail/upper_body_system_state__type_support.hpp\n'}
[0.628141] (ros2_interfaces) StdoutLine: {'line': b'-- Up-to-date: /home/sejong/Desktop/SH_ws/install/ros2_interfaces/include/ros2_interfaces/ros2_interfaces/msg/detail/upper_body_command__type_support.hpp\n'}
[0.628253] (ros2_interfaces) StdoutLine: {'line': b'-- Up-to-date: /home/sejong/Desktop/SH_ws/install/ros2_interfaces/include/ros2_interfaces/ros2_interfaces/msg/detail/upper_motor_state__struct.hpp\n'}
[0.628359] (ros2_interfaces) StdoutLine: {'line': b'-- Up-to-date: /home/sejong/Desktop/SH_ws/install/ros2_interfaces/include/ros2_interfaces/ros2_interfaces/msg/detail/upper_body_system_state__struct.hpp\n'}
[0.628464] (ros2_interfaces) StdoutLine: {'line': b'-- Up-to-date: /home/sejong/Desktop/SH_ws/install/ros2_interfaces/include/ros2_interfaces/ros2_interfaces/msg/upper_motor_state.hpp\n'}
[0.628571] (ros2_interfaces) StdoutLine: {'line': b'-- Up-to-date: /home/sejong/Desktop/SH_ws/install/ros2_interfaces/include/ros2_interfaces/ros2_interfaces/msg/upper_body_command.hpp\n'}
[0.628678] (ros2_interfaces) StdoutLine: {'line': b'-- Up-to-date: /home/sejong/Desktop/SH_ws/install/ros2_interfaces/include/ros2_interfaces/ros2_interfaces\n'}
[0.628787] (ros2_interfaces) StdoutLine: {'line': b'-- Up-to-date: /home/sejong/Desktop/SH_ws/install/ros2_interfaces/include/ros2_interfaces/ros2_interfaces/srv\n'}
[0.628896] (ros2_interfaces) StdoutLine: {'line': b'-- Up-to-date: /home/sejong/Desktop/SH_ws/install/ros2_interfaces/include/ros2_interfaces/ros2_interfaces/srv/detail\n'}
[0.629004] (ros2_interfaces) StdoutLine: {'line': b'-- Up-to-date: /home/sejong/Desktop/SH_ws/install/ros2_interfaces/include/ros2_interfaces/ros2_interfaces/srv/detail/set_run_mode__rosidl_typesupport_fastrtps_cpp.hpp\n'}
[0.629111] (ros2_interfaces) StdoutLine: {'line': b'-- Up-to-date: /home/sejong/Desktop/SH_ws/install/ros2_interfaces/include/ros2_interfaces/ros2_interfaces/srv/detail/dds_fastrtps\n'}
[0.629219] (ros2_interfaces) StdoutLine: {'line': b'-- Up-to-date: /home/sejong/Desktop/SH_ws/install/ros2_interfaces/include/ros2_interfaces/ros2_interfaces/srv/detail/simple_motor_result__rosidl_typesupport_fastrtps_cpp.hpp\n'}
[0.629326] (ros2_interfaces) StdoutLine: {'line': b'-- Up-to-date: /home/sejong/Desktop/SH_ws/install/ros2_interfaces/include/ros2_interfaces/ros2_interfaces/srv/detail/enable_motors__rosidl_typesupport_fastrtps_cpp.hpp\n'}
[0.629432] (ros2_interfaces) StdoutLine: {'line': b'-- Up-to-date: /home/sejong/Desktop/SH_ws/install/ros2_interfaces/include/ros2_interfaces/ros2_interfaces/msg\n'}
[0.629540] (ros2_interfaces) StdoutLine: {'line': b'-- Up-to-date: /home/sejong/Desktop/SH_ws/install/ros2_interfaces/include/ros2_interfaces/ros2_interfaces/msg/rosidl_typesupport_fastrtps_cpp__visibility_control.h\n'}
[0.629660] (ros2_interfaces) StdoutLine: {'line': b'-- Up-to-date: /home/sejong/Desktop/SH_ws/install/ros2_interfaces/include/ros2_interfaces/ros2_interfaces/msg/detail\n'}
[0.629770] (ros2_interfaces) StdoutLine: {'line': b'-- Up-to-date: /home/sejong/Desktop/SH_ws/install/ros2_interfaces/include/ros2_interfaces/ros2_interfaces/msg/detail/upper_body_system_state__rosidl_typesupport_fastrtps_cpp.hpp\n'}
[0.629882] (ros2_interfaces) StdoutLine: {'line': b'-- Up-to-date: /home/sejong/Desktop/SH_ws/install/ros2_interfaces/include/ros2_interfaces/ros2_interfaces/msg/detail/dds_fastrtps\n'}
[0.629990] (ros2_interfaces) StdoutLine: {'line': b'-- Up-to-date: /home/sejong/Desktop/SH_ws/install/ros2_interfaces/include/ros2_interfaces/ros2_interfaces/msg/detail/upper_body_command__rosidl_typesupport_fastrtps_cpp.hpp\n'}
[0.630096] (ros2_interfaces) StdoutLine: {'line': b'-- Up-to-date: /home/sejong/Desktop/SH_ws/install/ros2_interfaces/include/ros2_interfaces/ros2_interfaces/msg/detail/upper_motor_state__rosidl_typesupport_fastrtps_cpp.hpp\n'}
[0.630202] (ros2_interfaces) StdoutLine: {'line': b'-- Up-to-date: /home/sejong/Desktop/SH_ws/install/ros2_interfaces/lib/libros2_interfaces__rosidl_typesupport_fastrtps_cpp.so\n'}
[0.630308] (ros2_interfaces) StdoutLine: {'line': b'-- Up-to-date: /home/sejong/Desktop/SH_ws/install/ros2_interfaces/include/ros2_interfaces/ros2_interfaces\n'}
[0.630417] (ros2_interfaces) StdoutLine: {'line': b'-- Up-to-date: /home/sejong/Desktop/SH_ws/install/ros2_interfaces/include/ros2_interfaces/ros2_interfaces/srv\n'}
[0.630524] (ros2_interfaces) StdoutLine: {'line': b'-- Up-to-date: /home/sejong/Desktop/SH_ws/install/ros2_interfaces/include/ros2_interfaces/ros2_interfaces/srv/detail\n'}
[0.630630] (ros2_interfaces) StdoutLine: {'line': b'-- Up-to-date: /home/sejong/Desktop/SH_ws/install/ros2_interfaces/include/ros2_interfaces/ros2_interfaces/srv/detail/simple_motor_result__rosidl_typesupport_introspection_cpp.hpp\n'}
[0.630737] (ros2_interfaces) StdoutLine: {'line': b'-- Up-to-date: /home/sejong/Desktop/SH_ws/install/ros2_interfaces/include/ros2_interfaces/ros2_interfaces/srv/detail/enable_motors__rosidl_typesupport_introspection_cpp.hpp\n'}
[0.630845] (ros2_interfaces) StdoutLine: {'line': b'-- Up-to-date: /home/sejong/Desktop/SH_ws/install/ros2_interfaces/include/ros2_interfaces/ros2_interfaces/srv/detail/set_run_mode__type_support.cpp\n'}
[0.630952] (ros2_interfaces) StdoutLine: {'line': b'-- Up-to-date: /home/sejong/Desktop/SH_ws/install/ros2_interfaces/include/ros2_interfaces/ros2_interfaces/srv/detail/set_run_mode__rosidl_typesupport_introspection_cpp.hpp\n'}
[0.631067] (ros2_interfaces) StdoutLine: {'line': b'-- Up-to-date: /home/sejong/Desktop/SH_ws/install/ros2_interfaces/include/ros2_interfaces/ros2_interfaces/srv/detail/enable_motors__type_support.cpp\n'}
[0.631170] (ros2_interfaces) StdoutLine: {'line': b'-- Up-to-date: /home/sejong/Desktop/SH_ws/install/ros2_interfaces/include/ros2_interfaces/ros2_interfaces/srv/detail/simple_motor_result__type_support.cpp\n'}
[0.631273] (ros2_interfaces) StdoutLine: {'line': b'-- Up-to-date: /home/sejong/Desktop/SH_ws/install/ros2_interfaces/include/ros2_interfaces/ros2_interfaces/msg\n'}
[0.631383] (ros2_interfaces) StdoutLine: {'line': b'-- Up-to-date: /home/sejong/Desktop/SH_ws/install/ros2_interfaces/include/ros2_interfaces/ros2_interfaces/msg/detail\n'}
[0.631492] (ros2_interfaces) StdoutLine: {'line': b'-- Up-to-date: /home/sejong/Desktop/SH_ws/install/ros2_interfaces/include/ros2_interfaces/ros2_interfaces/msg/detail/upper_body_command__rosidl_typesupport_introspection_cpp.hpp\n'}
[0.631596] (ros2_interfaces) StdoutLine: {'line': b'-- Up-to-date: /home/sejong/Desktop/SH_ws/install/ros2_interfaces/include/ros2_interfaces/ros2_interfaces/msg/detail/upper_motor_state__rosidl_typesupport_introspection_cpp.hpp\n'}
[0.631701] (ros2_interfaces) StdoutLine: {'line': b'-- Up-to-date: /home/sejong/Desktop/SH_ws/install/ros2_interfaces/include/ros2_interfaces/ros2_interfaces/msg/detail/upper_motor_state__type_support.cpp\n'}
[0.631802] (ros2_interfaces) StdoutLine: {'line': b'-- Up-to-date: /home/sejong/Desktop/SH_ws/install/ros2_interfaces/include/ros2_interfaces/ros2_interfaces/msg/detail/upper_body_command__type_support.cpp\n'}
[0.631905] (ros2_interfaces) StdoutLine: {'line': b'-- Up-to-date: /home/sejong/Desktop/SH_ws/install/ros2_interfaces/include/ros2_interfaces/ros2_interfaces/msg/detail/upper_body_system_state__rosidl_typesupport_introspection_cpp.hpp\n'}
[0.632015] (ros2_interfaces) StdoutLine: {'line': b'-- Up-to-date: /home/sejong/Desktop/SH_ws/install/ros2_interfaces/include/ros2_interfaces/ros2_interfaces/msg/detail/upper_body_system_state__type_support.cpp\n'}
[0.632118] (ros2_interfaces) StdoutLine: {'line': b'-- Up-to-date: /home/sejong/Desktop/SH_ws/install/ros2_interfaces/lib/libros2_interfaces__rosidl_typesupport_introspection_cpp.so\n'}
[0.632220] (ros2_interfaces) StdoutLine: {'line': b'-- Up-to-date: /home/sejong/Desktop/SH_ws/install/ros2_interfaces/lib/libros2_interfaces__rosidl_typesupport_cpp.so\n'}
[0.632322] (ros2_interfaces) StdoutLine: {'line': b'-- Up-to-date: /home/sejong/Desktop/SH_ws/install/ros2_interfaces/share/ros2_interfaces/environment/pythonpath.sh\n'}
[0.632425] (ros2_interfaces) StdoutLine: {'line': b'-- Up-to-date: /home/sejong/Desktop/SH_ws/install/ros2_interfaces/share/ros2_interfaces/environment/pythonpath.dsv\n'}
[0.632527] (ros2_interfaces) StdoutLine: {'line': b'-- Up-to-date: /home/sejong/Desktop/SH_ws/install/ros2_interfaces/lib/python3.12/site-packages/ros2_interfaces-0.0.1-py3.12.egg-info\n'}
[0.632629] (ros2_interfaces) StdoutLine: {'line': b'-- Installing: /home/sejong/Desktop/SH_ws/install/ros2_interfaces/lib/python3.12/site-packages/ros2_interfaces-0.0.1-py3.12.egg-info/dependency_links.txt\n'}
[0.632744] (ros2_interfaces) StdoutLine: {'line': b'-- Installing: /home/sejong/Desktop/SH_ws/install/ros2_interfaces/lib/python3.12/site-packages/ros2_interfaces-0.0.1-py3.12.egg-info/top_level.txt\n'}
[0.632846] (ros2_interfaces) StdoutLine: {'line': b'-- Installing: /home/sejong/Desktop/SH_ws/install/ros2_interfaces/lib/python3.12/site-packages/ros2_interfaces-0.0.1-py3.12.egg-info/SOURCES.txt\n'}
[0.632951] (ros2_interfaces) StdoutLine: {'line': b'-- Installing: /home/sejong/Desktop/SH_ws/install/ros2_interfaces/lib/python3.12/site-packages/ros2_interfaces-0.0.1-py3.12.egg-info/PKG-INFO\n'}
[0.633057] (ros2_interfaces) StdoutLine: {'line': b'-- Up-to-date: /home/sejong/Desktop/SH_ws/install/ros2_interfaces/lib/python3.12/site-packages/ros2_interfaces\n'}
[0.633163] (ros2_interfaces) StdoutLine: {'line': b'-- Up-to-date: /home/sejong/Desktop/SH_ws/install/ros2_interfaces/lib/python3.12/site-packages/ros2_interfaces/__init__.py\n'}
[0.633269] (ros2_interfaces) StdoutLine: {'line': b'-- Up-to-date: /home/sejong/Desktop/SH_ws/install/ros2_interfaces/lib/python3.12/site-packages/ros2_interfaces/_ros2_interfaces_s.ep.rosidl_typesupport_introspection_c.c\n'}
[0.633375] (ros2_interfaces) StdoutLine: {'line': b'-- Up-to-date: /home/sejong/Desktop/SH_ws/install/ros2_interfaces/lib/python3.12/site-packages/ros2_interfaces/srv\n'}
[0.633480] (ros2_interfaces) StdoutLine: {'line': b'-- Up-to-date: /home/sejong/Desktop/SH_ws/install/ros2_interfaces/lib/python3.12/site-packages/ros2_interfaces/srv/__init__.py\n'}
[0.633583] (ros2_interfaces) StdoutLine: {'line': b'-- Up-to-date: /home/sejong/Desktop/SH_ws/install/ros2_interfaces/lib/python3.12/site-packages/ros2_interfaces/srv/_set_run_mode_s.c\n'}
[0.633686] (ros2_interfaces) StdoutLine: {'line': b'-- Up-to-date: /home/sejong/Desktop/SH_ws/install/ros2_interfaces/lib/python3.12/site-packages/ros2_interfaces/srv/_enable_motors_s.c\n'}
[0.633785] (ros2_interfaces) StdoutLine: {'line': b'-- Up-to-date: /home/sejong/Desktop/SH_ws/install/ros2_interfaces/lib/python3.12/site-packages/ros2_interfaces/srv/_enable_motors.py\n'}
[0.633883] (ros2_interfaces) StdoutLine: {'line': b'-- Up-to-date: /home/sejong/Desktop/SH_ws/install/ros2_interfaces/lib/python3.12/site-packages/ros2_interfaces/srv/_simple_motor_result_s.c\n'}
[0.633990] (ros2_interfaces) StdoutLine: {'line': b'-- Up-to-date: /home/sejong/Desktop/SH_ws/install/ros2_interfaces/lib/python3.12/site-packages/ros2_interfaces/srv/_set_run_mode.py\n'}
[0.634088] (ros2_interfaces) StdoutLine: {'line': b'-- Up-to-date: /home/sejong/Desktop/SH_ws/install/ros2_interfaces/lib/python3.12/site-packages/ros2_interfaces/srv/_simple_motor_result.py\n'}
[0.634190] (ros2_interfaces) StdoutLine: {'line': b'-- Up-to-date: /home/sejong/Desktop/SH_ws/install/ros2_interfaces/lib/python3.12/site-packages/ros2_interfaces/_ros2_interfaces_s.ep.rosidl_typesupport_fastrtps_c.c\n'}
[0.634289] (ros2_interfaces) StdoutLine: {'line': b'-- Up-to-date: /home/sejong/Desktop/SH_ws/install/ros2_interfaces/lib/python3.12/site-packages/ros2_interfaces/ros2_interfaces_s__rosidl_typesupport_introspection_c.so\n'}
[0.634389] (ros2_interfaces) StdoutLine: {'line': b'-- Up-to-date: /home/sejong/Desktop/SH_ws/install/ros2_interfaces/lib/python3.12/site-packages/ros2_interfaces/msg\n'}
[0.634484] (ros2_interfaces) StdoutLine: {'line': b'-- Up-to-date: /home/sejong/Desktop/SH_ws/install/ros2_interfaces/lib/python3.12/site-packages/ros2_interfaces/msg/_upper_body_command.py\n'}
[0.634583] (ros2_interfaces) StdoutLine: {'line': b'-- Up-to-date: /home/sejong/Desktop/SH_ws/install/ros2_interfaces/lib/python3.12/site-packages/ros2_interfaces/msg/__init__.py\n'}
[0.634684] (ros2_interfaces) StdoutLine: {'line': b'-- Up-to-date: /home/sejong/Desktop/SH_ws/install/ros2_interfaces/lib/python3.12/site-packages/ros2_interfaces/msg/_upper_body_system_state.py\n'}
[0.634783] (ros2_interfaces) StdoutLine: {'line': b'-- Up-to-date: /home/sejong/Desktop/SH_ws/install/ros2_interfaces/lib/python3.12/site-packages/ros2_interfaces/msg/_upper_motor_state.py\n'}
[0.634886] (ros2_interfaces) StdoutLine: {'line': b'-- Up-to-date: /home/sejong/Desktop/SH_ws/install/ros2_interfaces/lib/python3.12/site-packages/ros2_interfaces/msg/_upper_body_system_state_s.c\n'}
[0.634986] (ros2_interfaces) StdoutLine: {'line': b'-- Up-to-date: /home/sejong/Desktop/SH_ws/install/ros2_interfaces/lib/python3.12/site-packages/ros2_interfaces/msg/_upper_motor_state_s.c\n'}
[0.635086] (ros2_interfaces) StdoutLine: {'line': b'-- Up-to-date: /home/sejong/Desktop/SH_ws/install/ros2_interfaces/lib/python3.12/site-packages/ros2_interfaces/msg/_upper_body_command_s.c\n'}
[0.635271] (ros2_interfaces) StdoutLine: {'line': b'-- Up-to-date: /home/sejong/Desktop/SH_ws/install/ros2_interfaces/lib/python3.12/site-packages/ros2_interfaces/_ros2_interfaces_s.ep.rosidl_typesupport_c.c\n'}
[0.635385] (ros2_interfaces) StdoutLine: {'line': b'-- Up-to-date: /home/sejong/Desktop/SH_ws/install/ros2_interfaces/lib/python3.12/site-packages/ros2_interfaces/ros2_interfaces_s__rosidl_typesupport_fastrtps_c.so\n'}
[0.635495] (ros2_interfaces) StdoutLine: {'line': b'-- Up-to-date: /home/sejong/Desktop/SH_ws/install/ros2_interfaces/lib/python3.12/site-packages/ros2_interfaces/ros2_interfaces_s__rosidl_typesupport_c.so\n'}
[0.635595] (ros2_interfaces) StdoutLine: {'line': b"Listing '/home/sejong/Desktop/SH_ws/install/ros2_interfaces/lib/python3.12/site-packages/ros2_interfaces'...\n"}
[0.635695] (ros2_interfaces) StdoutLine: {'line': b"Listing '/home/sejong/Desktop/SH_ws/install/ros2_interfaces/lib/python3.12/site-packages/ros2_interfaces/msg'...\n"}
[0.635810] (ros2_interfaces) StdoutLine: {'line': b"Listing '/home/sejong/Desktop/SH_ws/install/ros2_interfaces/lib/python3.12/site-packages/ros2_interfaces/srv'...\n"}
[0.642385] (ros2_interfaces) StdoutLine: {'line': b'-- Up-to-date: /home/sejong/Desktop/SH_ws/install/ros2_interfaces/lib/python3.12/site-packages/ros2_interfaces/ros2_interfaces_s__rosidl_typesupport_fastrtps_c.so\n'}
[0.642735] (ros2_interfaces) StdoutLine: {'line': b'-- Up-to-date: /home/sejong/Desktop/SH_ws/install/ros2_interfaces/lib/python3.12/site-packages/ros2_interfaces/ros2_interfaces_s__rosidl_typesupport_introspection_c.so\n'}
[0.643350] (ros2_interfaces) StdoutLine: {'line': b'-- Up-to-date: /home/sejong/Desktop/SH_ws/install/ros2_interfaces/lib/python3.12/site-packages/ros2_interfaces/ros2_interfaces_s__rosidl_typesupport_c.so\n'}
[0.643758] (ros2_interfaces) StdoutLine: {'line': b'-- Up-to-date: /home/sejong/Desktop/SH_ws/install/ros2_interfaces/lib/libros2_interfaces__rosidl_generator_py.so\n'}
[0.643924] (ros2_interfaces) StdoutLine: {'line': b'-- Up-to-date: /home/sejong/Desktop/SH_ws/install/ros2_interfaces/share/ament_index/resource_index/rust_packages/ros2_interfaces\n'}
[0.644035] (ros2_interfaces) StdoutLine: {'line': b'-- Up-to-date: /home/sejong/Desktop/SH_ws/install/ros2_interfaces/share/ros2_interfaces/rust\n'}
[0.644122] (ros2_interfaces) StdoutLine: {'line': b'-- Up-to-date: /home/sejong/Desktop/SH_ws/install/ros2_interfaces/share/ros2_interfaces/rust/src\n'}
[0.644209] (ros2_interfaces) StdoutLine: {'line': b'-- Up-to-date: /home/sejong/Desktop/SH_ws/install/ros2_interfaces/share/ros2_interfaces/rust/src/lib.rs\n'}
[0.644295] (ros2_interfaces) StdoutLine: {'line': b'-- Up-to-date: /home/sejong/Desktop/SH_ws/install/ros2_interfaces/share/ros2_interfaces/rust/src/srv\n'}
[0.644474] (ros2_interfaces) StdoutLine: {'line': b'-- Up-to-date: /home/sejong/Desktop/SH_ws/install/ros2_interfaces/share/ros2_interfaces/rust/src/srv/rmw.rs\n'}
[0.644561] (ros2_interfaces) StdoutLine: {'line': b'-- Up-to-date: /home/sejong/Desktop/SH_ws/install/ros2_interfaces/share/ros2_interfaces/rust/src/srv.rs\n'}
[0.644651] (ros2_interfaces) StdoutLine: {'line': b'-- Up-to-date: /home/sejong/Desktop/SH_ws/install/ros2_interfaces/share/ros2_interfaces/rust/src/msg\n'}
[0.644738] (ros2_interfaces) StdoutLine: {'line': b'-- Up-to-date: /home/sejong/Desktop/SH_ws/install/ros2_interfaces/share/ros2_interfaces/rust/src/msg/rmw.rs\n'}
[0.644821] (ros2_interfaces) StdoutLine: {'line': b'-- Up-to-date: /home/sejong/Desktop/SH_ws/install/ros2_interfaces/share/ros2_interfaces/rust/src/msg.rs\n'}
[0.644904] (ros2_interfaces) StdoutLine: {'line': b'-- Up-to-date: /home/sejong/Desktop/SH_ws/install/ros2_interfaces/share/ros2_interfaces/rust/build.rs\n'}
[0.644985] (ros2_interfaces) StdoutLine: {'line': b'-- Up-to-date: /home/sejong/Desktop/SH_ws/install/ros2_interfaces/share/ros2_interfaces/rust/Cargo.toml\n'}
[0.645069] (ros2_interfaces) StdoutLine: {'line': b'-- Up-to-date: /home/sejong/Desktop/SH_ws/install/ros2_interfaces/share/ros2_interfaces/msg/UpperBodyCommand.idl\n'}
[0.645154] (ros2_interfaces) StdoutLine: {'line': b'-- Up-to-date: /home/sejong/Desktop/SH_ws/install/ros2_interfaces/share/ros2_interfaces/msg/UpperBodySystemState.idl\n'}
[0.645318] (ros2_interfaces) StdoutLine: {'line': b'-- Up-to-date: /home/sejong/Desktop/SH_ws/install/ros2_interfaces/share/ros2_interfaces/msg/UpperMotorState.idl\n'}
[0.645430] (ros2_interfaces) StdoutLine: {'line': b'-- Up-to-date: /home/sejong/Desktop/SH_ws/install/ros2_interfaces/share/ros2_interfaces/srv/EnableMotors.idl\n'}
[0.645517] (ros2_interfaces) StdoutLine: {'line': b'-- Up-to-date: /home/sejong/Desktop/SH_ws/install/ros2_interfaces/share/ros2_interfaces/srv/SetRunMode.idl\n'}
[0.645597] (ros2_interfaces) StdoutLine: {'line': b'-- Up-to-date: /home/sejong/Desktop/SH_ws/install/ros2_interfaces/share/ros2_interfaces/srv/SimpleMotorResult.idl\n'}
[0.645712] (ros2_interfaces) StdoutLine: {'line': b'-- Up-to-date: /home/sejong/Desktop/SH_ws/install/ros2_interfaces/share/ros2_interfaces/msg/UpperBodyCommand.msg\n'}
[0.645795] (ros2_interfaces) StdoutLine: {'line': b'-- Up-to-date: /home/sejong/Desktop/SH_ws/install/ros2_interfaces/share/ros2_interfaces/msg/UpperBodySystemState.msg\n'}
[0.645909] (ros2_interfaces) StdoutLine: {'line': b'-- Up-to-date: /home/sejong/Desktop/SH_ws/install/ros2_interfaces/share/ros2_interfaces/msg/UpperMotorState.msg\n'}
[0.645996] (ros2_interfaces) StdoutLine: {'line': b'-- Up-to-date: /home/sejong/Desktop/SH_ws/install/ros2_interfaces/share/ros2_interfaces/srv/EnableMotors.srv\n'}
[0.646101] (ros2_interfaces) StdoutLine: {'line': b'-- Up-to-date: /home/sejong/Desktop/SH_ws/install/ros2_interfaces/share/ros2_interfaces/srv/SetRunMode.srv\n'}
[0.646185] (ros2_interfaces) StdoutLine: {'line': b'-- Up-to-date: /home/sejong/Desktop/SH_ws/install/ros2_interfaces/share/ros2_interfaces/srv/SimpleMotorResult.srv\n'}
[0.646291] (ros2_interfaces) StdoutLine: {'line': b'-- Up-to-date: /home/sejong/Desktop/SH_ws/install/ros2_interfaces/share/ament_index/resource_index/package_run_dependencies/ros2_interfaces\n'}
[0.646375] (ros2_interfaces) StdoutLine: {'line': b'-- Up-to-date: /home/sejong/Desktop/SH_ws/install/ros2_interfaces/share/ament_index/resource_index/parent_prefix_path/ros2_interfaces\n'}
[0.646494] (ros2_interfaces) StdoutLine: {'line': b'-- Up-to-date: /home/sejong/Desktop/SH_ws/install/ros2_interfaces/share/ros2_interfaces/environment/ament_prefix_path.sh\n'}
[0.646575] (ros2_interfaces) StdoutLine: {'line': b'-- Up-to-date: /home/sejong/Desktop/SH_ws/install/ros2_interfaces/share/ros2_interfaces/environment/ament_prefix_path.dsv\n'}
[0.646695] (ros2_interfaces) StdoutLine: {'line': b'-- Up-to-date: /home/sejong/Desktop/SH_ws/install/ros2_interfaces/share/ros2_interfaces/environment/path.sh\n'}
[0.646779] (ros2_interfaces) StdoutLine: {'line': b'-- Up-to-date: /home/sejong/Desktop/SH_ws/install/ros2_interfaces/share/ros2_interfaces/environment/path.dsv\n'}
[0.646890] (ros2_interfaces) StdoutLine: {'line': b'-- Up-to-date: /home/sejong/Desktop/SH_ws/install/ros2_interfaces/share/ros2_interfaces/local_setup.bash\n'}
[0.646984] (ros2_interfaces) StdoutLine: {'line': b'-- Up-to-date: /home/sejong/Desktop/SH_ws/install/ros2_interfaces/share/ros2_interfaces/local_setup.sh\n'}
[0.647091] (ros2_interfaces) StdoutLine: {'line': b'-- Up-to-date: /home/sejong/Desktop/SH_ws/install/ros2_interfaces/share/ros2_interfaces/local_setup.zsh\n'}
[0.647175] (ros2_interfaces) StdoutLine: {'line': b'-- Up-to-date: /home/sejong/Desktop/SH_ws/install/ros2_interfaces/share/ros2_interfaces/local_setup.dsv\n'}
[0.647260] (ros2_interfaces) StdoutLine: {'line': b'-- Installing: /home/sejong/Desktop/SH_ws/install/ros2_interfaces/share/ros2_interfaces/package.dsv\n'}
[0.647340] (ros2_interfaces) StdoutLine: {'line': b'-- Up-to-date: /home/sejong/Desktop/SH_ws/install/ros2_interfaces/share/ament_index/resource_index/packages/ros2_interfaces\n'}
[0.647435] (ros2_interfaces) StdoutLine: {'line': b'-- Up-to-date: /home/sejong/Desktop/SH_ws/install/ros2_interfaces/share/ros2_interfaces/cmake/export_ros2_interfaces__rosidl_generator_cExport.cmake\n'}
[0.647519] (ros2_interfaces) StdoutLine: {'line': b'-- Up-to-date: /home/sejong/Desktop/SH_ws/install/ros2_interfaces/share/ros2_interfaces/cmake/export_ros2_interfaces__rosidl_generator_cExport-noconfig.cmake\n'}
[0.647672] (ros2_interfaces) StdoutLine: {'line': b'-- Up-to-date: /home/sejong/Desktop/SH_ws/install/ros2_interfaces/share/ros2_interfaces/cmake/export_ros2_interfaces__rosidl_typesupport_fastrtps_cExport.cmake\n'}
[0.647761] (ros2_interfaces) StdoutLine: {'line': b'-- Up-to-date: /home/sejong/Desktop/SH_ws/install/ros2_interfaces/share/ros2_interfaces/cmake/export_ros2_interfaces__rosidl_typesupport_fastrtps_cExport-noconfig.cmake\n'}
[0.647843] (ros2_interfaces) StdoutLine: {'line': b'-- Up-to-date: /home/sejong/Desktop/SH_ws/install/ros2_interfaces/share/ros2_interfaces/cmake/ros2_interfaces__rosidl_typesupport_introspection_cExport.cmake\n'}
[0.647921] (ros2_interfaces) StdoutLine: {'line': b'-- Up-to-date: /home/sejong/Desktop/SH_ws/install/ros2_interfaces/share/ros2_interfaces/cmake/ros2_interfaces__rosidl_typesupport_introspection_cExport-noconfig.cmake\n'}
[0.648002] (ros2_interfaces) StdoutLine: {'line': b'-- Up-to-date: /home/sejong/Desktop/SH_ws/install/ros2_interfaces/share/ros2_interfaces/cmake/ros2_interfaces__rosidl_typesupport_cExport.cmake\n'}
[0.648083] (ros2_interfaces) StdoutLine: {'line': b'-- Up-to-date: /home/sejong/Desktop/SH_ws/install/ros2_interfaces/share/ros2_interfaces/cmake/ros2_interfaces__rosidl_typesupport_cExport-noconfig.cmake\n'}
[0.648163] (ros2_interfaces) StdoutLine: {'line': b'-- Up-to-date: /home/sejong/Desktop/SH_ws/install/ros2_interfaces/share/ros2_interfaces/cmake/export_ros2_interfaces__rosidl_generator_cppExport.cmake\n'}
[0.648243] (ros2_interfaces) StdoutLine: {'line': b'-- Up-to-date: /home/sejong/Desktop/SH_ws/install/ros2_interfaces/share/ros2_interfaces/cmake/export_ros2_interfaces__rosidl_typesupport_fastrtps_cppExport.cmake\n'}
[0.648326] (ros2_interfaces) StdoutLine: {'line': b'-- Up-to-date: /home/sejong/Desktop/SH_ws/install/ros2_interfaces/share/ros2_interfaces/cmake/export_ros2_interfaces__rosidl_typesupport_fastrtps_cppExport-noconfig.cmake\n'}
[0.648412] (ros2_interfaces) StdoutLine: {'line': b'-- Up-to-date: /home/sejong/Desktop/SH_ws/install/ros2_interfaces/share/ros2_interfaces/cmake/ros2_interfaces__rosidl_typesupport_introspection_cppExport.cmake\n'}
[0.648494] (ros2_interfaces) StdoutLine: {'line': b'-- Up-to-date: /home/sejong/Desktop/SH_ws/install/ros2_interfaces/share/ros2_interfaces/cmake/ros2_interfaces__rosidl_typesupport_introspection_cppExport-noconfig.cmake\n'}
[0.648576] (ros2_interfaces) StdoutLine: {'line': b'-- Up-to-date: /home/sejong/Desktop/SH_ws/install/ros2_interfaces/share/ros2_interfaces/cmake/ros2_interfaces__rosidl_typesupport_cppExport.cmake\n'}
[0.648657] (ros2_interfaces) StdoutLine: {'line': b'-- Up-to-date: /home/sejong/Desktop/SH_ws/install/ros2_interfaces/share/ros2_interfaces/cmake/ros2_interfaces__rosidl_typesupport_cppExport-noconfig.cmake\n'}
[0.648738] (ros2_interfaces) StdoutLine: {'line': b'-- Up-to-date: /home/sejong/Desktop/SH_ws/install/ros2_interfaces/share/ros2_interfaces/cmake/export_ros2_interfaces__rosidl_generator_pyExport.cmake\n'}
[0.648820] (ros2_interfaces) StdoutLine: {'line': b'-- Up-to-date: /home/sejong/Desktop/SH_ws/install/ros2_interfaces/share/ros2_interfaces/cmake/export_ros2_interfaces__rosidl_generator_pyExport-noconfig.cmake\n'}
[0.648906] (ros2_interfaces) StdoutLine: {'line': b'-- Up-to-date: /home/sejong/Desktop/SH_ws/install/ros2_interfaces/share/ros2_interfaces/cmake/rosidl_cmake-extras.cmake\n'}
[0.648986] (ros2_interfaces) StdoutLine: {'line': b'-- Up-to-date: /home/sejong/Desktop/SH_ws/install/ros2_interfaces/share/ros2_interfaces/cmake/ament_cmake_export_dependencies-extras.cmake\n'}
[0.649068] (ros2_interfaces) StdoutLine: {'line': b'-- Up-to-date: /home/sejong/Desktop/SH_ws/install/ros2_interfaces/share/ros2_interfaces/cmake/ament_cmake_export_include_directories-extras.cmake\n'}
[0.649150] (ros2_interfaces) StdoutLine: {'line': b'-- Up-to-date: /home/sejong/Desktop/SH_ws/install/ros2_interfaces/share/ros2_interfaces/cmake/ament_cmake_export_libraries-extras.cmake\n'}
[0.649233] (ros2_interfaces) StdoutLine: {'line': b'-- Up-to-date: /home/sejong/Desktop/SH_ws/install/ros2_interfaces/share/ros2_interfaces/cmake/ament_cmake_export_targets-extras.cmake\n'}
[0.649313] (ros2_interfaces) StdoutLine: {'line': b'-- Up-to-date: /home/sejong/Desktop/SH_ws/install/ros2_interfaces/share/ros2_interfaces/cmake/rosidl_cmake_export_typesupport_targets-extras.cmake\n'}
[0.649408] (ros2_interfaces) StdoutLine: {'line': b'-- Up-to-date: /home/sejong/Desktop/SH_ws/install/ros2_interfaces/share/ros2_interfaces/cmake/rosidl_cmake_export_typesupport_libraries-extras.cmake\n'}
[0.649491] (ros2_interfaces) StdoutLine: {'line': b'-- Up-to-date: /home/sejong/Desktop/SH_ws/install/ros2_interfaces/share/ros2_interfaces/cmake/rosidl_cmake_aggregate_target-extras.cmake\n'}
[0.649571] (ros2_interfaces) StdoutLine: {'line': b'-- Up-to-date: /home/sejong/Desktop/SH_ws/install/ros2_interfaces/share/ros2_interfaces/cmake/ros2_interfacesConfig.cmake\n'}
[0.649651] (ros2_interfaces) StdoutLine: {'line': b'-- Up-to-date: /home/sejong/Desktop/SH_ws/install/ros2_interfaces/share/ros2_interfaces/cmake/ros2_interfacesConfig-version.cmake\n'}
[0.649731] (ros2_interfaces) StdoutLine: {'line': b'-- Up-to-date: /home/sejong/Desktop/SH_ws/install/ros2_interfaces/share/ros2_interfaces/package.xml\n'}
[0.650468] (ros2_interfaces) CommandEnded: {'returncode': 0}
[0.671986] (ros2_interfaces) JobEnded: {'identifier': 'ros2_interfaces', 'rc': 0}
[0.672854] (sh_motion_cpp) JobStarted: {'identifier': 'sh_motion_cpp'}
[0.682200] (sh_motion_cpp) JobProgress: {'identifier': 'sh_motion_cpp', 'progress': 'cmake'}
[0.682977] (sh_motion_cpp) JobProgress: {'identifier': 'sh_motion_cpp', 'progress': 'build'}
[0.683461] (sh_motion_cpp) Command: {'cmd': ['/usr/bin/cmake', '--build', '/home/sejong/Desktop/SH_ws/build/sh_motion_cpp', '--', '-j14', '-l14'], 'cwd': '/home/sejong/Desktop/SH_ws/build/sh_motion_cpp', 'env': OrderedDict({'GJS_DEBUG_TOPICS': 'JS ERROR;JS LOG', 'XDG_ACTIVATION_TOKEN': 'gnome-shell/Terminator/3885-0-localhost.localdomain_TIME74155', 'LESSOPEN': '| /usr/bin/lesspipe %s', 'USER': 'sejong', 'GZ_CONFIG_PATH': '/opt/ros/jazzy/opt/sdformat_vendor/share/gz', 'ROS_PACKAGE_PATH': '/home/sejong/Desktop/SH_ws/install/ros2_interfaces/share', 'XDG_SESSION_TYPE': 'x11', 'CLUTTER_DISABLE_MIPMAPPED_TEXT': '1', 'SHLVL': '1', 'LD_LIBRARY_PATH': '/home/sejong/Desktop/SH_ws/install/ros2_interfaces/lib:/opt/ros/jazzy/opt/sdformat_vendor/lib:/opt/ros/jazzy/opt/rviz_ogre_vendor/lib:/opt/ros/jazzy/lib/aarch64-linux-gnu:/opt/ros/jazzy/opt/gz_math_vendor/lib:/opt/ros/jazzy/opt/gz_utils_vendor/lib:/opt/ros/jazzy/opt/gz_tools_vendor/lib:/opt/ros/jazzy/opt/gz_cmake_vendor/lib:/opt/ros/jazzy/lib:/usr/local/cuda-13.2/lib64', 'HOME': '/home/sejong', 'OLDPWD': '/home/sejong', 'DESKTOP_SESSION': 'ubuntu', 'GIO_LAUNCHED_DESKTOP_FILE': '/usr/share/applications/terminator.desktop', 'ROS_PYTHON_VERSION': '3', 'GNOME_SHELL_SESSION_MODE': 'ubuntu', 'GTK_MODULES': 'gail:atk-bridge', 'MANAGERPID': '3555', 'SYSTEMD_EXEC_PID': '3885', 'GSM_SKIP_SSH_AGENT_WORKAROUND': 'true', 'DBUS_SESSION_BUS_ADDRESS': 'unix:path=/run/user/2001/bus', 'COLORTERM': 'truecolor', 'TERMINATOR_DBUS_NAME': 'net.tenshu.Terminator23558193cd9818af7fe4d2c2f5bd9d00f', 'GIO_LAUNCHED_DESKTOP_FILE_PID': '4892', 'DEBUGINFOD_URLS': 'https://debuginfod.ubuntu.com', 'IM_CONFIG_PHASE': '1', 'COLCON_PREFIX_PATH': '/home/sejong/Desktop/SH_ws/install', 'ROS_DISTRO': 'jazzy', 'LOGNAME': 'sejong', 'JOURNAL_STREAM': '8:54497', '_': '/usr/bin/colcon', 'ROS_VERSION': '2', 'PKG_CONFIG_PATH': '/home/sejong/Desktop/SH_ws/install/ros2_interfaces/lib/aarch64-linux-gnu/pkgconfig:/home/sejong/Desktop/SH_ws/install/ros2_interfaces/lib/pkgconfig', 'XDG_SESSION_CLASS': 'user', 'USERNAME': 'sejong', 'TERM': 'xterm-256color', 'GNOME_DESKTOP_SESSION_ID': 'this-is-deprecated', 'WINDOWPATH': '2', 'PATH': '/home/sejong/.local/bin:/opt/ros/jazzy/opt/gz_tools_vendor/bin:/opt/ros/jazzy/bin:/usr/local/cuda-13.2/bin:/home/sejong/.local/bin:/usr/local/sbin:/usr/local/bin:/usr/sbin:/usr/bin:/sbin:/bin:/usr/games:/usr/local/games:/snap/bin:/snap/bin', 'SESSION_MANAGER': 'local/localhost.localdomain:@/tmp/.ICE-unix/3854,unix/localhost.localdomain:/tmp/.ICE-unix/3854', 'INVOCATION_ID': 'c0f5b2c3a0cb4f21ac79f83a089a761f', 'XDG_MENU_PREFIX': 'gnome-', 'XDG_RUNTIME_DIR': '/run/user/2001', 'DISPLAY': ':1', 'TERMINATOR_DBUS_PATH': '/net/tenshu/Terminator2', 'LANG': 'en_US.UTF-8', 'XDG_CURRENT_DESKTOP': 'ubuntu:GNOME', 'XMODIFIERS': '@im=ibus', 'XDG_SESSION_DESKTOP': 'ubuntu', 'XAUTHORITY': '/run/user/2001/gdm/Xauthority', 'LS_COLORS': 'rs=0:di=01;34:ln=01;36:mh=00:pi=40;33:so=01;35:do=01;35:bd=40;33;01:cd=40;33;01:or=40;31;01:mi=00:su=37;41:sg=30;43:ca=00:tw=30;42:ow=34;42:st=37;44:ex=01;32:*.tar=01;31:*.tgz=01;31:*.arc=01;31:*.arj=01;31:*.taz=01;31:*.lha=01;31:*.lz4=01;31:*.lzh=01;31:*.lzma=01;31:*.tlz=01;31:*.txz=01;31:*.tzo=01;31:*.t7z=01;31:*.zip=01;31:*.z=01;31:*.dz=01;31:*.gz=01;31:*.lrz=01;31:*.lz=01;31:*.lzo=01;31:*.xz=01;31:*.zst=01;31:*.tzst=01;31:*.bz2=01;31:*.bz=01;31:*.tbz=01;31:*.tbz2=01;31:*.tz=01;31:*.deb=01;31:*.rpm=01;31:*.jar=01;31:*.war=01;31:*.ear=01;31:*.sar=01;31:*.rar=01;31:*.alz=01;31:*.ace=01;31:*.zoo=01;31:*.cpio=01;31:*.7z=01;31:*.rz=01;31:*.cab=01;31:*.wim=01;31:*.swm=01;31:*.dwm=01;31:*.esd=01;31:*.avif=01;35:*.jpg=01;35:*.jpeg=01;35:*.mjpg=01;35:*.mjpeg=01;35:*.gif=01;35:*.bmp=01;35:*.pbm=01;35:*.pgm=01;35:*.ppm=01;35:*.tga=01;35:*.xbm=01;35:*.xpm=01;35:*.tif=01;35:*.tiff=01;35:*.png=01;35:*.svg=01;35:*.svgz=01;35:*.mng=01;35:*.pcx=01;35:*.mov=01;35:*.mpg=01;35:*.mpeg=01;35:*.m2v=01;35:*.mkv=01;35:*.webm=01;35:*.webp=01;35:*.ogm=01;35:*.mp4=01;35:*.m4v=01;35:*.mp4v=01;35:*.vob=01;35:*.qt=01;35:*.nuv=01;35:*.wmv=01;35:*.asf=01;35:*.rm=01;35:*.rmvb=01;35:*.flc=01;35:*.avi=01;35:*.fli=01;35:*.flv=01;35:*.gl=01;35:*.dl=01;35:*.xcf=01;35:*.xwd=01;35:*.yuv=01;35:*.cgm=01;35:*.emf=01;35:*.ogv=01;35:*.ogx=01;35:*.aac=00;36:*.au=00;36:*.flac=00;36:*.m4a=00;36:*.mid=00;36:*.midi=00;36:*.mka=00;36:*.mp3=00;36:*.mpc=00;36:*.ogg=00;36:*.ra=00;36:*.wav=00;36:*.oga=00;36:*.opus=00;36:*.spx=00;36:*.xspf=00;36:*~=00;90:*#=00;90:*.bak=00;90:*.crdownload=00;90:*.dpkg-dist=00;90:*.dpkg-new=00;90:*.dpkg-old=00;90:*.dpkg-tmp=00;90:*.old=00;90:*.orig=00;90:*.part=00;90:*.rej=00;90:*.rpmnew=00;90:*.rpmorig=00;90:*.rpmsave=00;90:*.swp=00;90:*.tmp=00;90:*.ucf-dist=00;90:*.ucf-new=00;90:*.ucf-old=00;90:', 'SSH_AUTH_SOCK': '/run/user/2001/keyring/ssh', 'AMENT_PREFIX_PATH': '/home/sejong/Desktop/SH_ws/install/sh_motion_demo:/home/sejong/Desktop/SH_ws/install/sh_motion_cpp:/home/sejong/Desktop/SH_ws/install/SH_moveit_limit_config:/home/sejong/Desktop/SH_ws/install/SH_moveit_head_config:/home/sejong/Desktop/SH_ws/install/SH_moveit_demo_config:/home/sejong/Desktop/SH_ws/install/SH_moveit_config:/home/sejong/Desktop/SH_ws/install/SH_Humanoid_description:/opt/ros/jazzy', 'SHELL': '/bin/bash', 'TERMINATOR_UUID': 'urn:uuid:ad64abfb-00cc-44da-b49f-ecb082c818b8', 'QT_ACCESSIBILITY': '1', 'GDMSESSION': 'ubuntu', 'LESSCLOSE': '/usr/bin/lesspipe %s %s', 'GPG_AGENT_INFO': '/run/user/2001/gnupg/S.gpg-agent:0:1', 'GJS_DEBUG_OUTPUT': 'stderr', 'ROS_AUTOMATIC_DISCOVERY_RANGE': 'SUBNET', 'QT_IM_MODULE': 'ibus', 'PWD': '/home/sejong/Desktop/SH_ws/build/sh_motion_cpp', 'XDG_CONFIG_DIRS': '/etc/xdg/xdg-ubuntu:/etc/xdg', 'XDG_DATA_DIRS': '/usr/share/ubuntu:/usr/share/gnome:/usr/local/share/:/usr/share/:/var/lib/snapd/desktop', 'PYTHONPATH': '/home/sejong/Desktop/SH_ws/install/ros2_interfaces/lib/python3.12/site-packages:/home/sejong/Desktop/SH_ws/install/sh_motion_demo/lib/python3.12/site-packages:/home/sejong/Desktop/SH_ws/install/SH_Humanoid_description/lib/python3.12/site-packages:/opt/ros/jazzy/lib/python3.12/site-packages', 'COLCON': '1', 'VTE_VERSION': '7600', 'CMAKE_PREFIX_PATH': '/home/sejong/Desktop/SH_ws/install/sh_motion_demo:/home/sejong/Desktop/SH_ws/install/SH_Humanoid_description:/opt/ros/jazzy:/home/sejong/Desktop/SH_ws/install/ros2_interfaces:/home/sejong/Desktop/SH_ws/install/sh_motion_cpp:/home/sejong/Desktop/SH_ws/install/SH_moveit_limit_config:/home/sejong/Desktop/SH_ws/install/SH_moveit_head_config:/home/sejong/Desktop/SH_ws/install/SH_moveit_demo_config:/home/sejong/Desktop/SH_ws/install/SH_moveit_config:/opt/ros/jazzy/opt/sdformat_vendor:/opt/ros/jazzy/opt/gz_math_vendor:/opt/ros/jazzy/opt/gz_utils_vendor:/opt/ros/jazzy/opt/gz_tools_vendor:/opt/ros/jazzy/opt/gz_cmake_vendor'}), 'shell': False}
[0.719933] (-) TimerEvent: {}
[0.768154] (sh_motion_cpp) StdoutLine: {'line': b'[ 66%] Built target joint_state_bridge\n'}
[0.768559] (sh_motion_cpp) StdoutLine: {'line': b'[ 66%] Built target trajectory_bridge_node\n'}
[0.781113] (sh_motion_cpp) StdoutLine: {'line': b'[100%] Built target wave\n'}
[0.796013] (sh_motion_cpp) CommandEnded: {'returncode': 0}
[0.797115] (sh_motion_cpp) JobProgress: {'identifier': 'sh_motion_cpp', 'progress': 'install'}
[0.797663] (sh_motion_cpp) Command: {'cmd': ['/usr/bin/cmake', '--install', '/home/sejong/Desktop/SH_ws/build/sh_motion_cpp'], 'cwd': '/home/sejong/Desktop/SH_ws/build/sh_motion_cpp', 'env': OrderedDict({'GJS_DEBUG_TOPICS': 'JS ERROR;JS LOG', 'XDG_ACTIVATION_TOKEN': 'gnome-shell/Terminator/3885-0-localhost.localdomain_TIME74155', 'LESSOPEN': '| /usr/bin/lesspipe %s', 'USER': 'sejong', 'GZ_CONFIG_PATH': '/opt/ros/jazzy/opt/sdformat_vendor/share/gz', 'ROS_PACKAGE_PATH': '/home/sejong/Desktop/SH_ws/install/ros2_interfaces/share', 'XDG_SESSION_TYPE': 'x11', 'CLUTTER_DISABLE_MIPMAPPED_TEXT': '1', 'SHLVL': '1', 'LD_LIBRARY_PATH': '/home/sejong/Desktop/SH_ws/install/ros2_interfaces/lib:/opt/ros/jazzy/opt/sdformat_vendor/lib:/opt/ros/jazzy/opt/rviz_ogre_vendor/lib:/opt/ros/jazzy/lib/aarch64-linux-gnu:/opt/ros/jazzy/opt/gz_math_vendor/lib:/opt/ros/jazzy/opt/gz_utils_vendor/lib:/opt/ros/jazzy/opt/gz_tools_vendor/lib:/opt/ros/jazzy/opt/gz_cmake_vendor/lib:/opt/ros/jazzy/lib:/usr/local/cuda-13.2/lib64', 'HOME': '/home/sejong', 'OLDPWD': '/home/sejong', 'DESKTOP_SESSION': 'ubuntu', 'GIO_LAUNCHED_DESKTOP_FILE': '/usr/share/applications/terminator.desktop', 'ROS_PYTHON_VERSION': '3', 'GNOME_SHELL_SESSION_MODE': 'ubuntu', 'GTK_MODULES': 'gail:atk-bridge', 'MANAGERPID': '3555', 'SYSTEMD_EXEC_PID': '3885', 'GSM_SKIP_SSH_AGENT_WORKAROUND': 'true', 'DBUS_SESSION_BUS_ADDRESS': 'unix:path=/run/user/2001/bus', 'COLORTERM': 'truecolor', 'TERMINATOR_DBUS_NAME': 'net.tenshu.Terminator23558193cd9818af7fe4d2c2f5bd9d00f', 'GIO_LAUNCHED_DESKTOP_FILE_PID': '4892', 'DEBUGINFOD_URLS': 'https://debuginfod.ubuntu.com', 'IM_CONFIG_PHASE': '1', 'COLCON_PREFIX_PATH': '/home/sejong/Desktop/SH_ws/install', 'ROS_DISTRO': 'jazzy', 'LOGNAME': 'sejong', 'JOURNAL_STREAM': '8:54497', '_': '/usr/bin/colcon', 'ROS_VERSION': '2', 'PKG_CONFIG_PATH': '/home/sejong/Desktop/SH_ws/install/ros2_interfaces/lib/aarch64-linux-gnu/pkgconfig:/home/sejong/Desktop/SH_ws/install/ros2_interfaces/lib/pkgconfig', 'XDG_SESSION_CLASS': 'user', 'USERNAME': 'sejong', 'TERM': 'xterm-256color', 'GNOME_DESKTOP_SESSION_ID': 'this-is-deprecated', 'WINDOWPATH': '2', 'PATH': '/home/sejong/.local/bin:/opt/ros/jazzy/opt/gz_tools_vendor/bin:/opt/ros/jazzy/bin:/usr/local/cuda-13.2/bin:/home/sejong/.local/bin:/usr/local/sbin:/usr/local/bin:/usr/sbin:/usr/bin:/sbin:/bin:/usr/games:/usr/local/games:/snap/bin:/snap/bin', 'SESSION_MANAGER': 'local/localhost.localdomain:@/tmp/.ICE-unix/3854,unix/localhost.localdomain:/tmp/.ICE-unix/3854', 'INVOCATION_ID': 'c0f5b2c3a0cb4f21ac79f83a089a761f', 'XDG_MENU_PREFIX': 'gnome-', 'XDG_RUNTIME_DIR': '/run/user/2001', 'DISPLAY': ':1', 'TERMINATOR_DBUS_PATH': '/net/tenshu/Terminator2', 'LANG': 'en_US.UTF-8', 'XDG_CURRENT_DESKTOP': 'ubuntu:GNOME', 'XMODIFIERS': '@im=ibus', 'XDG_SESSION_DESKTOP': 'ubuntu', 'XAUTHORITY': '/run/user/2001/gdm/Xauthority', 'LS_COLORS': 'rs=0:di=01;34:ln=01;36:mh=00:pi=40;33:so=01;35:do=01;35:bd=40;33;01:cd=40;33;01:or=40;31;01:mi=00:su=37;41:sg=30;43:ca=00:tw=30;42:ow=34;42:st=37;44:ex=01;32:*.tar=01;31:*.tgz=01;31:*.arc=01;31:*.arj=01;31:*.taz=01;31:*.lha=01;31:*.lz4=01;31:*.lzh=01;31:*.lzma=01;31:*.tlz=01;31:*.txz=01;31:*.tzo=01;31:*.t7z=01;31:*.zip=01;31:*.z=01;31:*.dz=01;31:*.gz=01;31:*.lrz=01;31:*.lz=01;31:*.lzo=01;31:*.xz=01;31:*.zst=01;31:*.tzst=01;31:*.bz2=01;31:*.bz=01;31:*.tbz=01;31:*.tbz2=01;31:*.tz=01;31:*.deb=01;31:*.rpm=01;31:*.jar=01;31:*.war=01;31:*.ear=01;31:*.sar=01;31:*.rar=01;31:*.alz=01;31:*.ace=01;31:*.zoo=01;31:*.cpio=01;31:*.7z=01;31:*.rz=01;31:*.cab=01;31:*.wim=01;31:*.swm=01;31:*.dwm=01;31:*.esd=01;31:*.avif=01;35:*.jpg=01;35:*.jpeg=01;35:*.mjpg=01;35:*.mjpeg=01;35:*.gif=01;35:*.bmp=01;35:*.pbm=01;35:*.pgm=01;35:*.ppm=01;35:*.tga=01;35:*.xbm=01;35:*.xpm=01;35:*.tif=01;35:*.tiff=01;35:*.png=01;35:*.svg=01;35:*.svgz=01;35:*.mng=01;35:*.pcx=01;35:*.mov=01;35:*.mpg=01;35:*.mpeg=01;35:*.m2v=01;35:*.mkv=01;35:*.webm=01;35:*.webp=01;35:*.ogm=01;35:*.mp4=01;35:*.m4v=01;35:*.mp4v=01;35:*.vob=01;35:*.qt=01;35:*.nuv=01;35:*.wmv=01;35:*.asf=01;35:*.rm=01;35:*.rmvb=01;35:*.flc=01;35:*.avi=01;35:*.fli=01;35:*.flv=01;35:*.gl=01;35:*.dl=01;35:*.xcf=01;35:*.xwd=01;35:*.yuv=01;35:*.cgm=01;35:*.emf=01;35:*.ogv=01;35:*.ogx=01;35:*.aac=00;36:*.au=00;36:*.flac=00;36:*.m4a=00;36:*.mid=00;36:*.midi=00;36:*.mka=00;36:*.mp3=00;36:*.mpc=00;36:*.ogg=00;36:*.ra=00;36:*.wav=00;36:*.oga=00;36:*.opus=00;36:*.spx=00;36:*.xspf=00;36:*~=00;90:*#=00;90:*.bak=00;90:*.crdownload=00;90:*.dpkg-dist=00;90:*.dpkg-new=00;90:*.dpkg-old=00;90:*.dpkg-tmp=00;90:*.old=00;90:*.orig=00;90:*.part=00;90:*.rej=00;90:*.rpmnew=00;90:*.rpmorig=00;90:*.rpmsave=00;90:*.swp=00;90:*.tmp=00;90:*.ucf-dist=00;90:*.ucf-new=00;90:*.ucf-old=00;90:', 'SSH_AUTH_SOCK': '/run/user/2001/keyring/ssh', 'AMENT_PREFIX_PATH': '/home/sejong/Desktop/SH_ws/install/sh_motion_demo:/home/sejong/Desktop/SH_ws/install/sh_motion_cpp:/home/sejong/Desktop/SH_ws/install/SH_moveit_limit_config:/home/sejong/Desktop/SH_ws/install/SH_moveit_head_config:/home/sejong/Desktop/SH_ws/install/SH_moveit_demo_config:/home/sejong/Desktop/SH_ws/install/SH_moveit_config:/home/sejong/Desktop/SH_ws/install/SH_Humanoid_description:/opt/ros/jazzy', 'SHELL': '/bin/bash', 'TERMINATOR_UUID': 'urn:uuid:ad64abfb-00cc-44da-b49f-ecb082c818b8', 'QT_ACCESSIBILITY': '1', 'GDMSESSION': 'ubuntu', 'LESSCLOSE': '/usr/bin/lesspipe %s %s', 'GPG_AGENT_INFO': '/run/user/2001/gnupg/S.gpg-agent:0:1', 'GJS_DEBUG_OUTPUT': 'stderr', 'ROS_AUTOMATIC_DISCOVERY_RANGE': 'SUBNET', 'QT_IM_MODULE': 'ibus', 'PWD': '/home/sejong/Desktop/SH_ws/build/sh_motion_cpp', 'XDG_CONFIG_DIRS': '/etc/xdg/xdg-ubuntu:/etc/xdg', 'XDG_DATA_DIRS': '/usr/share/ubuntu:/usr/share/gnome:/usr/local/share/:/usr/share/:/var/lib/snapd/desktop', 'PYTHONPATH': '/home/sejong/Desktop/SH_ws/install/ros2_interfaces/lib/python3.12/site-packages:/home/sejong/Desktop/SH_ws/install/sh_motion_demo/lib/python3.12/site-packages:/home/sejong/Desktop/SH_ws/install/SH_Humanoid_description/lib/python3.12/site-packages:/opt/ros/jazzy/lib/python3.12/site-packages', 'COLCON': '1', 'VTE_VERSION': '7600', 'CMAKE_PREFIX_PATH': '/home/sejong/Desktop/SH_ws/install/sh_motion_demo:/home/sejong/Desktop/SH_ws/install/SH_Humanoid_description:/opt/ros/jazzy:/home/sejong/Desktop/SH_ws/install/ros2_interfaces:/home/sejong/Desktop/SH_ws/install/sh_motion_cpp:/home/sejong/Desktop/SH_ws/install/SH_moveit_limit_config:/home/sejong/Desktop/SH_ws/install/SH_moveit_head_config:/home/sejong/Desktop/SH_ws/install/SH_moveit_demo_config:/home/sejong/Desktop/SH_ws/install/SH_moveit_config:/opt/ros/jazzy/opt/sdformat_vendor:/opt/ros/jazzy/opt/gz_math_vendor:/opt/ros/jazzy/opt/gz_utils_vendor:/opt/ros/jazzy/opt/gz_tools_vendor:/opt/ros/jazzy/opt/gz_cmake_vendor'}), 'shell': False}
[0.809338] (sh_motion_cpp) StdoutLine: {'line': b'-- Install configuration: ""\n'}
[0.810096] (sh_motion_cpp) StdoutLine: {'line': b'-- Execute custom install script\n'}
[0.810580] (sh_motion_cpp) StdoutLine: {'line': b'-- Up-to-date symlink: /home/sejong/Desktop/SH_ws/install/sh_motion_cpp/lib/sh_motion_cpp/wave\n'}
[0.810764] (sh_motion_cpp) StdoutLine: {'line': b'-- Up-to-date symlink: /home/sejong/Desktop/SH_ws/install/sh_motion_cpp/lib/sh_motion_cpp/trajectory_bridge_node\n'}
[0.810927] (sh_motion_cpp) StdoutLine: {'line': b'-- Up-to-date symlink: /home/sejong/Desktop/SH_ws/install/sh_motion_cpp/lib/sh_motion_cpp/joint_state_bridge\n'}
[0.811129] (sh_motion_cpp) StdoutLine: {'line': b'-- Up-to-date symlink: /home/sejong/Desktop/SH_ws/install/sh_motion_cpp/share/ament_index/resource_index/package_run_dependencies/sh_motion_cpp\n'}
[0.811401] (sh_motion_cpp) StdoutLine: {'line': b'-- Up-to-date symlink: /home/sejong/Desktop/SH_ws/install/sh_motion_cpp/share/ament_index/resource_index/parent_prefix_path/sh_motion_cpp\n'}
[0.811642] (sh_motion_cpp) StdoutLine: {'line': b'-- Up-to-date symlink: /home/sejong/Desktop/SH_ws/install/sh_motion_cpp/share/sh_motion_cpp/environment/ament_prefix_path.sh\n'}
[0.811797] (sh_motion_cpp) StdoutLine: {'line': b'-- Up-to-date symlink: /home/sejong/Desktop/SH_ws/install/sh_motion_cpp/share/sh_motion_cpp/environment/ament_prefix_path.dsv\n'}
[0.812009] (sh_motion_cpp) StdoutLine: {'line': b'-- Up-to-date symlink: /home/sejong/Desktop/SH_ws/install/sh_motion_cpp/share/sh_motion_cpp/environment/path.sh\n'}
[0.812164] (sh_motion_cpp) StdoutLine: {'line': b'-- Up-to-date symlink: /home/sejong/Desktop/SH_ws/install/sh_motion_cpp/share/sh_motion_cpp/environment/path.dsv\n'}
[0.812351] (sh_motion_cpp) StdoutLine: {'line': b'-- Up-to-date symlink: /home/sejong/Desktop/SH_ws/install/sh_motion_cpp/share/sh_motion_cpp/local_setup.bash\n'}
[0.812556] (sh_motion_cpp) StdoutLine: {'line': b'-- Up-to-date symlink: /home/sejong/Desktop/SH_ws/install/sh_motion_cpp/share/sh_motion_cpp/local_setup.sh\n'}
[0.812763] (sh_motion_cpp) StdoutLine: {'line': b'-- Up-to-date symlink: /home/sejong/Desktop/SH_ws/install/sh_motion_cpp/share/sh_motion_cpp/local_setup.zsh\n'}
[0.812912] (sh_motion_cpp) StdoutLine: {'line': b'-- Up-to-date symlink: /home/sejong/Desktop/SH_ws/install/sh_motion_cpp/share/sh_motion_cpp/local_setup.dsv\n'}
[0.813055] (sh_motion_cpp) StdoutLine: {'line': b'-- Symlinking: /home/sejong/Desktop/SH_ws/install/sh_motion_cpp/share/sh_motion_cpp/package.dsv\n'}
[0.820005] (-) TimerEvent: {}
[0.825054] (sh_motion_cpp) StdoutLine: {'line': b'-- Up-to-date symlink: /home/sejong/Desktop/SH_ws/install/sh_motion_cpp/share/ament_index/resource_index/packages/sh_motion_cpp\n'}
[0.825342] (sh_motion_cpp) StdoutLine: {'line': b'-- Up-to-date symlink: /home/sejong/Desktop/SH_ws/install/sh_motion_cpp/share/sh_motion_cpp/cmake/sh_motion_cppConfig.cmake\n'}
[0.825545] (sh_motion_cpp) StdoutLine: {'line': b'-- Up-to-date symlink: /home/sejong/Desktop/SH_ws/install/sh_motion_cpp/share/sh_motion_cpp/cmake/sh_motion_cppConfig-version.cmake\n'}
[0.825728] (sh_motion_cpp) StdoutLine: {'line': b'-- Up-to-date symlink: /home/sejong/Desktop/SH_ws/install/sh_motion_cpp/share/sh_motion_cpp/package.xml\n'}
[0.829170] (sh_motion_cpp) CommandEnded: {'returncode': 0}
[0.849619] (sh_motion_cpp) JobEnded: {'identifier': 'sh_motion_cpp', 'rc': 0}
[0.864758] (SH_Humanoid_description) Command: {'cmd': ['/usr/bin/python3', '-W', 'ignore:setup.py install is deprecated', '-W', 'ignore:easy_install command is deprecated', 'setup.py', 'egg_info', '--egg-base', '../../build/SH_Humanoid_description', 'build', '--build-base', '/home/sejong/Desktop/SH_ws/build/SH_Humanoid_description/build', 'install', '--record', '/home/sejong/Desktop/SH_ws/build/SH_Humanoid_description/install.log', '--install-scripts', '$base/lib/SH_Humanoid_description', '--single-version-externally-managed', 'install_data'], 'cwd': '/home/sejong/Desktop/SH_ws/src/SH_Humanoid_description', 'env': {'GJS_DEBUG_TOPICS': 'JS ERROR;JS LOG', 'XDG_ACTIVATION_TOKEN': 'gnome-shell/Terminator/3885-0-localhost.localdomain_TIME74155', 'LESSOPEN': '| /usr/bin/lesspipe %s', 'USER': 'sejong', 'GZ_CONFIG_PATH': '/opt/ros/jazzy/opt/sdformat_vendor/share/gz', 'ROS_PACKAGE_PATH': '/home/sejong/Desktop/SH_ws/install/ros2_interfaces/share', 'XDG_SESSION_TYPE': 'x11', 'CLUTTER_DISABLE_MIPMAPPED_TEXT': '1', 'SHLVL': '1', 'LD_LIBRARY_PATH': '/home/sejong/Desktop/SH_ws/install/ros2_interfaces/lib:/opt/ros/jazzy/opt/sdformat_vendor/lib:/opt/ros/jazzy/opt/rviz_ogre_vendor/lib:/opt/ros/jazzy/lib/aarch64-linux-gnu:/opt/ros/jazzy/opt/gz_math_vendor/lib:/opt/ros/jazzy/opt/gz_utils_vendor/lib:/opt/ros/jazzy/opt/gz_tools_vendor/lib:/opt/ros/jazzy/opt/gz_cmake_vendor/lib:/opt/ros/jazzy/lib:/usr/local/cuda-13.2/lib64:', 'HOME': '/home/sejong', 'OLDPWD': '/home/sejong', 'DESKTOP_SESSION': 'ubuntu', 'GIO_LAUNCHED_DESKTOP_FILE': '/usr/share/applications/terminator.desktop', 'ROS_PYTHON_VERSION': '3', 'GNOME_SHELL_SESSION_MODE': 'ubuntu', 'GTK_MODULES': 'gail:atk-bridge', 'MANAGERPID': '3555', 'SYSTEMD_EXEC_PID': '3885', 'GSM_SKIP_SSH_AGENT_WORKAROUND': 'true', 'DBUS_SESSION_BUS_ADDRESS': 'unix:path=/run/user/2001/bus', 'COLORTERM': 'truecolor', 'TERMINATOR_DBUS_NAME': 'net.tenshu.Terminator23558193cd9818af7fe4d2c2f5bd9d00f', 'GIO_LAUNCHED_DESKTOP_FILE_PID': '4892', 'DEBUGINFOD_URLS': 'https://debuginfod.ubuntu.com', 'IM_CONFIG_PHASE': '1', 'COLCON_PREFIX_PATH': '/home/sejong/Desktop/SH_ws/install', 'ROS_DISTRO': 'jazzy', 'LOGNAME': 'sejong', 'JOURNAL_STREAM': '8:54497', '_': '/usr/bin/colcon', 'ROS_VERSION': '2', 'PKG_CONFIG_PATH': '/home/sejong/Desktop/SH_ws/install/ros2_interfaces/lib/aarch64-linux-gnu/pkgconfig:/home/sejong/Desktop/SH_ws/install/ros2_interfaces/lib/pkgconfig', 'XDG_SESSION_CLASS': 'user', 'USERNAME': 'sejong', 'TERM': 'xterm-256color', 'GNOME_DESKTOP_SESSION_ID': 'this-is-deprecated', 'WINDOWPATH': '2', 'PATH': '/home/sejong/.local/bin:/opt/ros/jazzy/opt/gz_tools_vendor/bin:/opt/ros/jazzy/bin:/usr/local/cuda-13.2/bin:/home/sejong/.local/bin:/usr/local/sbin:/usr/local/bin:/usr/sbin:/usr/bin:/sbin:/bin:/usr/games:/usr/local/games:/snap/bin:/snap/bin', 'SESSION_MANAGER': 'local/localhost.localdomain:@/tmp/.ICE-unix/3854,unix/localhost.localdomain:/tmp/.ICE-unix/3854', 'INVOCATION_ID': 'c0f5b2c3a0cb4f21ac79f83a089a761f', 'XDG_MENU_PREFIX': 'gnome-', 'XDG_RUNTIME_DIR': '/run/user/2001', 'DISPLAY': ':1', 'TERMINATOR_DBUS_PATH': '/net/tenshu/Terminator2', 'LANG': 'en_US.UTF-8', 'XDG_CURRENT_DESKTOP': 'ubuntu:GNOME', 'XMODIFIERS': '@im=ibus', 'XDG_SESSION_DESKTOP': 'ubuntu', 'XAUTHORITY': '/run/user/2001/gdm/Xauthority', 'LS_COLORS': 'rs=0:di=01;34:ln=01;36:mh=00:pi=40;33:so=01;35:do=01;35:bd=40;33;01:cd=40;33;01:or=40;31;01:mi=00:su=37;41:sg=30;43:ca=00:tw=30;42:ow=34;42:st=37;44:ex=01;32:*.tar=01;31:*.tgz=01;31:*.arc=01;31:*.arj=01;31:*.taz=01;31:*.lha=01;31:*.lz4=01;31:*.lzh=01;31:*.lzma=01;31:*.tlz=01;31:*.txz=01;31:*.tzo=01;31:*.t7z=01;31:*.zip=01;31:*.z=01;31:*.dz=01;31:*.gz=01;31:*.lrz=01;31:*.lz=01;31:*.lzo=01;31:*.xz=01;31:*.zst=01;31:*.tzst=01;31:*.bz2=01;31:*.bz=01;31:*.tbz=01;31:*.tbz2=01;31:*.tz=01;31:*.deb=01;31:*.rpm=01;31:*.jar=01;31:*.war=01;31:*.ear=01;31:*.sar=01;31:*.rar=01;31:*.alz=01;31:*.ace=01;31:*.zoo=01;31:*.cpio=01;31:*.7z=01;31:*.rz=01;31:*.cab=01;31:*.wim=01;31:*.swm=01;31:*.dwm=01;31:*.esd=01;31:*.avif=01;35:*.jpg=01;35:*.jpeg=01;35:*.mjpg=01;35:*.mjpeg=01;35:*.gif=01;35:*.bmp=01;35:*.pbm=01;35:*.pgm=01;35:*.ppm=01;35:*.tga=01;35:*.xbm=01;35:*.xpm=01;35:*.tif=01;35:*.tiff=01;35:*.png=01;35:*.svg=01;35:*.svgz=01;35:*.mng=01;35:*.pcx=01;35:*.mov=01;35:*.mpg=01;35:*.mpeg=01;35:*.m2v=01;35:*.mkv=01;35:*.webm=01;35:*.webp=01;35:*.ogm=01;35:*.mp4=01;35:*.m4v=01;35:*.mp4v=01;35:*.vob=01;35:*.qt=01;35:*.nuv=01;35:*.wmv=01;35:*.asf=01;35:*.rm=01;35:*.rmvb=01;35:*.flc=01;35:*.avi=01;35:*.fli=01;35:*.flv=01;35:*.gl=01;35:*.dl=01;35:*.xcf=01;35:*.xwd=01;35:*.yuv=01;35:*.cgm=01;35:*.emf=01;35:*.ogv=01;35:*.ogx=01;35:*.aac=00;36:*.au=00;36:*.flac=00;36:*.m4a=00;36:*.mid=00;36:*.midi=00;36:*.mka=00;36:*.mp3=00;36:*.mpc=00;36:*.ogg=00;36:*.ra=00;36:*.wav=00;36:*.oga=00;36:*.opus=00;36:*.spx=00;36:*.xspf=00;36:*~=00;90:*#=00;90:*.bak=00;90:*.crdownload=00;90:*.dpkg-dist=00;90:*.dpkg-new=00;90:*.dpkg-old=00;90:*.dpkg-tmp=00;90:*.old=00;90:*.orig=00;90:*.part=00;90:*.rej=00;90:*.rpmnew=00;90:*.rpmorig=00;90:*.rpmsave=00;90:*.swp=00;90:*.tmp=00;90:*.ucf-dist=00;90:*.ucf-new=00;90:*.ucf-old=00;90:', 'SSH_AUTH_SOCK': '/run/user/2001/keyring/ssh', 'AMENT_PREFIX_PATH': '/home/sejong/Desktop/SH_ws/install/sh_motion_demo:/home/sejong/Desktop/SH_ws/install/sh_motion_cpp:/home/sejong/Desktop/SH_ws/install/SH_moveit_limit_config:/home/sejong/Desktop/SH_ws/install/SH_moveit_head_config:/home/sejong/Desktop/SH_ws/install/SH_moveit_demo_config:/home/sejong/Desktop/SH_ws/install/SH_moveit_config:/home/sejong/Desktop/SH_ws/install/SH_Humanoid_description:/opt/ros/jazzy', 'SHELL': '/bin/bash', 'TERMINATOR_UUID': 'urn:uuid:ad64abfb-00cc-44da-b49f-ecb082c818b8', 'QT_ACCESSIBILITY': '1', 'GDMSESSION': 'ubuntu', 'LESSCLOSE': '/usr/bin/lesspipe %s %s', 'GPG_AGENT_INFO': '/run/user/2001/gnupg/S.gpg-agent:0:1', 'GJS_DEBUG_OUTPUT': 'stderr', 'ROS_AUTOMATIC_DISCOVERY_RANGE': 'SUBNET', 'QT_IM_MODULE': 'ibus', 'PWD': '/home/sejong/Desktop/SH_ws/build/SH_Humanoid_description', 'XDG_CONFIG_DIRS': '/etc/xdg/xdg-ubuntu:/etc/xdg', 'XDG_DATA_DIRS': '/usr/share/ubuntu:/usr/share/gnome:/usr/local/share/:/usr/share/:/var/lib/snapd/desktop', 'PYTHONPATH': '/home/sejong/Desktop/SH_ws/build/SH_Humanoid_description/prefix_override:/usr/lib/python3/dist-packages/colcon_core/task/python/colcon_distutils_commands:/home/sejong/Desktop/SH_ws/install/SH_Humanoid_description/lib/python3.12/site-packages:/home/sejong/Desktop/SH_ws/install/sh_motion_demo/lib/python3.12/site-packages:/home/sejong/Desktop/SH_ws/install/ros2_interfaces/lib/python3.12/site-packages:/home/sejong/Desktop/SH_ws/install/SH_Humanoid_description/lib/python3.12/site-packages:/opt/ros/jazzy/lib/python3.12/site-packages', 'COLCON': '1', 'VTE_VERSION': '7600', 'CMAKE_PREFIX_PATH': '/home/sejong/Desktop/SH_ws/install/sh_motion_cpp:/home/sejong/Desktop/SH_ws/install/ros2_interfaces:/home/sejong/Desktop/SH_ws/install/SH_moveit_limit_config:/home/sejong/Desktop/SH_ws/install/SH_moveit_head_config:/home/sejong/Desktop/SH_ws/install/SH_moveit_demo_config:/home/sejong/Desktop/SH_ws/install/SH_moveit_config:/opt/ros/jazzy/opt/sdformat_vendor:/opt/ros/jazzy/opt/gz_math_vendor:/opt/ros/jazzy/opt/gz_utils_vendor:/opt/ros/jazzy/opt/gz_tools_vendor:/opt/ros/jazzy/opt/gz_cmake_vendor'}, 'shell': False}
[0.868134] (sh_motion_demo) Command: {'cmd': ['/usr/bin/python3', '-W', 'ignore:setup.py install is deprecated', '-W', 'ignore:easy_install command is deprecated', 'setup.py', 'egg_info', '--egg-base', '../../build/sh_motion_demo', 'build', '--build-base', '/home/sejong/Desktop/SH_ws/build/sh_motion_demo/build', 'install', '--record', '/home/sejong/Desktop/SH_ws/build/sh_motion_demo/install.log', '--single-version-externally-managed', 'install_data'], 'cwd': '/home/sejong/Desktop/SH_ws/src/sh_motion_demo', 'env': {'GJS_DEBUG_TOPICS': 'JS ERROR;JS LOG', 'XDG_ACTIVATION_TOKEN': 'gnome-shell/Terminator/3885-0-localhost.localdomain_TIME74155', 'LESSOPEN': '| /usr/bin/lesspipe %s', 'USER': 'sejong', 'GZ_CONFIG_PATH': '/opt/ros/jazzy/opt/sdformat_vendor/share/gz', 'ROS_PACKAGE_PATH': '/home/sejong/Desktop/SH_ws/install/ros2_interfaces/share', 'XDG_SESSION_TYPE': 'x11', 'CLUTTER_DISABLE_MIPMAPPED_TEXT': '1', 'SHLVL': '1', 'LD_LIBRARY_PATH': '/home/sejong/Desktop/SH_ws/install/ros2_interfaces/lib:/opt/ros/jazzy/opt/sdformat_vendor/lib:/opt/ros/jazzy/opt/rviz_ogre_vendor/lib:/opt/ros/jazzy/lib/aarch64-linux-gnu:/opt/ros/jazzy/opt/gz_math_vendor/lib:/opt/ros/jazzy/opt/gz_utils_vendor/lib:/opt/ros/jazzy/opt/gz_tools_vendor/lib:/opt/ros/jazzy/opt/gz_cmake_vendor/lib:/opt/ros/jazzy/lib:/usr/local/cuda-13.2/lib64:', 'HOME': '/home/sejong', 'OLDPWD': '/home/sejong', 'DESKTOP_SESSION': 'ubuntu', 'GIO_LAUNCHED_DESKTOP_FILE': '/usr/share/applications/terminator.desktop', 'ROS_PYTHON_VERSION': '3', 'GNOME_SHELL_SESSION_MODE': 'ubuntu', 'GTK_MODULES': 'gail:atk-bridge', 'MANAGERPID': '3555', 'SYSTEMD_EXEC_PID': '3885', 'GSM_SKIP_SSH_AGENT_WORKAROUND': 'true', 'DBUS_SESSION_BUS_ADDRESS': 'unix:path=/run/user/2001/bus', 'COLORTERM': 'truecolor', 'TERMINATOR_DBUS_NAME': 'net.tenshu.Terminator23558193cd9818af7fe4d2c2f5bd9d00f', 'GIO_LAUNCHED_DESKTOP_FILE_PID': '4892', 'DEBUGINFOD_URLS': 'https://debuginfod.ubuntu.com', 'IM_CONFIG_PHASE': '1', 'COLCON_PREFIX_PATH': '/home/sejong/Desktop/SH_ws/install', 'ROS_DISTRO': 'jazzy', 'LOGNAME': 'sejong', 'JOURNAL_STREAM': '8:54497', '_': '/usr/bin/colcon', 'ROS_VERSION': '2', 'PKG_CONFIG_PATH': '/home/sejong/Desktop/SH_ws/install/ros2_interfaces/lib/aarch64-linux-gnu/pkgconfig:/home/sejong/Desktop/SH_ws/install/ros2_interfaces/lib/pkgconfig', 'XDG_SESSION_CLASS': 'user', 'USERNAME': 'sejong', 'TERM': 'xterm-256color', 'GNOME_DESKTOP_SESSION_ID': 'this-is-deprecated', 'WINDOWPATH': '2', 'PATH': '/home/sejong/.local/bin:/opt/ros/jazzy/opt/gz_tools_vendor/bin:/opt/ros/jazzy/bin:/usr/local/cuda-13.2/bin:/home/sejong/.local/bin:/usr/local/sbin:/usr/local/bin:/usr/sbin:/usr/bin:/sbin:/bin:/usr/games:/usr/local/games:/snap/bin:/snap/bin', 'SESSION_MANAGER': 'local/localhost.localdomain:@/tmp/.ICE-unix/3854,unix/localhost.localdomain:/tmp/.ICE-unix/3854', 'INVOCATION_ID': 'c0f5b2c3a0cb4f21ac79f83a089a761f', 'XDG_MENU_PREFIX': 'gnome-', 'XDG_RUNTIME_DIR': '/run/user/2001', 'DISPLAY': ':1', 'TERMINATOR_DBUS_PATH': '/net/tenshu/Terminator2', 'LANG': 'en_US.UTF-8', 'XDG_CURRENT_DESKTOP': 'ubuntu:GNOME', 'XMODIFIERS': '@im=ibus', 'XDG_SESSION_DESKTOP': 'ubuntu', 'XAUTHORITY': '/run/user/2001/gdm/Xauthority', 'LS_COLORS': 'rs=0:di=01;34:ln=01;36:mh=00:pi=40;33:so=01;35:do=01;35:bd=40;33;01:cd=40;33;01:or=40;31;01:mi=00:su=37;41:sg=30;43:ca=00:tw=30;42:ow=34;42:st=37;44:ex=01;32:*.tar=01;31:*.tgz=01;31:*.arc=01;31:*.arj=01;31:*.taz=01;31:*.lha=01;31:*.lz4=01;31:*.lzh=01;31:*.lzma=01;31:*.tlz=01;31:*.txz=01;31:*.tzo=01;31:*.t7z=01;31:*.zip=01;31:*.z=01;31:*.dz=01;31:*.gz=01;31:*.lrz=01;31:*.lz=01;31:*.lzo=01;31:*.xz=01;31:*.zst=01;31:*.tzst=01;31:*.bz2=01;31:*.bz=01;31:*.tbz=01;31:*.tbz2=01;31:*.tz=01;31:*.deb=01;31:*.rpm=01;31:*.jar=01;31:*.war=01;31:*.ear=01;31:*.sar=01;31:*.rar=01;31:*.alz=01;31:*.ace=01;31:*.zoo=01;31:*.cpio=01;31:*.7z=01;31:*.rz=01;31:*.cab=01;31:*.wim=01;31:*.swm=01;31:*.dwm=01;31:*.esd=01;31:*.avif=01;35:*.jpg=01;35:*.jpeg=01;35:*.mjpg=01;35:*.mjpeg=01;35:*.gif=01;35:*.bmp=01;35:*.pbm=01;35:*.pgm=01;35:*.ppm=01;35:*.tga=01;35:*.xbm=01;35:*.xpm=01;35:*.tif=01;35:*.tiff=01;35:*.png=01;35:*.svg=01;35:*.svgz=01;35:*.mng=01;35:*.pcx=01;35:*.mov=01;35:*.mpg=01;35:*.mpeg=01;35:*.m2v=01;35:*.mkv=01;35:*.webm=01;35:*.webp=01;35:*.ogm=01;35:*.mp4=01;35:*.m4v=01;35:*.mp4v=01;35:*.vob=01;35:*.qt=01;35:*.nuv=01;35:*.wmv=01;35:*.asf=01;35:*.rm=01;35:*.rmvb=01;35:*.flc=01;35:*.avi=01;35:*.fli=01;35:*.flv=01;35:*.gl=01;35:*.dl=01;35:*.xcf=01;35:*.xwd=01;35:*.yuv=01;35:*.cgm=01;35:*.emf=01;35:*.ogv=01;35:*.ogx=01;35:*.aac=00;36:*.au=00;36:*.flac=00;36:*.m4a=00;36:*.mid=00;36:*.midi=00;36:*.mka=00;36:*.mp3=00;36:*.mpc=00;36:*.ogg=00;36:*.ra=00;36:*.wav=00;36:*.oga=00;36:*.opus=00;36:*.spx=00;36:*.xspf=00;36:*~=00;90:*#=00;90:*.bak=00;90:*.crdownload=00;90:*.dpkg-dist=00;90:*.dpkg-new=00;90:*.dpkg-old=00;90:*.dpkg-tmp=00;90:*.old=00;90:*.orig=00;90:*.part=00;90:*.rej=00;90:*.rpmnew=00;90:*.rpmorig=00;90:*.rpmsave=00;90:*.swp=00;90:*.tmp=00;90:*.ucf-dist=00;90:*.ucf-new=00;90:*.ucf-old=00;90:', 'SSH_AUTH_SOCK': '/run/user/2001/keyring/ssh', 'AMENT_PREFIX_PATH': '/home/sejong/Desktop/SH_ws/install/sh_motion_demo:/home/sejong/Desktop/SH_ws/install/sh_motion_cpp:/home/sejong/Desktop/SH_ws/install/SH_moveit_limit_config:/home/sejong/Desktop/SH_ws/install/SH_moveit_head_config:/home/sejong/Desktop/SH_ws/install/SH_moveit_demo_config:/home/sejong/Desktop/SH_ws/install/SH_moveit_config:/home/sejong/Desktop/SH_ws/install/SH_Humanoid_description:/opt/ros/jazzy', 'SHELL': '/bin/bash', 'TERMINATOR_UUID': 'urn:uuid:ad64abfb-00cc-44da-b49f-ecb082c818b8', 'QT_ACCESSIBILITY': '1', 'GDMSESSION': 'ubuntu', 'LESSCLOSE': '/usr/bin/lesspipe %s %s', 'GPG_AGENT_INFO': '/run/user/2001/gnupg/S.gpg-agent:0:1', 'GJS_DEBUG_OUTPUT': 'stderr', 'ROS_AUTOMATIC_DISCOVERY_RANGE': 'SUBNET', 'QT_IM_MODULE': 'ibus', 'PWD': '/home/sejong/Desktop/SH_ws/build/sh_motion_demo', 'XDG_CONFIG_DIRS': '/etc/xdg/xdg-ubuntu:/etc/xdg', 'XDG_DATA_DIRS': '/usr/share/ubuntu:/usr/share/gnome:/usr/local/share/:/usr/share/:/var/lib/snapd/desktop', 'PYTHONPATH': '/home/sejong/Desktop/SH_ws/build/sh_motion_demo/prefix_override:/usr/lib/python3/dist-packages/colcon_core/task/python/colcon_distutils_commands:/home/sejong/Desktop/SH_ws/install/sh_motion_demo/lib/python3.12/site-packages:/home/sejong/Desktop/SH_ws/install/sh_motion_demo/lib/python3.12/site-packages:/home/sejong/Desktop/SH_ws/install/ros2_interfaces/lib/python3.12/site-packages:/home/sejong/Desktop/SH_ws/install/SH_Humanoid_description/lib/python3.12/site-packages:/opt/ros/jazzy/lib/python3.12/site-packages', 'COLCON': '1', 'VTE_VERSION': '7600', 'CMAKE_PREFIX_PATH': '/home/sejong/Desktop/SH_ws/install/sh_motion_cpp:/home/sejong/Desktop/SH_ws/install/ros2_interfaces:/home/sejong/Desktop/SH_ws/install/SH_moveit_limit_config:/home/sejong/Desktop/SH_ws/install/SH_moveit_head_config:/home/sejong/Desktop/SH_ws/install/SH_moveit_demo_config:/home/sejong/Desktop/SH_ws/install/SH_moveit_config:/opt/ros/jazzy/opt/sdformat_vendor:/opt/ros/jazzy/opt/gz_math_vendor:/opt/ros/jazzy/opt/gz_utils_vendor:/opt/ros/jazzy/opt/gz_tools_vendor:/opt/ros/jazzy/opt/gz_cmake_vendor'}, 'shell': False}
[0.920097] (-) TimerEvent: {}
[0.968579] (SH_Humanoid_description) StderrLine: {'line': b'/usr/lib/python3/dist-packages/setuptools/dist.py:744: SetuptoolsDeprecationWarning: Invalid dash-separated options\n'}
[0.968991] (SH_Humanoid_description) StderrLine: {'line': b'!!\n'}
[0.969142] (SH_Humanoid_description) StderrLine: {'line': b'\n'}
[0.969269] (SH_Humanoid_description) StderrLine: {'line': b'        ********************************************************************************\n'}
[0.969393] (SH_Humanoid_description) StderrLine: {'line': b"        Usage of dash-separated 'script-dir' will not be supported in future\n"}
[0.969517] (SH_Humanoid_description) StderrLine: {'line': b"        versions. Please use the underscore name 'script_dir' instead.\n"}
[0.969639] (SH_Humanoid_description) StderrLine: {'line': b'\n'}
[0.969759] (SH_Humanoid_description) StderrLine: {'line': b'        This deprecation is overdue, please update your project and remove deprecated\n'}
[0.969878] (SH_Humanoid_description) StderrLine: {'line': b'        calls to avoid build errors in the future.\n'}
[0.969997] (SH_Humanoid_description) StderrLine: {'line': b'\n'}
[0.970115] (SH_Humanoid_description) StderrLine: {'line': b'        See https://setuptools.pypa.io/en/latest/userguide/declarative_config.html for details.\n'}
[0.970235] (SH_Humanoid_description) StderrLine: {'line': b'        ********************************************************************************\n'}
[0.970364] (SH_Humanoid_description) StderrLine: {'line': b'\n'}
[0.970481] (SH_Humanoid_description) StderrLine: {'line': b'!!\n'}
[0.970598] (SH_Humanoid_description) StderrLine: {'line': b'  opt = self.warn_dash_deprecation(opt, section)\n'}
[1.020207] (-) TimerEvent: {}
[1.050004] (SH_Humanoid_description) StdoutLine: {'line': b'running egg_info\n'}
[1.060872] (SH_Humanoid_description) StdoutLine: {'line': b'writing ../../build/SH_Humanoid_description/SH_Humanoid_description.egg-info/PKG-INFO\n'}
[1.061285] (SH_Humanoid_description) StdoutLine: {'line': b'writing dependency_links to ../../build/SH_Humanoid_description/SH_Humanoid_description.egg-info/dependency_links.txt\n'}
[1.061497] (SH_Humanoid_description) StdoutLine: {'line': b'writing requirements to ../../build/SH_Humanoid_description/SH_Humanoid_description.egg-info/requires.txt\n'}
[1.061626] (SH_Humanoid_description) StdoutLine: {'line': b'writing top-level names to ../../build/SH_Humanoid_description/SH_Humanoid_description.egg-info/top_level.txt\n'}
[1.066069] (sh_motion_demo) StdoutLine: {'line': b'running egg_info\n'}
[1.077615] (sh_motion_demo) StdoutLine: {'line': b'writing ../../build/sh_motion_demo/sh_motion_demo.egg-info/PKG-INFO\n'}
[1.079445] (sh_motion_demo) StdoutLine: {'line': b'writing dependency_links to ../../build/sh_motion_demo/sh_motion_demo.egg-info/dependency_links.txt\n'}
[1.079576] (sh_motion_demo) StdoutLine: {'line': b'writing entry points to ../../build/sh_motion_demo/sh_motion_demo.egg-info/entry_points.txt\n'}
[1.079696] (sh_motion_demo) StdoutLine: {'line': b'writing requirements to ../../build/sh_motion_demo/sh_motion_demo.egg-info/requires.txt\n'}
[1.079812] (sh_motion_demo) StdoutLine: {'line': b'writing top-level names to ../../build/sh_motion_demo/sh_motion_demo.egg-info/top_level.txt\n'}
[1.085286] (SH_Humanoid_description) StdoutLine: {'line': b"reading manifest file '../../build/SH_Humanoid_description/SH_Humanoid_description.egg-info/SOURCES.txt'\n"}
[1.087161] (SH_Humanoid_description) StdoutLine: {'line': b"writing manifest file '../../build/SH_Humanoid_description/SH_Humanoid_description.egg-info/SOURCES.txt'\n"}
[1.087305] (SH_Humanoid_description) StdoutLine: {'line': b'running build\n'}
[1.087465] (SH_Humanoid_description) StdoutLine: {'line': b'running build_py\n'}
[1.087606] (SH_Humanoid_description) StdoutLine: {'line': b'running install\n'}
[1.092452] (SH_Humanoid_description) StdoutLine: {'line': b'running install_lib\n'}
[1.102313] (sh_motion_demo) StdoutLine: {'line': b"reading manifest file '../../build/sh_motion_demo/sh_motion_demo.egg-info/SOURCES.txt'\n"}
[1.103037] (sh_motion_demo) StdoutLine: {'line': b"writing manifest file '../../build/sh_motion_demo/sh_motion_demo.egg-info/SOURCES.txt'\n"}
[1.103202] (sh_motion_demo) StdoutLine: {'line': b'running build\n'}
[1.103345] (sh_motion_demo) StdoutLine: {'line': b'running build_py\n'}
[1.103509] (sh_motion_demo) StdoutLine: {'line': b'running install\n'}
[1.104245] (SH_Humanoid_description) StdoutLine: {'line': b'running install_data\n'}
[1.106011] (SH_Humanoid_description) StdoutLine: {'line': b'running install_egg_info\n'}
[1.108652] (sh_motion_demo) StdoutLine: {'line': b'running install_lib\n'}
[1.118548] (SH_Humanoid_description) StdoutLine: {'line': b"removing '/home/sejong/Desktop/SH_ws/install/SH_Humanoid_description/lib/python3.12/site-packages/SH_Humanoid_description-0.0.0-py3.12.egg-info' (and everything under it)\n"}
[1.120270] (-) TimerEvent: {}
[1.120982] (sh_motion_demo) StdoutLine: {'line': b'running install_data\n'}
[1.121222] (SH_Humanoid_description) StdoutLine: {'line': b'Copying ../../build/SH_Humanoid_description/SH_Humanoid_description.egg-info to /home/sejong/Desktop/SH_ws/install/SH_Humanoid_description/lib/python3.12/site-packages/SH_Humanoid_description-0.0.0-py3.12.egg-info\n'}
[1.121348] (SH_Humanoid_description) StdoutLine: {'line': b'running install_scripts\n'}
[1.121455] (sh_motion_demo) StdoutLine: {'line': b'running install_egg_info\n'}
[1.134062] (sh_motion_demo) StdoutLine: {'line': b"removing '/home/sejong/Desktop/SH_ws/install/sh_motion_demo/lib/python3.12/site-packages/sh_motion_demo-0.0.0-py3.12.egg-info' (and everything under it)\n"}
[1.134962] (sh_motion_demo) StdoutLine: {'line': b'Copying ../../build/sh_motion_demo/sh_motion_demo.egg-info to /home/sejong/Desktop/SH_ws/install/sh_motion_demo/lib/python3.12/site-packages/sh_motion_demo-0.0.0-py3.12.egg-info\n'}
[1.139642] (sh_motion_demo) StdoutLine: {'line': b'running install_scripts\n'}
[1.208586] (SH_Humanoid_description) StdoutLine: {'line': b"writing list of installed files to '/home/sejong/Desktop/SH_ws/build/SH_Humanoid_description/install.log'\n"}
[1.220364] (-) TimerEvent: {}
[1.227357] (sh_motion_demo) StdoutLine: {'line': b'Installing wave script to /home/sejong/Desktop/SH_ws/install/sh_motion_demo/lib/sh_motion_demo\n'}
[1.227839] (sh_motion_demo) StdoutLine: {'line': b"writing list of installed files to '/home/sejong/Desktop/SH_ws/build/sh_motion_demo/install.log'\n"}
[1.241837] (SH_Humanoid_description) CommandEnded: {'returncode': 0}
[1.252958] (SH_Humanoid_description) JobEnded: {'identifier': 'SH_Humanoid_description', 'rc': 0}
[1.254473] (SH_moveit_config) JobStarted: {'identifier': 'SH_moveit_config'}
[1.261632] (SH_moveit_demo_config) JobStarted: {'identifier': 'SH_moveit_demo_config'}
[1.268743] (SH_moveit_head_config) JobStarted: {'identifier': 'SH_moveit_head_config'}
[1.275730] (SH_moveit_limit_config) JobStarted: {'identifier': 'SH_moveit_limit_config'}
[1.284378] (sh_motion_demo) CommandEnded: {'returncode': 0}
[1.293973] (sh_motion_demo) JobEnded: {'identifier': 'sh_motion_demo', 'rc': 0}
[1.295390] (SH_moveit_config) JobProgress: {'identifier': 'SH_moveit_config', 'progress': 'cmake'}
[1.296385] (SH_moveit_config) JobProgress: {'identifier': 'SH_moveit_config', 'progress': 'build'}
[1.298780] (SH_moveit_config) Command: {'cmd': ['/usr/bin/cmake', '--build', '/home/sejong/Desktop/SH_ws/build/SH_moveit_config', '--', '-j14', '-l14'], 'cwd': '/home/sejong/Desktop/SH_ws/build/SH_moveit_config', 'env': OrderedDict({'GJS_DEBUG_TOPICS': 'JS ERROR;JS LOG', 'XDG_ACTIVATION_TOKEN': 'gnome-shell/Terminator/3885-0-localhost.localdomain_TIME74155', 'LESSOPEN': '| /usr/bin/lesspipe %s', 'USER': 'sejong', 'GZ_CONFIG_PATH': '/opt/ros/jazzy/opt/sdformat_vendor/share/gz', 'ROS_PACKAGE_PATH': '/home/sejong/Desktop/SH_ws/install/ros2_interfaces/share', 'XDG_SESSION_TYPE': 'x11', 'CLUTTER_DISABLE_MIPMAPPED_TEXT': '1', 'SHLVL': '1', 'LD_LIBRARY_PATH': '/home/sejong/Desktop/SH_ws/install/ros2_interfaces/lib:/opt/ros/jazzy/opt/sdformat_vendor/lib:/opt/ros/jazzy/opt/rviz_ogre_vendor/lib:/opt/ros/jazzy/lib/aarch64-linux-gnu:/opt/ros/jazzy/opt/gz_math_vendor/lib:/opt/ros/jazzy/opt/gz_utils_vendor/lib:/opt/ros/jazzy/opt/gz_tools_vendor/lib:/opt/ros/jazzy/opt/gz_cmake_vendor/lib:/opt/ros/jazzy/lib:/usr/local/cuda-13.2/lib64:', 'HOME': '/home/sejong', 'OLDPWD': '/home/sejong', 'DESKTOP_SESSION': 'ubuntu', 'GIO_LAUNCHED_DESKTOP_FILE': '/usr/share/applications/terminator.desktop', 'ROS_PYTHON_VERSION': '3', 'GNOME_SHELL_SESSION_MODE': 'ubuntu', 'GTK_MODULES': 'gail:atk-bridge', 'MANAGERPID': '3555', 'SYSTEMD_EXEC_PID': '3885', 'GSM_SKIP_SSH_AGENT_WORKAROUND': 'true', 'DBUS_SESSION_BUS_ADDRESS': 'unix:path=/run/user/2001/bus', 'COLORTERM': 'truecolor', 'TERMINATOR_DBUS_NAME': 'net.tenshu.Terminator23558193cd9818af7fe4d2c2f5bd9d00f', 'GIO_LAUNCHED_DESKTOP_FILE_PID': '4892', 'DEBUGINFOD_URLS': 'https://debuginfod.ubuntu.com', 'IM_CONFIG_PHASE': '1', 'COLCON_PREFIX_PATH': '/home/sejong/Desktop/SH_ws/install', 'ROS_DISTRO': 'jazzy', 'LOGNAME': 'sejong', 'JOURNAL_STREAM': '8:54497', '_': '/usr/bin/colcon', 'ROS_VERSION': '2', 'PKG_CONFIG_PATH': '/home/sejong/Desktop/SH_ws/install/ros2_interfaces/lib/aarch64-linux-gnu/pkgconfig:/home/sejong/Desktop/SH_ws/install/ros2_interfaces/lib/pkgconfig', 'XDG_SESSION_CLASS': 'user', 'USERNAME': 'sejong', 'TERM': 'xterm-256color', 'GNOME_DESKTOP_SESSION_ID': 'this-is-deprecated', 'WINDOWPATH': '2', 'PATH': '/home/sejong/.local/bin:/opt/ros/jazzy/opt/gz_tools_vendor/bin:/opt/ros/jazzy/bin:/usr/local/cuda-13.2/bin:/home/sejong/.local/bin:/usr/local/sbin:/usr/local/bin:/usr/sbin:/usr/bin:/sbin:/bin:/usr/games:/usr/local/games:/snap/bin:/snap/bin', 'SESSION_MANAGER': 'local/localhost.localdomain:@/tmp/.ICE-unix/3854,unix/localhost.localdomain:/tmp/.ICE-unix/3854', 'INVOCATION_ID': 'c0f5b2c3a0cb4f21ac79f83a089a761f', 'XDG_MENU_PREFIX': 'gnome-', 'XDG_RUNTIME_DIR': '/run/user/2001', 'DISPLAY': ':1', 'TERMINATOR_DBUS_PATH': '/net/tenshu/Terminator2', 'LANG': 'en_US.UTF-8', 'XDG_CURRENT_DESKTOP': 'ubuntu:GNOME', 'XMODIFIERS': '@im=ibus', 'XDG_SESSION_DESKTOP': 'ubuntu', 'XAUTHORITY': '/run/user/2001/gdm/Xauthority', 'LS_COLORS': 'rs=0:di=01;34:ln=01;36:mh=00:pi=40;33:so=01;35:do=01;35:bd=40;33;01:cd=40;33;01:or=40;31;01:mi=00:su=37;41:sg=30;43:ca=00:tw=30;42:ow=34;42:st=37;44:ex=01;32:*.tar=01;31:*.tgz=01;31:*.arc=01;31:*.arj=01;31:*.taz=01;31:*.lha=01;31:*.lz4=01;31:*.lzh=01;31:*.lzma=01;31:*.tlz=01;31:*.txz=01;31:*.tzo=01;31:*.t7z=01;31:*.zip=01;31:*.z=01;31:*.dz=01;31:*.gz=01;31:*.lrz=01;31:*.lz=01;31:*.lzo=01;31:*.xz=01;31:*.zst=01;31:*.tzst=01;31:*.bz2=01;31:*.bz=01;31:*.tbz=01;31:*.tbz2=01;31:*.tz=01;31:*.deb=01;31:*.rpm=01;31:*.jar=01;31:*.war=01;31:*.ear=01;31:*.sar=01;31:*.rar=01;31:*.alz=01;31:*.ace=01;31:*.zoo=01;31:*.cpio=01;31:*.7z=01;31:*.rz=01;31:*.cab=01;31:*.wim=01;31:*.swm=01;31:*.dwm=01;31:*.esd=01;31:*.avif=01;35:*.jpg=01;35:*.jpeg=01;35:*.mjpg=01;35:*.mjpeg=01;35:*.gif=01;35:*.bmp=01;35:*.pbm=01;35:*.pgm=01;35:*.ppm=01;35:*.tga=01;35:*.xbm=01;35:*.xpm=01;35:*.tif=01;35:*.tiff=01;35:*.png=01;35:*.svg=01;35:*.svgz=01;35:*.mng=01;35:*.pcx=01;35:*.mov=01;35:*.mpg=01;35:*.mpeg=01;35:*.m2v=01;35:*.mkv=01;35:*.webm=01;35:*.webp=01;35:*.ogm=01;35:*.mp4=01;35:*.m4v=01;35:*.mp4v=01;35:*.vob=01;35:*.qt=01;35:*.nuv=01;35:*.wmv=01;35:*.asf=01;35:*.rm=01;35:*.rmvb=01;35:*.flc=01;35:*.avi=01;35:*.fli=01;35:*.flv=01;35:*.gl=01;35:*.dl=01;35:*.xcf=01;35:*.xwd=01;35:*.yuv=01;35:*.cgm=01;35:*.emf=01;35:*.ogv=01;35:*.ogx=01;35:*.aac=00;36:*.au=00;36:*.flac=00;36:*.m4a=00;36:*.mid=00;36:*.midi=00;36:*.mka=00;36:*.mp3=00;36:*.mpc=00;36:*.ogg=00;36:*.ra=00;36:*.wav=00;36:*.oga=00;36:*.opus=00;36:*.spx=00;36:*.xspf=00;36:*~=00;90:*#=00;90:*.bak=00;90:*.crdownload=00;90:*.dpkg-dist=00;90:*.dpkg-new=00;90:*.dpkg-old=00;90:*.dpkg-tmp=00;90:*.old=00;90:*.orig=00;90:*.part=00;90:*.rej=00;90:*.rpmnew=00;90:*.rpmorig=00;90:*.rpmsave=00;90:*.swp=00;90:*.tmp=00;90:*.ucf-dist=00;90:*.ucf-new=00;90:*.ucf-old=00;90:', 'SSH_AUTH_SOCK': '/run/user/2001/keyring/ssh', 'AMENT_PREFIX_PATH': '/home/sejong/Desktop/SH_ws/install/SH_Humanoid_description:/home/sejong/Desktop/SH_ws/install/sh_motion_demo:/home/sejong/Desktop/SH_ws/install/sh_motion_cpp:/home/sejong/Desktop/SH_ws/install/SH_moveit_limit_config:/home/sejong/Desktop/SH_ws/install/SH_moveit_head_config:/home/sejong/Desktop/SH_ws/install/SH_moveit_demo_config:/home/sejong/Desktop/SH_ws/install/SH_moveit_config:/opt/ros/jazzy', 'SHELL': '/bin/bash', 'TERMINATOR_UUID': 'urn:uuid:ad64abfb-00cc-44da-b49f-ecb082c818b8', 'QT_ACCESSIBILITY': '1', 'GDMSESSION': 'ubuntu', 'LESSCLOSE': '/usr/bin/lesspipe %s %s', 'GPG_AGENT_INFO': '/run/user/2001/gnupg/S.gpg-agent:0:1', 'GJS_DEBUG_OUTPUT': 'stderr', 'ROS_AUTOMATIC_DISCOVERY_RANGE': 'SUBNET', 'QT_IM_MODULE': 'ibus', 'PWD': '/home/sejong/Desktop/SH_ws/build/SH_moveit_config', 'XDG_CONFIG_DIRS': '/etc/xdg/xdg-ubuntu:/etc/xdg', 'XDG_DATA_DIRS': '/usr/share/ubuntu:/usr/share/gnome:/usr/local/share/:/usr/share/:/var/lib/snapd/desktop', 'PYTHONPATH': '/home/sejong/Desktop/SH_ws/install/SH_Humanoid_description/lib/python3.12/site-packages:/home/sejong/Desktop/SH_ws/install/sh_motion_demo/lib/python3.12/site-packages:/home/sejong/Desktop/SH_ws/install/ros2_interfaces/lib/python3.12/site-packages:/opt/ros/jazzy/lib/python3.12/site-packages', 'COLCON': '1', 'VTE_VERSION': '7600', 'CMAKE_PREFIX_PATH': '/home/sejong/Desktop/SH_ws/install/sh_motion_cpp:/home/sejong/Desktop/SH_ws/install/sh_motion_demo:/home/sejong/Desktop/SH_ws/install/SH_Humanoid_description:/opt/ros/jazzy:/home/sejong/Desktop/SH_ws/install/ros2_interfaces:/home/sejong/Desktop/SH_ws/install/SH_moveit_limit_config:/home/sejong/Desktop/SH_ws/install/SH_moveit_head_config:/home/sejong/Desktop/SH_ws/install/SH_moveit_demo_config:/home/sejong/Desktop/SH_ws/install/SH_moveit_config:/opt/ros/jazzy/opt/sdformat_vendor:/opt/ros/jazzy/opt/gz_math_vendor:/opt/ros/jazzy/opt/gz_utils_vendor:/opt/ros/jazzy/opt/gz_tools_vendor:/opt/ros/jazzy/opt/gz_cmake_vendor'}), 'shell': False}
[1.301706] (SH_moveit_demo_config) JobProgress: {'identifier': 'SH_moveit_demo_config', 'progress': 'cmake'}
[1.301778] (SH_moveit_demo_config) JobProgress: {'identifier': 'SH_moveit_demo_config', 'progress': 'build'}
[1.301812] (SH_moveit_demo_config) Command: {'cmd': ['/usr/bin/cmake', '--build', '/home/sejong/Desktop/SH_ws/build/SH_moveit_demo_config', '--', '-j14', '-l14'], 'cwd': '/home/sejong/Desktop/SH_ws/build/SH_moveit_demo_config', 'env': OrderedDict({'GJS_DEBUG_TOPICS': 'JS ERROR;JS LOG', 'XDG_ACTIVATION_TOKEN': 'gnome-shell/Terminator/3885-0-localhost.localdomain_TIME74155', 'LESSOPEN': '| /usr/bin/lesspipe %s', 'USER': 'sejong', 'GZ_CONFIG_PATH': '/opt/ros/jazzy/opt/sdformat_vendor/share/gz', 'ROS_PACKAGE_PATH': '/home/sejong/Desktop/SH_ws/install/ros2_interfaces/share', 'XDG_SESSION_TYPE': 'x11', 'CLUTTER_DISABLE_MIPMAPPED_TEXT': '1', 'SHLVL': '1', 'LD_LIBRARY_PATH': '/home/sejong/Desktop/SH_ws/install/ros2_interfaces/lib:/opt/ros/jazzy/opt/sdformat_vendor/lib:/opt/ros/jazzy/opt/rviz_ogre_vendor/lib:/opt/ros/jazzy/lib/aarch64-linux-gnu:/opt/ros/jazzy/opt/gz_math_vendor/lib:/opt/ros/jazzy/opt/gz_utils_vendor/lib:/opt/ros/jazzy/opt/gz_tools_vendor/lib:/opt/ros/jazzy/opt/gz_cmake_vendor/lib:/opt/ros/jazzy/lib:/usr/local/cuda-13.2/lib64:', 'HOME': '/home/sejong', 'OLDPWD': '/home/sejong', 'DESKTOP_SESSION': 'ubuntu', 'GIO_LAUNCHED_DESKTOP_FILE': '/usr/share/applications/terminator.desktop', 'ROS_PYTHON_VERSION': '3', 'GNOME_SHELL_SESSION_MODE': 'ubuntu', 'GTK_MODULES': 'gail:atk-bridge', 'MANAGERPID': '3555', 'SYSTEMD_EXEC_PID': '3885', 'GSM_SKIP_SSH_AGENT_WORKAROUND': 'true', 'DBUS_SESSION_BUS_ADDRESS': 'unix:path=/run/user/2001/bus', 'COLORTERM': 'truecolor', 'TERMINATOR_DBUS_NAME': 'net.tenshu.Terminator23558193cd9818af7fe4d2c2f5bd9d00f', 'GIO_LAUNCHED_DESKTOP_FILE_PID': '4892', 'DEBUGINFOD_URLS': 'https://debuginfod.ubuntu.com', 'IM_CONFIG_PHASE': '1', 'COLCON_PREFIX_PATH': '/home/sejong/Desktop/SH_ws/install', 'ROS_DISTRO': 'jazzy', 'LOGNAME': 'sejong', 'JOURNAL_STREAM': '8:54497', '_': '/usr/bin/colcon', 'ROS_VERSION': '2', 'PKG_CONFIG_PATH': '/home/sejong/Desktop/SH_ws/install/ros2_interfaces/lib/aarch64-linux-gnu/pkgconfig:/home/sejong/Desktop/SH_ws/install/ros2_interfaces/lib/pkgconfig', 'XDG_SESSION_CLASS': 'user', 'USERNAME': 'sejong', 'TERM': 'xterm-256color', 'GNOME_DESKTOP_SESSION_ID': 'this-is-deprecated', 'WINDOWPATH': '2', 'PATH': '/home/sejong/.local/bin:/opt/ros/jazzy/opt/gz_tools_vendor/bin:/opt/ros/jazzy/bin:/usr/local/cuda-13.2/bin:/home/sejong/.local/bin:/usr/local/sbin:/usr/local/bin:/usr/sbin:/usr/bin:/sbin:/bin:/usr/games:/usr/local/games:/snap/bin:/snap/bin', 'SESSION_MANAGER': 'local/localhost.localdomain:@/tmp/.ICE-unix/3854,unix/localhost.localdomain:/tmp/.ICE-unix/3854', 'INVOCATION_ID': 'c0f5b2c3a0cb4f21ac79f83a089a761f', 'XDG_MENU_PREFIX': 'gnome-', 'XDG_RUNTIME_DIR': '/run/user/2001', 'DISPLAY': ':1', 'TERMINATOR_DBUS_PATH': '/net/tenshu/Terminator2', 'LANG': 'en_US.UTF-8', 'XDG_CURRENT_DESKTOP': 'ubuntu:GNOME', 'XMODIFIERS': '@im=ibus', 'XDG_SESSION_DESKTOP': 'ubuntu', 'XAUTHORITY': '/run/user/2001/gdm/Xauthority', 'LS_COLORS': 'rs=0:di=01;34:ln=01;36:mh=00:pi=40;33:so=01;35:do=01;35:bd=40;33;01:cd=40;33;01:or=40;31;01:mi=00:su=37;41:sg=30;43:ca=00:tw=30;42:ow=34;42:st=37;44:ex=01;32:*.tar=01;31:*.tgz=01;31:*.arc=01;31:*.arj=01;31:*.taz=01;31:*.lha=01;31:*.lz4=01;31:*.lzh=01;31:*.lzma=01;31:*.tlz=01;31:*.txz=01;31:*.tzo=01;31:*.t7z=01;31:*.zip=01;31:*.z=01;31:*.dz=01;31:*.gz=01;31:*.lrz=01;31:*.lz=01;31:*.lzo=01;31:*.xz=01;31:*.zst=01;31:*.tzst=01;31:*.bz2=01;31:*.bz=01;31:*.tbz=01;31:*.tbz2=01;31:*.tz=01;31:*.deb=01;31:*.rpm=01;31:*.jar=01;31:*.war=01;31:*.ear=01;31:*.sar=01;31:*.rar=01;31:*.alz=01;31:*.ace=01;31:*.zoo=01;31:*.cpio=01;31:*.7z=01;31:*.rz=01;31:*.cab=01;31:*.wim=01;31:*.swm=01;31:*.dwm=01;31:*.esd=01;31:*.avif=01;35:*.jpg=01;35:*.jpeg=01;35:*.mjpg=01;35:*.mjpeg=01;35:*.gif=01;35:*.bmp=01;35:*.pbm=01;35:*.pgm=01;35:*.ppm=01;35:*.tga=01;35:*.xbm=01;35:*.xpm=01;35:*.tif=01;35:*.tiff=01;35:*.png=01;35:*.svg=01;35:*.svgz=01;35:*.mng=01;35:*.pcx=01;35:*.mov=01;35:*.mpg=01;35:*.mpeg=01;35:*.m2v=01;35:*.mkv=01;35:*.webm=01;35:*.webp=01;35:*.ogm=01;35:*.mp4=01;35:*.m4v=01;35:*.mp4v=01;35:*.vob=01;35:*.qt=01;35:*.nuv=01;35:*.wmv=01;35:*.asf=01;35:*.rm=01;35:*.rmvb=01;35:*.flc=01;35:*.avi=01;35:*.fli=01;35:*.flv=01;35:*.gl=01;35:*.dl=01;35:*.xcf=01;35:*.xwd=01;35:*.yuv=01;35:*.cgm=01;35:*.emf=01;35:*.ogv=01;35:*.ogx=01;35:*.aac=00;36:*.au=00;36:*.flac=00;36:*.m4a=00;36:*.mid=00;36:*.midi=00;36:*.mka=00;36:*.mp3=00;36:*.mpc=00;36:*.ogg=00;36:*.ra=00;36:*.wav=00;36:*.oga=00;36:*.opus=00;36:*.spx=00;36:*.xspf=00;36:*~=00;90:*#=00;90:*.bak=00;90:*.crdownload=00;90:*.dpkg-dist=00;90:*.dpkg-new=00;90:*.dpkg-old=00;90:*.dpkg-tmp=00;90:*.old=00;90:*.orig=00;90:*.part=00;90:*.rej=00;90:*.rpmnew=00;90:*.rpmorig=00;90:*.rpmsave=00;90:*.swp=00;90:*.tmp=00;90:*.ucf-dist=00;90:*.ucf-new=00;90:*.ucf-old=00;90:', 'SSH_AUTH_SOCK': '/run/user/2001/keyring/ssh', 'AMENT_PREFIX_PATH': '/home/sejong/Desktop/SH_ws/install/SH_Humanoid_description:/home/sejong/Desktop/SH_ws/install/sh_motion_demo:/home/sejong/Desktop/SH_ws/install/sh_motion_cpp:/home/sejong/Desktop/SH_ws/install/SH_moveit_limit_config:/home/sejong/Desktop/SH_ws/install/SH_moveit_head_config:/home/sejong/Desktop/SH_ws/install/SH_moveit_demo_config:/home/sejong/Desktop/SH_ws/install/SH_moveit_config:/opt/ros/jazzy', 'SHELL': '/bin/bash', 'TERMINATOR_UUID': 'urn:uuid:ad64abfb-00cc-44da-b49f-ecb082c818b8', 'QT_ACCESSIBILITY': '1', 'GDMSESSION': 'ubuntu', 'LESSCLOSE': '/usr/bin/lesspipe %s %s', 'GPG_AGENT_INFO': '/run/user/2001/gnupg/S.gpg-agent:0:1', 'GJS_DEBUG_OUTPUT': 'stderr', 'ROS_AUTOMATIC_DISCOVERY_RANGE': 'SUBNET', 'QT_IM_MODULE': 'ibus', 'PWD': '/home/sejong/Desktop/SH_ws/build/SH_moveit_demo_config', 'XDG_CONFIG_DIRS': '/etc/xdg/xdg-ubuntu:/etc/xdg', 'XDG_DATA_DIRS': '/usr/share/ubuntu:/usr/share/gnome:/usr/local/share/:/usr/share/:/var/lib/snapd/desktop', 'PYTHONPATH': '/home/sejong/Desktop/SH_ws/install/SH_Humanoid_description/lib/python3.12/site-packages:/home/sejong/Desktop/SH_ws/install/sh_motion_demo/lib/python3.12/site-packages:/home/sejong/Desktop/SH_ws/install/ros2_interfaces/lib/python3.12/site-packages:/opt/ros/jazzy/lib/python3.12/site-packages', 'COLCON': '1', 'VTE_VERSION': '7600', 'CMAKE_PREFIX_PATH': '/home/sejong/Desktop/SH_ws/install/sh_motion_cpp:/home/sejong/Desktop/SH_ws/install/sh_motion_demo:/home/sejong/Desktop/SH_ws/install/SH_Humanoid_description:/opt/ros/jazzy:/home/sejong/Desktop/SH_ws/install/ros2_interfaces:/home/sejong/Desktop/SH_ws/install/SH_moveit_limit_config:/home/sejong/Desktop/SH_ws/install/SH_moveit_head_config:/home/sejong/Desktop/SH_ws/install/SH_moveit_demo_config:/home/sejong/Desktop/SH_ws/install/SH_moveit_config:/opt/ros/jazzy/opt/sdformat_vendor:/opt/ros/jazzy/opt/gz_math_vendor:/opt/ros/jazzy/opt/gz_utils_vendor:/opt/ros/jazzy/opt/gz_tools_vendor:/opt/ros/jazzy/opt/gz_cmake_vendor'}), 'shell': False}
[1.303647] (SH_moveit_head_config) JobProgress: {'identifier': 'SH_moveit_head_config', 'progress': 'cmake'}
[1.303822] (SH_moveit_head_config) JobProgress: {'identifier': 'SH_moveit_head_config', 'progress': 'build'}
[1.304362] (SH_moveit_head_config) Command: {'cmd': ['/usr/bin/cmake', '--build', '/home/sejong/Desktop/SH_ws/build/SH_moveit_head_config', '--', '-j14', '-l14'], 'cwd': '/home/sejong/Desktop/SH_ws/build/SH_moveit_head_config', 'env': OrderedDict({'GJS_DEBUG_TOPICS': 'JS ERROR;JS LOG', 'XDG_ACTIVATION_TOKEN': 'gnome-shell/Terminator/3885-0-localhost.localdomain_TIME74155', 'LESSOPEN': '| /usr/bin/lesspipe %s', 'USER': 'sejong', 'GZ_CONFIG_PATH': '/opt/ros/jazzy/opt/sdformat_vendor/share/gz', 'ROS_PACKAGE_PATH': '/home/sejong/Desktop/SH_ws/install/ros2_interfaces/share', 'XDG_SESSION_TYPE': 'x11', 'CLUTTER_DISABLE_MIPMAPPED_TEXT': '1', 'SHLVL': '1', 'LD_LIBRARY_PATH': '/home/sejong/Desktop/SH_ws/install/ros2_interfaces/lib:/opt/ros/jazzy/opt/sdformat_vendor/lib:/opt/ros/jazzy/opt/rviz_ogre_vendor/lib:/opt/ros/jazzy/lib/aarch64-linux-gnu:/opt/ros/jazzy/opt/gz_math_vendor/lib:/opt/ros/jazzy/opt/gz_utils_vendor/lib:/opt/ros/jazzy/opt/gz_tools_vendor/lib:/opt/ros/jazzy/opt/gz_cmake_vendor/lib:/opt/ros/jazzy/lib:/usr/local/cuda-13.2/lib64:', 'HOME': '/home/sejong', 'OLDPWD': '/home/sejong', 'DESKTOP_SESSION': 'ubuntu', 'GIO_LAUNCHED_DESKTOP_FILE': '/usr/share/applications/terminator.desktop', 'ROS_PYTHON_VERSION': '3', 'GNOME_SHELL_SESSION_MODE': 'ubuntu', 'GTK_MODULES': 'gail:atk-bridge', 'MANAGERPID': '3555', 'SYSTEMD_EXEC_PID': '3885', 'GSM_SKIP_SSH_AGENT_WORKAROUND': 'true', 'DBUS_SESSION_BUS_ADDRESS': 'unix:path=/run/user/2001/bus', 'COLORTERM': 'truecolor', 'TERMINATOR_DBUS_NAME': 'net.tenshu.Terminator23558193cd9818af7fe4d2c2f5bd9d00f', 'GIO_LAUNCHED_DESKTOP_FILE_PID': '4892', 'DEBUGINFOD_URLS': 'https://debuginfod.ubuntu.com', 'IM_CONFIG_PHASE': '1', 'COLCON_PREFIX_PATH': '/home/sejong/Desktop/SH_ws/install', 'ROS_DISTRO': 'jazzy', 'LOGNAME': 'sejong', 'JOURNAL_STREAM': '8:54497', '_': '/usr/bin/colcon', 'ROS_VERSION': '2', 'PKG_CONFIG_PATH': '/home/sejong/Desktop/SH_ws/install/ros2_interfaces/lib/aarch64-linux-gnu/pkgconfig:/home/sejong/Desktop/SH_ws/install/ros2_interfaces/lib/pkgconfig', 'XDG_SESSION_CLASS': 'user', 'USERNAME': 'sejong', 'TERM': 'xterm-256color', 'GNOME_DESKTOP_SESSION_ID': 'this-is-deprecated', 'WINDOWPATH': '2', 'PATH': '/home/sejong/.local/bin:/opt/ros/jazzy/opt/gz_tools_vendor/bin:/opt/ros/jazzy/bin:/usr/local/cuda-13.2/bin:/home/sejong/.local/bin:/usr/local/sbin:/usr/local/bin:/usr/sbin:/usr/bin:/sbin:/bin:/usr/games:/usr/local/games:/snap/bin:/snap/bin', 'SESSION_MANAGER': 'local/localhost.localdomain:@/tmp/.ICE-unix/3854,unix/localhost.localdomain:/tmp/.ICE-unix/3854', 'INVOCATION_ID': 'c0f5b2c3a0cb4f21ac79f83a089a761f', 'XDG_MENU_PREFIX': 'gnome-', 'XDG_RUNTIME_DIR': '/run/user/2001', 'DISPLAY': ':1', 'TERMINATOR_DBUS_PATH': '/net/tenshu/Terminator2', 'LANG': 'en_US.UTF-8', 'XDG_CURRENT_DESKTOP': 'ubuntu:GNOME', 'XMODIFIERS': '@im=ibus', 'XDG_SESSION_DESKTOP': 'ubuntu', 'XAUTHORITY': '/run/user/2001/gdm/Xauthority', 'LS_COLORS': 'rs=0:di=01;34:ln=01;36:mh=00:pi=40;33:so=01;35:do=01;35:bd=40;33;01:cd=40;33;01:or=40;31;01:mi=00:su=37;41:sg=30;43:ca=00:tw=30;42:ow=34;42:st=37;44:ex=01;32:*.tar=01;31:*.tgz=01;31:*.arc=01;31:*.arj=01;31:*.taz=01;31:*.lha=01;31:*.lz4=01;31:*.lzh=01;31:*.lzma=01;31:*.tlz=01;31:*.txz=01;31:*.tzo=01;31:*.t7z=01;31:*.zip=01;31:*.z=01;31:*.dz=01;31:*.gz=01;31:*.lrz=01;31:*.lz=01;31:*.lzo=01;31:*.xz=01;31:*.zst=01;31:*.tzst=01;31:*.bz2=01;31:*.bz=01;31:*.tbz=01;31:*.tbz2=01;31:*.tz=01;31:*.deb=01;31:*.rpm=01;31:*.jar=01;31:*.war=01;31:*.ear=01;31:*.sar=01;31:*.rar=01;31:*.alz=01;31:*.ace=01;31:*.zoo=01;31:*.cpio=01;31:*.7z=01;31:*.rz=01;31:*.cab=01;31:*.wim=01;31:*.swm=01;31:*.dwm=01;31:*.esd=01;31:*.avif=01;35:*.jpg=01;35:*.jpeg=01;35:*.mjpg=01;35:*.mjpeg=01;35:*.gif=01;35:*.bmp=01;35:*.pbm=01;35:*.pgm=01;35:*.ppm=01;35:*.tga=01;35:*.xbm=01;35:*.xpm=01;35:*.tif=01;35:*.tiff=01;35:*.png=01;35:*.svg=01;35:*.svgz=01;35:*.mng=01;35:*.pcx=01;35:*.mov=01;35:*.mpg=01;35:*.mpeg=01;35:*.m2v=01;35:*.mkv=01;35:*.webm=01;35:*.webp=01;35:*.ogm=01;35:*.mp4=01;35:*.m4v=01;35:*.mp4v=01;35:*.vob=01;35:*.qt=01;35:*.nuv=01;35:*.wmv=01;35:*.asf=01;35:*.rm=01;35:*.rmvb=01;35:*.flc=01;35:*.avi=01;35:*.fli=01;35:*.flv=01;35:*.gl=01;35:*.dl=01;35:*.xcf=01;35:*.xwd=01;35:*.yuv=01;35:*.cgm=01;35:*.emf=01;35:*.ogv=01;35:*.ogx=01;35:*.aac=00;36:*.au=00;36:*.flac=00;36:*.m4a=00;36:*.mid=00;36:*.midi=00;36:*.mka=00;36:*.mp3=00;36:*.mpc=00;36:*.ogg=00;36:*.ra=00;36:*.wav=00;36:*.oga=00;36:*.opus=00;36:*.spx=00;36:*.xspf=00;36:*~=00;90:*#=00;90:*.bak=00;90:*.crdownload=00;90:*.dpkg-dist=00;90:*.dpkg-new=00;90:*.dpkg-old=00;90:*.dpkg-tmp=00;90:*.old=00;90:*.orig=00;90:*.part=00;90:*.rej=00;90:*.rpmnew=00;90:*.rpmorig=00;90:*.rpmsave=00;90:*.swp=00;90:*.tmp=00;90:*.ucf-dist=00;90:*.ucf-new=00;90:*.ucf-old=00;90:', 'SSH_AUTH_SOCK': '/run/user/2001/keyring/ssh', 'AMENT_PREFIX_PATH': '/home/sejong/Desktop/SH_ws/install/SH_Humanoid_description:/home/sejong/Desktop/SH_ws/install/sh_motion_demo:/home/sejong/Desktop/SH_ws/install/sh_motion_cpp:/home/sejong/Desktop/SH_ws/install/SH_moveit_limit_config:/home/sejong/Desktop/SH_ws/install/SH_moveit_head_config:/home/sejong/Desktop/SH_ws/install/SH_moveit_demo_config:/home/sejong/Desktop/SH_ws/install/SH_moveit_config:/opt/ros/jazzy', 'SHELL': '/bin/bash', 'TERMINATOR_UUID': 'urn:uuid:ad64abfb-00cc-44da-b49f-ecb082c818b8', 'QT_ACCESSIBILITY': '1', 'GDMSESSION': 'ubuntu', 'LESSCLOSE': '/usr/bin/lesspipe %s %s', 'GPG_AGENT_INFO': '/run/user/2001/gnupg/S.gpg-agent:0:1', 'GJS_DEBUG_OUTPUT': 'stderr', 'ROS_AUTOMATIC_DISCOVERY_RANGE': 'SUBNET', 'QT_IM_MODULE': 'ibus', 'PWD': '/home/sejong/Desktop/SH_ws/build/SH_moveit_head_config', 'XDG_CONFIG_DIRS': '/etc/xdg/xdg-ubuntu:/etc/xdg', 'XDG_DATA_DIRS': '/usr/share/ubuntu:/usr/share/gnome:/usr/local/share/:/usr/share/:/var/lib/snapd/desktop', 'PYTHONPATH': '/home/sejong/Desktop/SH_ws/install/SH_Humanoid_description/lib/python3.12/site-packages:/home/sejong/Desktop/SH_ws/install/sh_motion_demo/lib/python3.12/site-packages:/home/sejong/Desktop/SH_ws/install/ros2_interfaces/lib/python3.12/site-packages:/opt/ros/jazzy/lib/python3.12/site-packages', 'COLCON': '1', 'VTE_VERSION': '7600', 'CMAKE_PREFIX_PATH': '/home/sejong/Desktop/SH_ws/install/sh_motion_cpp:/home/sejong/Desktop/SH_ws/install/sh_motion_demo:/home/sejong/Desktop/SH_ws/install/SH_Humanoid_description:/opt/ros/jazzy:/home/sejong/Desktop/SH_ws/install/ros2_interfaces:/home/sejong/Desktop/SH_ws/install/SH_moveit_limit_config:/home/sejong/Desktop/SH_ws/install/SH_moveit_head_config:/home/sejong/Desktop/SH_ws/install/SH_moveit_demo_config:/home/sejong/Desktop/SH_ws/install/SH_moveit_config:/opt/ros/jazzy/opt/sdformat_vendor:/opt/ros/jazzy/opt/gz_math_vendor:/opt/ros/jazzy/opt/gz_utils_vendor:/opt/ros/jazzy/opt/gz_tools_vendor:/opt/ros/jazzy/opt/gz_cmake_vendor'}), 'shell': False}
[1.307089] (SH_moveit_limit_config) JobProgress: {'identifier': 'SH_moveit_limit_config', 'progress': 'cmake'}
[1.307469] (SH_moveit_limit_config) JobProgress: {'identifier': 'SH_moveit_limit_config', 'progress': 'build'}
[1.307803] (SH_moveit_limit_config) Command: {'cmd': ['/usr/bin/cmake', '--build', '/home/sejong/Desktop/SH_ws/build/SH_moveit_limit_config', '--', '-j14', '-l14'], 'cwd': '/home/sejong/Desktop/SH_ws/build/SH_moveit_limit_config', 'env': OrderedDict({'GJS_DEBUG_TOPICS': 'JS ERROR;JS LOG', 'XDG_ACTIVATION_TOKEN': 'gnome-shell/Terminator/3885-0-localhost.localdomain_TIME74155', 'LESSOPEN': '| /usr/bin/lesspipe %s', 'USER': 'sejong', 'GZ_CONFIG_PATH': '/opt/ros/jazzy/opt/sdformat_vendor/share/gz', 'ROS_PACKAGE_PATH': '/home/sejong/Desktop/SH_ws/install/ros2_interfaces/share', 'XDG_SESSION_TYPE': 'x11', 'CLUTTER_DISABLE_MIPMAPPED_TEXT': '1', 'SHLVL': '1', 'LD_LIBRARY_PATH': '/home/sejong/Desktop/SH_ws/install/ros2_interfaces/lib:/opt/ros/jazzy/opt/sdformat_vendor/lib:/opt/ros/jazzy/opt/rviz_ogre_vendor/lib:/opt/ros/jazzy/lib/aarch64-linux-gnu:/opt/ros/jazzy/opt/gz_math_vendor/lib:/opt/ros/jazzy/opt/gz_utils_vendor/lib:/opt/ros/jazzy/opt/gz_tools_vendor/lib:/opt/ros/jazzy/opt/gz_cmake_vendor/lib:/opt/ros/jazzy/lib:/usr/local/cuda-13.2/lib64:', 'HOME': '/home/sejong', 'OLDPWD': '/home/sejong', 'DESKTOP_SESSION': 'ubuntu', 'GIO_LAUNCHED_DESKTOP_FILE': '/usr/share/applications/terminator.desktop', 'ROS_PYTHON_VERSION': '3', 'GNOME_SHELL_SESSION_MODE': 'ubuntu', 'GTK_MODULES': 'gail:atk-bridge', 'MANAGERPID': '3555', 'SYSTEMD_EXEC_PID': '3885', 'GSM_SKIP_SSH_AGENT_WORKAROUND': 'true', 'DBUS_SESSION_BUS_ADDRESS': 'unix:path=/run/user/2001/bus', 'COLORTERM': 'truecolor', 'TERMINATOR_DBUS_NAME': 'net.tenshu.Terminator23558193cd9818af7fe4d2c2f5bd9d00f', 'GIO_LAUNCHED_DESKTOP_FILE_PID': '4892', 'DEBUGINFOD_URLS': 'https://debuginfod.ubuntu.com', 'IM_CONFIG_PHASE': '1', 'COLCON_PREFIX_PATH': '/home/sejong/Desktop/SH_ws/install', 'ROS_DISTRO': 'jazzy', 'LOGNAME': 'sejong', 'JOURNAL_STREAM': '8:54497', '_': '/usr/bin/colcon', 'ROS_VERSION': '2', 'PKG_CONFIG_PATH': '/home/sejong/Desktop/SH_ws/install/ros2_interfaces/lib/aarch64-linux-gnu/pkgconfig:/home/sejong/Desktop/SH_ws/install/ros2_interfaces/lib/pkgconfig', 'XDG_SESSION_CLASS': 'user', 'USERNAME': 'sejong', 'TERM': 'xterm-256color', 'GNOME_DESKTOP_SESSION_ID': 'this-is-deprecated', 'WINDOWPATH': '2', 'PATH': '/home/sejong/.local/bin:/opt/ros/jazzy/opt/gz_tools_vendor/bin:/opt/ros/jazzy/bin:/usr/local/cuda-13.2/bin:/home/sejong/.local/bin:/usr/local/sbin:/usr/local/bin:/usr/sbin:/usr/bin:/sbin:/bin:/usr/games:/usr/local/games:/snap/bin:/snap/bin', 'SESSION_MANAGER': 'local/localhost.localdomain:@/tmp/.ICE-unix/3854,unix/localhost.localdomain:/tmp/.ICE-unix/3854', 'INVOCATION_ID': 'c0f5b2c3a0cb4f21ac79f83a089a761f', 'XDG_MENU_PREFIX': 'gnome-', 'XDG_RUNTIME_DIR': '/run/user/2001', 'DISPLAY': ':1', 'TERMINATOR_DBUS_PATH': '/net/tenshu/Terminator2', 'LANG': 'en_US.UTF-8', 'XDG_CURRENT_DESKTOP': 'ubuntu:GNOME', 'XMODIFIERS': '@im=ibus', 'XDG_SESSION_DESKTOP': 'ubuntu', 'XAUTHORITY': '/run/user/2001/gdm/Xauthority', 'LS_COLORS': 'rs=0:di=01;34:ln=01;36:mh=00:pi=40;33:so=01;35:do=01;35:bd=40;33;01:cd=40;33;01:or=40;31;01:mi=00:su=37;41:sg=30;43:ca=00:tw=30;42:ow=34;42:st=37;44:ex=01;32:*.tar=01;31:*.tgz=01;31:*.arc=01;31:*.arj=01;31:*.taz=01;31:*.lha=01;31:*.lz4=01;31:*.lzh=01;31:*.lzma=01;31:*.tlz=01;31:*.txz=01;31:*.tzo=01;31:*.t7z=01;31:*.zip=01;31:*.z=01;31:*.dz=01;31:*.gz=01;31:*.lrz=01;31:*.lz=01;31:*.lzo=01;31:*.xz=01;31:*.zst=01;31:*.tzst=01;31:*.bz2=01;31:*.bz=01;31:*.tbz=01;31:*.tbz2=01;31:*.tz=01;31:*.deb=01;31:*.rpm=01;31:*.jar=01;31:*.war=01;31:*.ear=01;31:*.sar=01;31:*.rar=01;31:*.alz=01;31:*.ace=01;31:*.zoo=01;31:*.cpio=01;31:*.7z=01;31:*.rz=01;31:*.cab=01;31:*.wim=01;31:*.swm=01;31:*.dwm=01;31:*.esd=01;31:*.avif=01;35:*.jpg=01;35:*.jpeg=01;35:*.mjpg=01;35:*.mjpeg=01;35:*.gif=01;35:*.bmp=01;35:*.pbm=01;35:*.pgm=01;35:*.ppm=01;35:*.tga=01;35:*.xbm=01;35:*.xpm=01;35:*.tif=01;35:*.tiff=01;35:*.png=01;35:*.svg=01;35:*.svgz=01;35:*.mng=01;35:*.pcx=01;35:*.mov=01;35:*.mpg=01;35:*.mpeg=01;35:*.m2v=01;35:*.mkv=01;35:*.webm=01;35:*.webp=01;35:*.ogm=01;35:*.mp4=01;35:*.m4v=01;35:*.mp4v=01;35:*.vob=01;35:*.qt=01;35:*.nuv=01;35:*.wmv=01;35:*.asf=01;35:*.rm=01;35:*.rmvb=01;35:*.flc=01;35:*.avi=01;35:*.fli=01;35:*.flv=01;35:*.gl=01;35:*.dl=01;35:*.xcf=01;35:*.xwd=01;35:*.yuv=01;35:*.cgm=01;35:*.emf=01;35:*.ogv=01;35:*.ogx=01;35:*.aac=00;36:*.au=00;36:*.flac=00;36:*.m4a=00;36:*.mid=00;36:*.midi=00;36:*.mka=00;36:*.mp3=00;36:*.mpc=00;36:*.ogg=00;36:*.ra=00;36:*.wav=00;36:*.oga=00;36:*.opus=00;36:*.spx=00;36:*.xspf=00;36:*~=00;90:*#=00;90:*.bak=00;90:*.crdownload=00;90:*.dpkg-dist=00;90:*.dpkg-new=00;90:*.dpkg-old=00;90:*.dpkg-tmp=00;90:*.old=00;90:*.orig=00;90:*.part=00;90:*.rej=00;90:*.rpmnew=00;90:*.rpmorig=00;90:*.rpmsave=00;90:*.swp=00;90:*.tmp=00;90:*.ucf-dist=00;90:*.ucf-new=00;90:*.ucf-old=00;90:', 'SSH_AUTH_SOCK': '/run/user/2001/keyring/ssh', 'AMENT_PREFIX_PATH': '/home/sejong/Desktop/SH_ws/install/SH_Humanoid_description:/home/sejong/Desktop/SH_ws/install/sh_motion_demo:/home/sejong/Desktop/SH_ws/install/sh_motion_cpp:/home/sejong/Desktop/SH_ws/install/SH_moveit_limit_config:/home/sejong/Desktop/SH_ws/install/SH_moveit_head_config:/home/sejong/Desktop/SH_ws/install/SH_moveit_demo_config:/home/sejong/Desktop/SH_ws/install/SH_moveit_config:/opt/ros/jazzy', 'SHELL': '/bin/bash', 'TERMINATOR_UUID': 'urn:uuid:ad64abfb-00cc-44da-b49f-ecb082c818b8', 'QT_ACCESSIBILITY': '1', 'GDMSESSION': 'ubuntu', 'LESSCLOSE': '/usr/bin/lesspipe %s %s', 'GPG_AGENT_INFO': '/run/user/2001/gnupg/S.gpg-agent:0:1', 'GJS_DEBUG_OUTPUT': 'stderr', 'ROS_AUTOMATIC_DISCOVERY_RANGE': 'SUBNET', 'QT_IM_MODULE': 'ibus', 'PWD': '/home/sejong/Desktop/SH_ws/build/SH_moveit_limit_config', 'XDG_CONFIG_DIRS': '/etc/xdg/xdg-ubuntu:/etc/xdg', 'XDG_DATA_DIRS': '/usr/share/ubuntu:/usr/share/gnome:/usr/local/share/:/usr/share/:/var/lib/snapd/desktop', 'PYTHONPATH': '/home/sejong/Desktop/SH_ws/install/SH_Humanoid_description/lib/python3.12/site-packages:/home/sejong/Desktop/SH_ws/install/sh_motion_demo/lib/python3.12/site-packages:/home/sejong/Desktop/SH_ws/install/ros2_interfaces/lib/python3.12/site-packages:/opt/ros/jazzy/lib/python3.12/site-packages', 'COLCON': '1', 'VTE_VERSION': '7600', 'CMAKE_PREFIX_PATH': '/home/sejong/Desktop/SH_ws/install/sh_motion_cpp:/home/sejong/Desktop/SH_ws/install/sh_motion_demo:/home/sejong/Desktop/SH_ws/install/SH_Humanoid_description:/opt/ros/jazzy:/home/sejong/Desktop/SH_ws/install/ros2_interfaces:/home/sejong/Desktop/SH_ws/install/SH_moveit_limit_config:/home/sejong/Desktop/SH_ws/install/SH_moveit_head_config:/home/sejong/Desktop/SH_ws/install/SH_moveit_demo_config:/home/sejong/Desktop/SH_ws/install/SH_moveit_config:/opt/ros/jazzy/opt/sdformat_vendor:/opt/ros/jazzy/opt/gz_math_vendor:/opt/ros/jazzy/opt/gz_utils_vendor:/opt/ros/jazzy/opt/gz_tools_vendor:/opt/ros/jazzy/opt/gz_cmake_vendor'}), 'shell': False}
[1.320457] (-) TimerEvent: {}
[1.337186] (SH_moveit_config) CommandEnded: {'returncode': 0}
[1.338229] (SH_moveit_config) JobProgress: {'identifier': 'SH_moveit_config', 'progress': 'install'}
[1.338743] (SH_moveit_config) Command: {'cmd': ['/usr/bin/cmake', '--install', '/home/sejong/Desktop/SH_ws/build/SH_moveit_config'], 'cwd': '/home/sejong/Desktop/SH_ws/build/SH_moveit_config', 'env': OrderedDict({'GJS_DEBUG_TOPICS': 'JS ERROR;JS LOG', 'XDG_ACTIVATION_TOKEN': 'gnome-shell/Terminator/3885-0-localhost.localdomain_TIME74155', 'LESSOPEN': '| /usr/bin/lesspipe %s', 'USER': 'sejong', 'GZ_CONFIG_PATH': '/opt/ros/jazzy/opt/sdformat_vendor/share/gz', 'ROS_PACKAGE_PATH': '/home/sejong/Desktop/SH_ws/install/ros2_interfaces/share', 'XDG_SESSION_TYPE': 'x11', 'CLUTTER_DISABLE_MIPMAPPED_TEXT': '1', 'SHLVL': '1', 'LD_LIBRARY_PATH': '/home/sejong/Desktop/SH_ws/install/ros2_interfaces/lib:/opt/ros/jazzy/opt/sdformat_vendor/lib:/opt/ros/jazzy/opt/rviz_ogre_vendor/lib:/opt/ros/jazzy/lib/aarch64-linux-gnu:/opt/ros/jazzy/opt/gz_math_vendor/lib:/opt/ros/jazzy/opt/gz_utils_vendor/lib:/opt/ros/jazzy/opt/gz_tools_vendor/lib:/opt/ros/jazzy/opt/gz_cmake_vendor/lib:/opt/ros/jazzy/lib:/usr/local/cuda-13.2/lib64:', 'HOME': '/home/sejong', 'OLDPWD': '/home/sejong', 'DESKTOP_SESSION': 'ubuntu', 'GIO_LAUNCHED_DESKTOP_FILE': '/usr/share/applications/terminator.desktop', 'ROS_PYTHON_VERSION': '3', 'GNOME_SHELL_SESSION_MODE': 'ubuntu', 'GTK_MODULES': 'gail:atk-bridge', 'MANAGERPID': '3555', 'SYSTEMD_EXEC_PID': '3885', 'GSM_SKIP_SSH_AGENT_WORKAROUND': 'true', 'DBUS_SESSION_BUS_ADDRESS': 'unix:path=/run/user/2001/bus', 'COLORTERM': 'truecolor', 'TERMINATOR_DBUS_NAME': 'net.tenshu.Terminator23558193cd9818af7fe4d2c2f5bd9d00f', 'GIO_LAUNCHED_DESKTOP_FILE_PID': '4892', 'DEBUGINFOD_URLS': 'https://debuginfod.ubuntu.com', 'IM_CONFIG_PHASE': '1', 'COLCON_PREFIX_PATH': '/home/sejong/Desktop/SH_ws/install', 'ROS_DISTRO': 'jazzy', 'LOGNAME': 'sejong', 'JOURNAL_STREAM': '8:54497', '_': '/usr/bin/colcon', 'ROS_VERSION': '2', 'PKG_CONFIG_PATH': '/home/sejong/Desktop/SH_ws/install/ros2_interfaces/lib/aarch64-linux-gnu/pkgconfig:/home/sejong/Desktop/SH_ws/install/ros2_interfaces/lib/pkgconfig', 'XDG_SESSION_CLASS': 'user', 'USERNAME': 'sejong', 'TERM': 'xterm-256color', 'GNOME_DESKTOP_SESSION_ID': 'this-is-deprecated', 'WINDOWPATH': '2', 'PATH': '/home/sejong/.local/bin:/opt/ros/jazzy/opt/gz_tools_vendor/bin:/opt/ros/jazzy/bin:/usr/local/cuda-13.2/bin:/home/sejong/.local/bin:/usr/local/sbin:/usr/local/bin:/usr/sbin:/usr/bin:/sbin:/bin:/usr/games:/usr/local/games:/snap/bin:/snap/bin', 'SESSION_MANAGER': 'local/localhost.localdomain:@/tmp/.ICE-unix/3854,unix/localhost.localdomain:/tmp/.ICE-unix/3854', 'INVOCATION_ID': 'c0f5b2c3a0cb4f21ac79f83a089a761f', 'XDG_MENU_PREFIX': 'gnome-', 'XDG_RUNTIME_DIR': '/run/user/2001', 'DISPLAY': ':1', 'TERMINATOR_DBUS_PATH': '/net/tenshu/Terminator2', 'LANG': 'en_US.UTF-8', 'XDG_CURRENT_DESKTOP': 'ubuntu:GNOME', 'XMODIFIERS': '@im=ibus', 'XDG_SESSION_DESKTOP': 'ubuntu', 'XAUTHORITY': '/run/user/2001/gdm/Xauthority', 'LS_COLORS': 'rs=0:di=01;34:ln=01;36:mh=00:pi=40;33:so=01;35:do=01;35:bd=40;33;01:cd=40;33;01:or=40;31;01:mi=00:su=37;41:sg=30;43:ca=00:tw=30;42:ow=34;42:st=37;44:ex=01;32:*.tar=01;31:*.tgz=01;31:*.arc=01;31:*.arj=01;31:*.taz=01;31:*.lha=01;31:*.lz4=01;31:*.lzh=01;31:*.lzma=01;31:*.tlz=01;31:*.txz=01;31:*.tzo=01;31:*.t7z=01;31:*.zip=01;31:*.z=01;31:*.dz=01;31:*.gz=01;31:*.lrz=01;31:*.lz=01;31:*.lzo=01;31:*.xz=01;31:*.zst=01;31:*.tzst=01;31:*.bz2=01;31:*.bz=01;31:*.tbz=01;31:*.tbz2=01;31:*.tz=01;31:*.deb=01;31:*.rpm=01;31:*.jar=01;31:*.war=01;31:*.ear=01;31:*.sar=01;31:*.rar=01;31:*.alz=01;31:*.ace=01;31:*.zoo=01;31:*.cpio=01;31:*.7z=01;31:*.rz=01;31:*.cab=01;31:*.wim=01;31:*.swm=01;31:*.dwm=01;31:*.esd=01;31:*.avif=01;35:*.jpg=01;35:*.jpeg=01;35:*.mjpg=01;35:*.mjpeg=01;35:*.gif=01;35:*.bmp=01;35:*.pbm=01;35:*.pgm=01;35:*.ppm=01;35:*.tga=01;35:*.xbm=01;35:*.xpm=01;35:*.tif=01;35:*.tiff=01;35:*.png=01;35:*.svg=01;35:*.svgz=01;35:*.mng=01;35:*.pcx=01;35:*.mov=01;35:*.mpg=01;35:*.mpeg=01;35:*.m2v=01;35:*.mkv=01;35:*.webm=01;35:*.webp=01;35:*.ogm=01;35:*.mp4=01;35:*.m4v=01;35:*.mp4v=01;35:*.vob=01;35:*.qt=01;35:*.nuv=01;35:*.wmv=01;35:*.asf=01;35:*.rm=01;35:*.rmvb=01;35:*.flc=01;35:*.avi=01;35:*.fli=01;35:*.flv=01;35:*.gl=01;35:*.dl=01;35:*.xcf=01;35:*.xwd=01;35:*.yuv=01;35:*.cgm=01;35:*.emf=01;35:*.ogv=01;35:*.ogx=01;35:*.aac=00;36:*.au=00;36:*.flac=00;36:*.m4a=00;36:*.mid=00;36:*.midi=00;36:*.mka=00;36:*.mp3=00;36:*.mpc=00;36:*.ogg=00;36:*.ra=00;36:*.wav=00;36:*.oga=00;36:*.opus=00;36:*.spx=00;36:*.xspf=00;36:*~=00;90:*#=00;90:*.bak=00;90:*.crdownload=00;90:*.dpkg-dist=00;90:*.dpkg-new=00;90:*.dpkg-old=00;90:*.dpkg-tmp=00;90:*.old=00;90:*.orig=00;90:*.part=00;90:*.rej=00;90:*.rpmnew=00;90:*.rpmorig=00;90:*.rpmsave=00;90:*.swp=00;90:*.tmp=00;90:*.ucf-dist=00;90:*.ucf-new=00;90:*.ucf-old=00;90:', 'SSH_AUTH_SOCK': '/run/user/2001/keyring/ssh', 'AMENT_PREFIX_PATH': '/home/sejong/Desktop/SH_ws/install/SH_Humanoid_description:/home/sejong/Desktop/SH_ws/install/sh_motion_demo:/home/sejong/Desktop/SH_ws/install/sh_motion_cpp:/home/sejong/Desktop/SH_ws/install/SH_moveit_limit_config:/home/sejong/Desktop/SH_ws/install/SH_moveit_head_config:/home/sejong/Desktop/SH_ws/install/SH_moveit_demo_config:/home/sejong/Desktop/SH_ws/install/SH_moveit_config:/opt/ros/jazzy', 'SHELL': '/bin/bash', 'TERMINATOR_UUID': 'urn:uuid:ad64abfb-00cc-44da-b49f-ecb082c818b8', 'QT_ACCESSIBILITY': '1', 'GDMSESSION': 'ubuntu', 'LESSCLOSE': '/usr/bin/lesspipe %s %s', 'GPG_AGENT_INFO': '/run/user/2001/gnupg/S.gpg-agent:0:1', 'GJS_DEBUG_OUTPUT': 'stderr', 'ROS_AUTOMATIC_DISCOVERY_RANGE': 'SUBNET', 'QT_IM_MODULE': 'ibus', 'PWD': '/home/sejong/Desktop/SH_ws/build/SH_moveit_config', 'XDG_CONFIG_DIRS': '/etc/xdg/xdg-ubuntu:/etc/xdg', 'XDG_DATA_DIRS': '/usr/share/ubuntu:/usr/share/gnome:/usr/local/share/:/usr/share/:/var/lib/snapd/desktop', 'PYTHONPATH': '/home/sejong/Desktop/SH_ws/install/SH_Humanoid_description/lib/python3.12/site-packages:/home/sejong/Desktop/SH_ws/install/sh_motion_demo/lib/python3.12/site-packages:/home/sejong/Desktop/SH_ws/install/ros2_interfaces/lib/python3.12/site-packages:/opt/ros/jazzy/lib/python3.12/site-packages', 'COLCON': '1', 'VTE_VERSION': '7600', 'CMAKE_PREFIX_PATH': '/home/sejong/Desktop/SH_ws/install/sh_motion_cpp:/home/sejong/Desktop/SH_ws/install/sh_motion_demo:/home/sejong/Desktop/SH_ws/install/SH_Humanoid_description:/opt/ros/jazzy:/home/sejong/Desktop/SH_ws/install/ros2_interfaces:/home/sejong/Desktop/SH_ws/install/SH_moveit_limit_config:/home/sejong/Desktop/SH_ws/install/SH_moveit_head_config:/home/sejong/Desktop/SH_ws/install/SH_moveit_demo_config:/home/sejong/Desktop/SH_ws/install/SH_moveit_config:/opt/ros/jazzy/opt/sdformat_vendor:/opt/ros/jazzy/opt/gz_math_vendor:/opt/ros/jazzy/opt/gz_utils_vendor:/opt/ros/jazzy/opt/gz_tools_vendor:/opt/ros/jazzy/opt/gz_cmake_vendor'}), 'shell': False}
[1.341300] (SH_moveit_demo_config) CommandEnded: {'returncode': 0}
[1.342495] (SH_moveit_demo_config) JobProgress: {'identifier': 'SH_moveit_demo_config', 'progress': 'install'}
[1.343167] (SH_moveit_demo_config) Command: {'cmd': ['/usr/bin/cmake', '--install', '/home/sejong/Desktop/SH_ws/build/SH_moveit_demo_config'], 'cwd': '/home/sejong/Desktop/SH_ws/build/SH_moveit_demo_config', 'env': OrderedDict({'GJS_DEBUG_TOPICS': 'JS ERROR;JS LOG', 'XDG_ACTIVATION_TOKEN': 'gnome-shell/Terminator/3885-0-localhost.localdomain_TIME74155', 'LESSOPEN': '| /usr/bin/lesspipe %s', 'USER': 'sejong', 'GZ_CONFIG_PATH': '/opt/ros/jazzy/opt/sdformat_vendor/share/gz', 'ROS_PACKAGE_PATH': '/home/sejong/Desktop/SH_ws/install/ros2_interfaces/share', 'XDG_SESSION_TYPE': 'x11', 'CLUTTER_DISABLE_MIPMAPPED_TEXT': '1', 'SHLVL': '1', 'LD_LIBRARY_PATH': '/home/sejong/Desktop/SH_ws/install/ros2_interfaces/lib:/opt/ros/jazzy/opt/sdformat_vendor/lib:/opt/ros/jazzy/opt/rviz_ogre_vendor/lib:/opt/ros/jazzy/lib/aarch64-linux-gnu:/opt/ros/jazzy/opt/gz_math_vendor/lib:/opt/ros/jazzy/opt/gz_utils_vendor/lib:/opt/ros/jazzy/opt/gz_tools_vendor/lib:/opt/ros/jazzy/opt/gz_cmake_vendor/lib:/opt/ros/jazzy/lib:/usr/local/cuda-13.2/lib64:', 'HOME': '/home/sejong', 'OLDPWD': '/home/sejong', 'DESKTOP_SESSION': 'ubuntu', 'GIO_LAUNCHED_DESKTOP_FILE': '/usr/share/applications/terminator.desktop', 'ROS_PYTHON_VERSION': '3', 'GNOME_SHELL_SESSION_MODE': 'ubuntu', 'GTK_MODULES': 'gail:atk-bridge', 'MANAGERPID': '3555', 'SYSTEMD_EXEC_PID': '3885', 'GSM_SKIP_SSH_AGENT_WORKAROUND': 'true', 'DBUS_SESSION_BUS_ADDRESS': 'unix:path=/run/user/2001/bus', 'COLORTERM': 'truecolor', 'TERMINATOR_DBUS_NAME': 'net.tenshu.Terminator23558193cd9818af7fe4d2c2f5bd9d00f', 'GIO_LAUNCHED_DESKTOP_FILE_PID': '4892', 'DEBUGINFOD_URLS': 'https://debuginfod.ubuntu.com', 'IM_CONFIG_PHASE': '1', 'COLCON_PREFIX_PATH': '/home/sejong/Desktop/SH_ws/install', 'ROS_DISTRO': 'jazzy', 'LOGNAME': 'sejong', 'JOURNAL_STREAM': '8:54497', '_': '/usr/bin/colcon', 'ROS_VERSION': '2', 'PKG_CONFIG_PATH': '/home/sejong/Desktop/SH_ws/install/ros2_interfaces/lib/aarch64-linux-gnu/pkgconfig:/home/sejong/Desktop/SH_ws/install/ros2_interfaces/lib/pkgconfig', 'XDG_SESSION_CLASS': 'user', 'USERNAME': 'sejong', 'TERM': 'xterm-256color', 'GNOME_DESKTOP_SESSION_ID': 'this-is-deprecated', 'WINDOWPATH': '2', 'PATH': '/home/sejong/.local/bin:/opt/ros/jazzy/opt/gz_tools_vendor/bin:/opt/ros/jazzy/bin:/usr/local/cuda-13.2/bin:/home/sejong/.local/bin:/usr/local/sbin:/usr/local/bin:/usr/sbin:/usr/bin:/sbin:/bin:/usr/games:/usr/local/games:/snap/bin:/snap/bin', 'SESSION_MANAGER': 'local/localhost.localdomain:@/tmp/.ICE-unix/3854,unix/localhost.localdomain:/tmp/.ICE-unix/3854', 'INVOCATION_ID': 'c0f5b2c3a0cb4f21ac79f83a089a761f', 'XDG_MENU_PREFIX': 'gnome-', 'XDG_RUNTIME_DIR': '/run/user/2001', 'DISPLAY': ':1', 'TERMINATOR_DBUS_PATH': '/net/tenshu/Terminator2', 'LANG': 'en_US.UTF-8', 'XDG_CURRENT_DESKTOP': 'ubuntu:GNOME', 'XMODIFIERS': '@im=ibus', 'XDG_SESSION_DESKTOP': 'ubuntu', 'XAUTHORITY': '/run/user/2001/gdm/Xauthority', 'LS_COLORS': 'rs=0:di=01;34:ln=01;36:mh=00:pi=40;33:so=01;35:do=01;35:bd=40;33;01:cd=40;33;01:or=40;31;01:mi=00:su=37;41:sg=30;43:ca=00:tw=30;42:ow=34;42:st=37;44:ex=01;32:*.tar=01;31:*.tgz=01;31:*.arc=01;31:*.arj=01;31:*.taz=01;31:*.lha=01;31:*.lz4=01;31:*.lzh=01;31:*.lzma=01;31:*.tlz=01;31:*.txz=01;31:*.tzo=01;31:*.t7z=01;31:*.zip=01;31:*.z=01;31:*.dz=01;31:*.gz=01;31:*.lrz=01;31:*.lz=01;31:*.lzo=01;31:*.xz=01;31:*.zst=01;31:*.tzst=01;31:*.bz2=01;31:*.bz=01;31:*.tbz=01;31:*.tbz2=01;31:*.tz=01;31:*.deb=01;31:*.rpm=01;31:*.jar=01;31:*.war=01;31:*.ear=01;31:*.sar=01;31:*.rar=01;31:*.alz=01;31:*.ace=01;31:*.zoo=01;31:*.cpio=01;31:*.7z=01;31:*.rz=01;31:*.cab=01;31:*.wim=01;31:*.swm=01;31:*.dwm=01;31:*.esd=01;31:*.avif=01;35:*.jpg=01;35:*.jpeg=01;35:*.mjpg=01;35:*.mjpeg=01;35:*.gif=01;35:*.bmp=01;35:*.pbm=01;35:*.pgm=01;35:*.ppm=01;35:*.tga=01;35:*.xbm=01;35:*.xpm=01;35:*.tif=01;35:*.tiff=01;35:*.png=01;35:*.svg=01;35:*.svgz=01;35:*.mng=01;35:*.pcx=01;35:*.mov=01;35:*.mpg=01;35:*.mpeg=01;35:*.m2v=01;35:*.mkv=01;35:*.webm=01;35:*.webp=01;35:*.ogm=01;35:*.mp4=01;35:*.m4v=01;35:*.mp4v=01;35:*.vob=01;35:*.qt=01;35:*.nuv=01;35:*.wmv=01;35:*.asf=01;35:*.rm=01;35:*.rmvb=01;35:*.flc=01;35:*.avi=01;35:*.fli=01;35:*.flv=01;35:*.gl=01;35:*.dl=01;35:*.xcf=01;35:*.xwd=01;35:*.yuv=01;35:*.cgm=01;35:*.emf=01;35:*.ogv=01;35:*.ogx=01;35:*.aac=00;36:*.au=00;36:*.flac=00;36:*.m4a=00;36:*.mid=00;36:*.midi=00;36:*.mka=00;36:*.mp3=00;36:*.mpc=00;36:*.ogg=00;36:*.ra=00;36:*.wav=00;36:*.oga=00;36:*.opus=00;36:*.spx=00;36:*.xspf=00;36:*~=00;90:*#=00;90:*.bak=00;90:*.crdownload=00;90:*.dpkg-dist=00;90:*.dpkg-new=00;90:*.dpkg-old=00;90:*.dpkg-tmp=00;90:*.old=00;90:*.orig=00;90:*.part=00;90:*.rej=00;90:*.rpmnew=00;90:*.rpmorig=00;90:*.rpmsave=00;90:*.swp=00;90:*.tmp=00;90:*.ucf-dist=00;90:*.ucf-new=00;90:*.ucf-old=00;90:', 'SSH_AUTH_SOCK': '/run/user/2001/keyring/ssh', 'AMENT_PREFIX_PATH': '/home/sejong/Desktop/SH_ws/install/SH_Humanoid_description:/home/sejong/Desktop/SH_ws/install/sh_motion_demo:/home/sejong/Desktop/SH_ws/install/sh_motion_cpp:/home/sejong/Desktop/SH_ws/install/SH_moveit_limit_config:/home/sejong/Desktop/SH_ws/install/SH_moveit_head_config:/home/sejong/Desktop/SH_ws/install/SH_moveit_demo_config:/home/sejong/Desktop/SH_ws/install/SH_moveit_config:/opt/ros/jazzy', 'SHELL': '/bin/bash', 'TERMINATOR_UUID': 'urn:uuid:ad64abfb-00cc-44da-b49f-ecb082c818b8', 'QT_ACCESSIBILITY': '1', 'GDMSESSION': 'ubuntu', 'LESSCLOSE': '/usr/bin/lesspipe %s %s', 'GPG_AGENT_INFO': '/run/user/2001/gnupg/S.gpg-agent:0:1', 'GJS_DEBUG_OUTPUT': 'stderr', 'ROS_AUTOMATIC_DISCOVERY_RANGE': 'SUBNET', 'QT_IM_MODULE': 'ibus', 'PWD': '/home/sejong/Desktop/SH_ws/build/SH_moveit_demo_config', 'XDG_CONFIG_DIRS': '/etc/xdg/xdg-ubuntu:/etc/xdg', 'XDG_DATA_DIRS': '/usr/share/ubuntu:/usr/share/gnome:/usr/local/share/:/usr/share/:/var/lib/snapd/desktop', 'PYTHONPATH': '/home/sejong/Desktop/SH_ws/install/SH_Humanoid_description/lib/python3.12/site-packages:/home/sejong/Desktop/SH_ws/install/sh_motion_demo/lib/python3.12/site-packages:/home/sejong/Desktop/SH_ws/install/ros2_interfaces/lib/python3.12/site-packages:/opt/ros/jazzy/lib/python3.12/site-packages', 'COLCON': '1', 'VTE_VERSION': '7600', 'CMAKE_PREFIX_PATH': '/home/sejong/Desktop/SH_ws/install/sh_motion_cpp:/home/sejong/Desktop/SH_ws/install/sh_motion_demo:/home/sejong/Desktop/SH_ws/install/SH_Humanoid_description:/opt/ros/jazzy:/home/sejong/Desktop/SH_ws/install/ros2_interfaces:/home/sejong/Desktop/SH_ws/install/SH_moveit_limit_config:/home/sejong/Desktop/SH_ws/install/SH_moveit_head_config:/home/sejong/Desktop/SH_ws/install/SH_moveit_demo_config:/home/sejong/Desktop/SH_ws/install/SH_moveit_config:/opt/ros/jazzy/opt/sdformat_vendor:/opt/ros/jazzy/opt/gz_math_vendor:/opt/ros/jazzy/opt/gz_utils_vendor:/opt/ros/jazzy/opt/gz_tools_vendor:/opt/ros/jazzy/opt/gz_cmake_vendor'}), 'shell': False}
[1.344645] (SH_moveit_head_config) CommandEnded: {'returncode': 0}
[1.345606] (SH_moveit_head_config) JobProgress: {'identifier': 'SH_moveit_head_config', 'progress': 'install'}
[1.346195] (SH_moveit_head_config) Command: {'cmd': ['/usr/bin/cmake', '--install', '/home/sejong/Desktop/SH_ws/build/SH_moveit_head_config'], 'cwd': '/home/sejong/Desktop/SH_ws/build/SH_moveit_head_config', 'env': OrderedDict({'GJS_DEBUG_TOPICS': 'JS ERROR;JS LOG', 'XDG_ACTIVATION_TOKEN': 'gnome-shell/Terminator/3885-0-localhost.localdomain_TIME74155', 'LESSOPEN': '| /usr/bin/lesspipe %s', 'USER': 'sejong', 'GZ_CONFIG_PATH': '/opt/ros/jazzy/opt/sdformat_vendor/share/gz', 'ROS_PACKAGE_PATH': '/home/sejong/Desktop/SH_ws/install/ros2_interfaces/share', 'XDG_SESSION_TYPE': 'x11', 'CLUTTER_DISABLE_MIPMAPPED_TEXT': '1', 'SHLVL': '1', 'LD_LIBRARY_PATH': '/home/sejong/Desktop/SH_ws/install/ros2_interfaces/lib:/opt/ros/jazzy/opt/sdformat_vendor/lib:/opt/ros/jazzy/opt/rviz_ogre_vendor/lib:/opt/ros/jazzy/lib/aarch64-linux-gnu:/opt/ros/jazzy/opt/gz_math_vendor/lib:/opt/ros/jazzy/opt/gz_utils_vendor/lib:/opt/ros/jazzy/opt/gz_tools_vendor/lib:/opt/ros/jazzy/opt/gz_cmake_vendor/lib:/opt/ros/jazzy/lib:/usr/local/cuda-13.2/lib64:', 'HOME': '/home/sejong', 'OLDPWD': '/home/sejong', 'DESKTOP_SESSION': 'ubuntu', 'GIO_LAUNCHED_DESKTOP_FILE': '/usr/share/applications/terminator.desktop', 'ROS_PYTHON_VERSION': '3', 'GNOME_SHELL_SESSION_MODE': 'ubuntu', 'GTK_MODULES': 'gail:atk-bridge', 'MANAGERPID': '3555', 'SYSTEMD_EXEC_PID': '3885', 'GSM_SKIP_SSH_AGENT_WORKAROUND': 'true', 'DBUS_SESSION_BUS_ADDRESS': 'unix:path=/run/user/2001/bus', 'COLORTERM': 'truecolor', 'TERMINATOR_DBUS_NAME': 'net.tenshu.Terminator23558193cd9818af7fe4d2c2f5bd9d00f', 'GIO_LAUNCHED_DESKTOP_FILE_PID': '4892', 'DEBUGINFOD_URLS': 'https://debuginfod.ubuntu.com', 'IM_CONFIG_PHASE': '1', 'COLCON_PREFIX_PATH': '/home/sejong/Desktop/SH_ws/install', 'ROS_DISTRO': 'jazzy', 'LOGNAME': 'sejong', 'JOURNAL_STREAM': '8:54497', '_': '/usr/bin/colcon', 'ROS_VERSION': '2', 'PKG_CONFIG_PATH': '/home/sejong/Desktop/SH_ws/install/ros2_interfaces/lib/aarch64-linux-gnu/pkgconfig:/home/sejong/Desktop/SH_ws/install/ros2_interfaces/lib/pkgconfig', 'XDG_SESSION_CLASS': 'user', 'USERNAME': 'sejong', 'TERM': 'xterm-256color', 'GNOME_DESKTOP_SESSION_ID': 'this-is-deprecated', 'WINDOWPATH': '2', 'PATH': '/home/sejong/.local/bin:/opt/ros/jazzy/opt/gz_tools_vendor/bin:/opt/ros/jazzy/bin:/usr/local/cuda-13.2/bin:/home/sejong/.local/bin:/usr/local/sbin:/usr/local/bin:/usr/sbin:/usr/bin:/sbin:/bin:/usr/games:/usr/local/games:/snap/bin:/snap/bin', 'SESSION_MANAGER': 'local/localhost.localdomain:@/tmp/.ICE-unix/3854,unix/localhost.localdomain:/tmp/.ICE-unix/3854', 'INVOCATION_ID': 'c0f5b2c3a0cb4f21ac79f83a089a761f', 'XDG_MENU_PREFIX': 'gnome-', 'XDG_RUNTIME_DIR': '/run/user/2001', 'DISPLAY': ':1', 'TERMINATOR_DBUS_PATH': '/net/tenshu/Terminator2', 'LANG': 'en_US.UTF-8', 'XDG_CURRENT_DESKTOP': 'ubuntu:GNOME', 'XMODIFIERS': '@im=ibus', 'XDG_SESSION_DESKTOP': 'ubuntu', 'XAUTHORITY': '/run/user/2001/gdm/Xauthority', 'LS_COLORS': 'rs=0:di=01;34:ln=01;36:mh=00:pi=40;33:so=01;35:do=01;35:bd=40;33;01:cd=40;33;01:or=40;31;01:mi=00:su=37;41:sg=30;43:ca=00:tw=30;42:ow=34;42:st=37;44:ex=01;32:*.tar=01;31:*.tgz=01;31:*.arc=01;31:*.arj=01;31:*.taz=01;31:*.lha=01;31:*.lz4=01;31:*.lzh=01;31:*.lzma=01;31:*.tlz=01;31:*.txz=01;31:*.tzo=01;31:*.t7z=01;31:*.zip=01;31:*.z=01;31:*.dz=01;31:*.gz=01;31:*.lrz=01;31:*.lz=01;31:*.lzo=01;31:*.xz=01;31:*.zst=01;31:*.tzst=01;31:*.bz2=01;31:*.bz=01;31:*.tbz=01;31:*.tbz2=01;31:*.tz=01;31:*.deb=01;31:*.rpm=01;31:*.jar=01;31:*.war=01;31:*.ear=01;31:*.sar=01;31:*.rar=01;31:*.alz=01;31:*.ace=01;31:*.zoo=01;31:*.cpio=01;31:*.7z=01;31:*.rz=01;31:*.cab=01;31:*.wim=01;31:*.swm=01;31:*.dwm=01;31:*.esd=01;31:*.avif=01;35:*.jpg=01;35:*.jpeg=01;35:*.mjpg=01;35:*.mjpeg=01;35:*.gif=01;35:*.bmp=01;35:*.pbm=01;35:*.pgm=01;35:*.ppm=01;35:*.tga=01;35:*.xbm=01;35:*.xpm=01;35:*.tif=01;35:*.tiff=01;35:*.png=01;35:*.svg=01;35:*.svgz=01;35:*.mng=01;35:*.pcx=01;35:*.mov=01;35:*.mpg=01;35:*.mpeg=01;35:*.m2v=01;35:*.mkv=01;35:*.webm=01;35:*.webp=01;35:*.ogm=01;35:*.mp4=01;35:*.m4v=01;35:*.mp4v=01;35:*.vob=01;35:*.qt=01;35:*.nuv=01;35:*.wmv=01;35:*.asf=01;35:*.rm=01;35:*.rmvb=01;35:*.flc=01;35:*.avi=01;35:*.fli=01;35:*.flv=01;35:*.gl=01;35:*.dl=01;35:*.xcf=01;35:*.xwd=01;35:*.yuv=01;35:*.cgm=01;35:*.emf=01;35:*.ogv=01;35:*.ogx=01;35:*.aac=00;36:*.au=00;36:*.flac=00;36:*.m4a=00;36:*.mid=00;36:*.midi=00;36:*.mka=00;36:*.mp3=00;36:*.mpc=00;36:*.ogg=00;36:*.ra=00;36:*.wav=00;36:*.oga=00;36:*.opus=00;36:*.spx=00;36:*.xspf=00;36:*~=00;90:*#=00;90:*.bak=00;90:*.crdownload=00;90:*.dpkg-dist=00;90:*.dpkg-new=00;90:*.dpkg-old=00;90:*.dpkg-tmp=00;90:*.old=00;90:*.orig=00;90:*.part=00;90:*.rej=00;90:*.rpmnew=00;90:*.rpmorig=00;90:*.rpmsave=00;90:*.swp=00;90:*.tmp=00;90:*.ucf-dist=00;90:*.ucf-new=00;90:*.ucf-old=00;90:', 'SSH_AUTH_SOCK': '/run/user/2001/keyring/ssh', 'AMENT_PREFIX_PATH': '/home/sejong/Desktop/SH_ws/install/SH_Humanoid_description:/home/sejong/Desktop/SH_ws/install/sh_motion_demo:/home/sejong/Desktop/SH_ws/install/sh_motion_cpp:/home/sejong/Desktop/SH_ws/install/SH_moveit_limit_config:/home/sejong/Desktop/SH_ws/install/SH_moveit_head_config:/home/sejong/Desktop/SH_ws/install/SH_moveit_demo_config:/home/sejong/Desktop/SH_ws/install/SH_moveit_config:/opt/ros/jazzy', 'SHELL': '/bin/bash', 'TERMINATOR_UUID': 'urn:uuid:ad64abfb-00cc-44da-b49f-ecb082c818b8', 'QT_ACCESSIBILITY': '1', 'GDMSESSION': 'ubuntu', 'LESSCLOSE': '/usr/bin/lesspipe %s %s', 'GPG_AGENT_INFO': '/run/user/2001/gnupg/S.gpg-agent:0:1', 'GJS_DEBUG_OUTPUT': 'stderr', 'ROS_AUTOMATIC_DISCOVERY_RANGE': 'SUBNET', 'QT_IM_MODULE': 'ibus', 'PWD': '/home/sejong/Desktop/SH_ws/build/SH_moveit_head_config', 'XDG_CONFIG_DIRS': '/etc/xdg/xdg-ubuntu:/etc/xdg', 'XDG_DATA_DIRS': '/usr/share/ubuntu:/usr/share/gnome:/usr/local/share/:/usr/share/:/var/lib/snapd/desktop', 'PYTHONPATH': '/home/sejong/Desktop/SH_ws/install/SH_Humanoid_description/lib/python3.12/site-packages:/home/sejong/Desktop/SH_ws/install/sh_motion_demo/lib/python3.12/site-packages:/home/sejong/Desktop/SH_ws/install/ros2_interfaces/lib/python3.12/site-packages:/opt/ros/jazzy/lib/python3.12/site-packages', 'COLCON': '1', 'VTE_VERSION': '7600', 'CMAKE_PREFIX_PATH': '/home/sejong/Desktop/SH_ws/install/sh_motion_cpp:/home/sejong/Desktop/SH_ws/install/sh_motion_demo:/home/sejong/Desktop/SH_ws/install/SH_Humanoid_description:/opt/ros/jazzy:/home/sejong/Desktop/SH_ws/install/ros2_interfaces:/home/sejong/Desktop/SH_ws/install/SH_moveit_limit_config:/home/sejong/Desktop/SH_ws/install/SH_moveit_head_config:/home/sejong/Desktop/SH_ws/install/SH_moveit_demo_config:/home/sejong/Desktop/SH_ws/install/SH_moveit_config:/opt/ros/jazzy/opt/sdformat_vendor:/opt/ros/jazzy/opt/gz_math_vendor:/opt/ros/jazzy/opt/gz_utils_vendor:/opt/ros/jazzy/opt/gz_tools_vendor:/opt/ros/jazzy/opt/gz_cmake_vendor'}), 'shell': False}
[1.346931] (SH_moveit_config) StdoutLine: {'line': b'-- Install configuration: ""\n'}
[1.347937] (SH_moveit_config) StdoutLine: {'line': b'-- Execute custom install script\n'}
[1.348255] (SH_moveit_config) StdoutLine: {'line': b'-- Up-to-date symlink: /home/sejong/Desktop/SH_ws/install/SH_moveit_config/share/ament_index/resource_index/package_run_dependencies/SH_moveit_config\n'}
[1.348756] (SH_moveit_config) StdoutLine: {'line': b'-- Up-to-date symlink: /home/sejong/Desktop/SH_ws/install/SH_moveit_config/share/ament_index/resource_index/parent_prefix_path/SH_moveit_config\n'}
[1.348942] (SH_moveit_config) StdoutLine: {'line': b'-- Up-to-date symlink: /home/sejong/Desktop/SH_ws/install/SH_moveit_config/share/SH_moveit_config/environment/ament_prefix_path.sh\n'}
[1.349085] (SH_moveit_config) StdoutLine: {'line': b'-- Up-to-date symlink: /home/sejong/Desktop/SH_ws/install/SH_moveit_config/share/SH_moveit_config/environment/ament_prefix_path.dsv\n'}
[1.349339] (SH_moveit_limit_config) CommandEnded: {'returncode': 0}
[1.349780] (SH_moveit_config) StdoutLine: {'line': b'-- Up-to-date symlink: /home/sejong/Desktop/SH_ws/install/SH_moveit_config/share/SH_moveit_config/environment/path.sh\n'}
[1.350550] (SH_moveit_config) StdoutLine: {'line': b'-- Up-to-date symlink: /home/sejong/Desktop/SH_ws/install/SH_moveit_config/share/SH_moveit_config/environment/path.dsv\n'}
[1.350632] (SH_moveit_config) StdoutLine: {'line': b'-- Up-to-date symlink: /home/sejong/Desktop/SH_ws/install/SH_moveit_config/share/SH_moveit_config/local_setup.bash\n'}
[1.350704] (SH_moveit_config) StdoutLine: {'line': b'-- Up-to-date symlink: /home/sejong/Desktop/SH_ws/install/SH_moveit_config/share/SH_moveit_config/local_setup.sh\n'}
[1.350776] (SH_moveit_config) StdoutLine: {'line': b'-- Up-to-date symlink: /home/sejong/Desktop/SH_ws/install/SH_moveit_config/share/SH_moveit_config/local_setup.zsh\n'}
[1.351192] (SH_moveit_config) StdoutLine: {'line': b'-- Up-to-date symlink: /home/sejong/Desktop/SH_ws/install/SH_moveit_config/share/SH_moveit_config/local_setup.dsv\n'}
[1.351261] (SH_moveit_config) StdoutLine: {'line': b'-- Symlinking: /home/sejong/Desktop/SH_ws/install/SH_moveit_config/share/SH_moveit_config/package.dsv\n'}
[1.351327] (SH_moveit_limit_config) JobProgress: {'identifier': 'SH_moveit_limit_config', 'progress': 'install'}
[1.351345] (SH_moveit_limit_config) Command: {'cmd': ['/usr/bin/cmake', '--install', '/home/sejong/Desktop/SH_ws/build/SH_moveit_limit_config'], 'cwd': '/home/sejong/Desktop/SH_ws/build/SH_moveit_limit_config', 'env': OrderedDict({'GJS_DEBUG_TOPICS': 'JS ERROR;JS LOG', 'XDG_ACTIVATION_TOKEN': 'gnome-shell/Terminator/3885-0-localhost.localdomain_TIME74155', 'LESSOPEN': '| /usr/bin/lesspipe %s', 'USER': 'sejong', 'GZ_CONFIG_PATH': '/opt/ros/jazzy/opt/sdformat_vendor/share/gz', 'ROS_PACKAGE_PATH': '/home/sejong/Desktop/SH_ws/install/ros2_interfaces/share', 'XDG_SESSION_TYPE': 'x11', 'CLUTTER_DISABLE_MIPMAPPED_TEXT': '1', 'SHLVL': '1', 'LD_LIBRARY_PATH': '/home/sejong/Desktop/SH_ws/install/ros2_interfaces/lib:/opt/ros/jazzy/opt/sdformat_vendor/lib:/opt/ros/jazzy/opt/rviz_ogre_vendor/lib:/opt/ros/jazzy/lib/aarch64-linux-gnu:/opt/ros/jazzy/opt/gz_math_vendor/lib:/opt/ros/jazzy/opt/gz_utils_vendor/lib:/opt/ros/jazzy/opt/gz_tools_vendor/lib:/opt/ros/jazzy/opt/gz_cmake_vendor/lib:/opt/ros/jazzy/lib:/usr/local/cuda-13.2/lib64:', 'HOME': '/home/sejong', 'OLDPWD': '/home/sejong', 'DESKTOP_SESSION': 'ubuntu', 'GIO_LAUNCHED_DESKTOP_FILE': '/usr/share/applications/terminator.desktop', 'ROS_PYTHON_VERSION': '3', 'GNOME_SHELL_SESSION_MODE': 'ubuntu', 'GTK_MODULES': 'gail:atk-bridge', 'MANAGERPID': '3555', 'SYSTEMD_EXEC_PID': '3885', 'GSM_SKIP_SSH_AGENT_WORKAROUND': 'true', 'DBUS_SESSION_BUS_ADDRESS': 'unix:path=/run/user/2001/bus', 'COLORTERM': 'truecolor', 'TERMINATOR_DBUS_NAME': 'net.tenshu.Terminator23558193cd9818af7fe4d2c2f5bd9d00f', 'GIO_LAUNCHED_DESKTOP_FILE_PID': '4892', 'DEBUGINFOD_URLS': 'https://debuginfod.ubuntu.com', 'IM_CONFIG_PHASE': '1', 'COLCON_PREFIX_PATH': '/home/sejong/Desktop/SH_ws/install', 'ROS_DISTRO': 'jazzy', 'LOGNAME': 'sejong', 'JOURNAL_STREAM': '8:54497', '_': '/usr/bin/colcon', 'ROS_VERSION': '2', 'PKG_CONFIG_PATH': '/home/sejong/Desktop/SH_ws/install/ros2_interfaces/lib/aarch64-linux-gnu/pkgconfig:/home/sejong/Desktop/SH_ws/install/ros2_interfaces/lib/pkgconfig', 'XDG_SESSION_CLASS': 'user', 'USERNAME': 'sejong', 'TERM': 'xterm-256color', 'GNOME_DESKTOP_SESSION_ID': 'this-is-deprecated', 'WINDOWPATH': '2', 'PATH': '/home/sejong/.local/bin:/opt/ros/jazzy/opt/gz_tools_vendor/bin:/opt/ros/jazzy/bin:/usr/local/cuda-13.2/bin:/home/sejong/.local/bin:/usr/local/sbin:/usr/local/bin:/usr/sbin:/usr/bin:/sbin:/bin:/usr/games:/usr/local/games:/snap/bin:/snap/bin', 'SESSION_MANAGER': 'local/localhost.localdomain:@/tmp/.ICE-unix/3854,unix/localhost.localdomain:/tmp/.ICE-unix/3854', 'INVOCATION_ID': 'c0f5b2c3a0cb4f21ac79f83a089a761f', 'XDG_MENU_PREFIX': 'gnome-', 'XDG_RUNTIME_DIR': '/run/user/2001', 'DISPLAY': ':1', 'TERMINATOR_DBUS_PATH': '/net/tenshu/Terminator2', 'LANG': 'en_US.UTF-8', 'XDG_CURRENT_DESKTOP': 'ubuntu:GNOME', 'XMODIFIERS': '@im=ibus', 'XDG_SESSION_DESKTOP': 'ubuntu', 'XAUTHORITY': '/run/user/2001/gdm/Xauthority', 'LS_COLORS': 'rs=0:di=01;34:ln=01;36:mh=00:pi=40;33:so=01;35:do=01;35:bd=40;33;01:cd=40;33;01:or=40;31;01:mi=00:su=37;41:sg=30;43:ca=00:tw=30;42:ow=34;42:st=37;44:ex=01;32:*.tar=01;31:*.tgz=01;31:*.arc=01;31:*.arj=01;31:*.taz=01;31:*.lha=01;31:*.lz4=01;31:*.lzh=01;31:*.lzma=01;31:*.tlz=01;31:*.txz=01;31:*.tzo=01;31:*.t7z=01;31:*.zip=01;31:*.z=01;31:*.dz=01;31:*.gz=01;31:*.lrz=01;31:*.lz=01;31:*.lzo=01;31:*.xz=01;31:*.zst=01;31:*.tzst=01;31:*.bz2=01;31:*.bz=01;31:*.tbz=01;31:*.tbz2=01;31:*.tz=01;31:*.deb=01;31:*.rpm=01;31:*.jar=01;31:*.war=01;31:*.ear=01;31:*.sar=01;31:*.rar=01;31:*.alz=01;31:*.ace=01;31:*.zoo=01;31:*.cpio=01;31:*.7z=01;31:*.rz=01;31:*.cab=01;31:*.wim=01;31:*.swm=01;31:*.dwm=01;31:*.esd=01;31:*.avif=01;35:*.jpg=01;35:*.jpeg=01;35:*.mjpg=01;35:*.mjpeg=01;35:*.gif=01;35:*.bmp=01;35:*.pbm=01;35:*.pgm=01;35:*.ppm=01;35:*.tga=01;35:*.xbm=01;35:*.xpm=01;35:*.tif=01;35:*.tiff=01;35:*.png=01;35:*.svg=01;35:*.svgz=01;35:*.mng=01;35:*.pcx=01;35:*.mov=01;35:*.mpg=01;35:*.mpeg=01;35:*.m2v=01;35:*.mkv=01;35:*.webm=01;35:*.webp=01;35:*.ogm=01;35:*.mp4=01;35:*.m4v=01;35:*.mp4v=01;35:*.vob=01;35:*.qt=01;35:*.nuv=01;35:*.wmv=01;35:*.asf=01;35:*.rm=01;35:*.rmvb=01;35:*.flc=01;35:*.avi=01;35:*.fli=01;35:*.flv=01;35:*.gl=01;35:*.dl=01;35:*.xcf=01;35:*.xwd=01;35:*.yuv=01;35:*.cgm=01;35:*.emf=01;35:*.ogv=01;35:*.ogx=01;35:*.aac=00;36:*.au=00;36:*.flac=00;36:*.m4a=00;36:*.mid=00;36:*.midi=00;36:*.mka=00;36:*.mp3=00;36:*.mpc=00;36:*.ogg=00;36:*.ra=00;36:*.wav=00;36:*.oga=00;36:*.opus=00;36:*.spx=00;36:*.xspf=00;36:*~=00;90:*#=00;90:*.bak=00;90:*.crdownload=00;90:*.dpkg-dist=00;90:*.dpkg-new=00;90:*.dpkg-old=00;90:*.dpkg-tmp=00;90:*.old=00;90:*.orig=00;90:*.part=00;90:*.rej=00;90:*.rpmnew=00;90:*.rpmorig=00;90:*.rpmsave=00;90:*.swp=00;90:*.tmp=00;90:*.ucf-dist=00;90:*.ucf-new=00;90:*.ucf-old=00;90:', 'SSH_AUTH_SOCK': '/run/user/2001/keyring/ssh', 'AMENT_PREFIX_PATH': '/home/sejong/Desktop/SH_ws/install/SH_Humanoid_description:/home/sejong/Desktop/SH_ws/install/sh_motion_demo:/home/sejong/Desktop/SH_ws/install/sh_motion_cpp:/home/sejong/Desktop/SH_ws/install/SH_moveit_limit_config:/home/sejong/Desktop/SH_ws/install/SH_moveit_head_config:/home/sejong/Desktop/SH_ws/install/SH_moveit_demo_config:/home/sejong/Desktop/SH_ws/install/SH_moveit_config:/opt/ros/jazzy', 'SHELL': '/bin/bash', 'TERMINATOR_UUID': 'urn:uuid:ad64abfb-00cc-44da-b49f-ecb082c818b8', 'QT_ACCESSIBILITY': '1', 'GDMSESSION': 'ubuntu', 'LESSCLOSE': '/usr/bin/lesspipe %s %s', 'GPG_AGENT_INFO': '/run/user/2001/gnupg/S.gpg-agent:0:1', 'GJS_DEBUG_OUTPUT': 'stderr', 'ROS_AUTOMATIC_DISCOVERY_RANGE': 'SUBNET', 'QT_IM_MODULE': 'ibus', 'PWD': '/home/sejong/Desktop/SH_ws/build/SH_moveit_limit_config', 'XDG_CONFIG_DIRS': '/etc/xdg/xdg-ubuntu:/etc/xdg', 'XDG_DATA_DIRS': '/usr/share/ubuntu:/usr/share/gnome:/usr/local/share/:/usr/share/:/var/lib/snapd/desktop', 'PYTHONPATH': '/home/sejong/Desktop/SH_ws/install/SH_Humanoid_description/lib/python3.12/site-packages:/home/sejong/Desktop/SH_ws/install/sh_motion_demo/lib/python3.12/site-packages:/home/sejong/Desktop/SH_ws/install/ros2_interfaces/lib/python3.12/site-packages:/opt/ros/jazzy/lib/python3.12/site-packages', 'COLCON': '1', 'VTE_VERSION': '7600', 'CMAKE_PREFIX_PATH': '/home/sejong/Desktop/SH_ws/install/sh_motion_cpp:/home/sejong/Desktop/SH_ws/install/sh_motion_demo:/home/sejong/Desktop/SH_ws/install/SH_Humanoid_description:/opt/ros/jazzy:/home/sejong/Desktop/SH_ws/install/ros2_interfaces:/home/sejong/Desktop/SH_ws/install/SH_moveit_limit_config:/home/sejong/Desktop/SH_ws/install/SH_moveit_head_config:/home/sejong/Desktop/SH_ws/install/SH_moveit_demo_config:/home/sejong/Desktop/SH_ws/install/SH_moveit_config:/opt/ros/jazzy/opt/sdformat_vendor:/opt/ros/jazzy/opt/gz_math_vendor:/opt/ros/jazzy/opt/gz_utils_vendor:/opt/ros/jazzy/opt/gz_tools_vendor:/opt/ros/jazzy/opt/gz_cmake_vendor'}), 'shell': False}
[1.351648] (SH_moveit_demo_config) StdoutLine: {'line': b'-- Install configuration: ""\n'}
[1.352394] (SH_moveit_demo_config) StdoutLine: {'line': b'-- Execute custom install script\n'}
[1.352464] (SH_moveit_demo_config) StdoutLine: {'line': b'-- Up-to-date symlink: /home/sejong/Desktop/SH_ws/install/SH_moveit_demo_config/share/ament_index/resource_index/package_run_dependencies/SH_moveit_demo_config\n'}
[1.352620] (SH_moveit_demo_config) StdoutLine: {'line': b'-- Up-to-date symlink: /home/sejong/Desktop/SH_ws/install/SH_moveit_demo_config/share/ament_index/resource_index/parent_prefix_path/SH_moveit_demo_config\n'}
[1.352962] (SH_moveit_demo_config) StdoutLine: {'line': b'-- Up-to-date symlink: /home/sejong/Desktop/SH_ws/install/SH_moveit_demo_config/share/SH_moveit_demo_config/environment/ament_prefix_path.sh\n'}
[1.353032] (SH_moveit_demo_config) StdoutLine: {'line': b'-- Up-to-date symlink: /home/sejong/Desktop/SH_ws/install/SH_moveit_demo_config/share/SH_moveit_demo_config/environment/ament_prefix_path.dsv\n'}
[1.353265] (SH_moveit_demo_config) StdoutLine: {'line': b'-- Up-to-date symlink: /home/sejong/Desktop/SH_ws/install/SH_moveit_demo_config/share/SH_moveit_demo_config/environment/path.sh\n'}
[1.353345] (SH_moveit_demo_config) StdoutLine: {'line': b'-- Up-to-date symlink: /home/sejong/Desktop/SH_ws/install/SH_moveit_demo_config/share/SH_moveit_demo_config/environment/path.dsv\n'}
[1.353463] (SH_moveit_demo_config) StdoutLine: {'line': b'-- Up-to-date symlink: /home/sejong/Desktop/SH_ws/install/SH_moveit_demo_config/share/SH_moveit_demo_config/local_setup.bash\n'}
[1.353653] (SH_moveit_demo_config) StdoutLine: {'line': b'-- Up-to-date symlink: /home/sejong/Desktop/SH_ws/install/SH_moveit_demo_config/share/SH_moveit_demo_config/local_setup.sh\n'}
[1.354555] (SH_moveit_demo_config) StdoutLine: {'line': b'-- Up-to-date symlink: /home/sejong/Desktop/SH_ws/install/SH_moveit_demo_config/share/SH_moveit_demo_config/local_setup.zsh\n'}
[1.354628] (SH_moveit_demo_config) StdoutLine: {'line': b'-- Up-to-date symlink: /home/sejong/Desktop/SH_ws/install/SH_moveit_demo_config/share/SH_moveit_demo_config/local_setup.dsv\n'}
[1.354706] (SH_moveit_demo_config) StdoutLine: {'line': b'-- Symlinking: /home/sejong/Desktop/SH_ws/install/SH_moveit_demo_config/share/SH_moveit_demo_config/package.dsv\n'}
[1.355014] (SH_moveit_head_config) StdoutLine: {'line': b'-- Install configuration: ""\n'}
[1.356476] (SH_moveit_head_config) StdoutLine: {'line': b'-- Execute custom install script\n'}
[1.356555] (SH_moveit_head_config) StdoutLine: {'line': b'-- Up-to-date symlink: /home/sejong/Desktop/SH_ws/install/SH_moveit_head_config/share/ament_index/resource_index/package_run_dependencies/SH_moveit_head_config\n'}
[1.356626] (SH_moveit_head_config) StdoutLine: {'line': b'-- Up-to-date symlink: /home/sejong/Desktop/SH_ws/install/SH_moveit_head_config/share/ament_index/resource_index/parent_prefix_path/SH_moveit_head_config\n'}
[1.356697] (SH_moveit_head_config) StdoutLine: {'line': b'-- Up-to-date symlink: /home/sejong/Desktop/SH_ws/install/SH_moveit_head_config/share/SH_moveit_head_config/environment/ament_prefix_path.sh\n'}
[1.356793] (SH_moveit_head_config) StdoutLine: {'line': b'-- Up-to-date symlink: /home/sejong/Desktop/SH_ws/install/SH_moveit_head_config/share/SH_moveit_head_config/environment/ament_prefix_path.dsv\n'}
[1.356863] (SH_moveit_head_config) StdoutLine: {'line': b'-- Up-to-date symlink: /home/sejong/Desktop/SH_ws/install/SH_moveit_head_config/share/SH_moveit_head_config/environment/path.sh\n'}
[1.356947] (SH_moveit_head_config) StdoutLine: {'line': b'-- Up-to-date symlink: /home/sejong/Desktop/SH_ws/install/SH_moveit_head_config/share/SH_moveit_head_config/environment/path.dsv\n'}
[1.357152] (SH_moveit_head_config) StdoutLine: {'line': b'-- Up-to-date symlink: /home/sejong/Desktop/SH_ws/install/SH_moveit_head_config/share/SH_moveit_head_config/local_setup.bash\n'}
[1.357366] (SH_moveit_head_config) StdoutLine: {'line': b'-- Up-to-date symlink: /home/sejong/Desktop/SH_ws/install/SH_moveit_head_config/share/SH_moveit_head_config/local_setup.sh\n'}
[1.357596] (SH_moveit_head_config) StdoutLine: {'line': b'-- Up-to-date symlink: /home/sejong/Desktop/SH_ws/install/SH_moveit_head_config/share/SH_moveit_head_config/local_setup.zsh\n'}
[1.357758] (SH_moveit_head_config) StdoutLine: {'line': b'-- Up-to-date symlink: /home/sejong/Desktop/SH_ws/install/SH_moveit_head_config/share/SH_moveit_head_config/local_setup.dsv\n'}
[1.357872] (SH_moveit_head_config) StdoutLine: {'line': b'-- Symlinking: /home/sejong/Desktop/SH_ws/install/SH_moveit_head_config/share/SH_moveit_head_config/package.dsv\n'}
[1.358033] (SH_moveit_limit_config) StdoutLine: {'line': b'-- Install configuration: ""\n'}
[1.358132] (SH_moveit_limit_config) StdoutLine: {'line': b'-- Up-to-date: /home/sejong/Desktop/SH_ws/install/SH_moveit_limit_config/share/ament_index/resource_index/package_run_dependencies/SH_moveit_limit_config\n'}
[1.358248] (SH_moveit_limit_config) StdoutLine: {'line': b'-- Up-to-date: /home/sejong/Desktop/SH_ws/install/SH_moveit_limit_config/share/ament_index/resource_index/parent_prefix_path/SH_moveit_limit_config\n'}
[1.358315] (SH_moveit_limit_config) StdoutLine: {'line': b'-- Up-to-date: /home/sejong/Desktop/SH_ws/install/SH_moveit_limit_config/share/SH_moveit_limit_config/environment/ament_prefix_path.sh\n'}
[1.358384] (SH_moveit_limit_config) StdoutLine: {'line': b'-- Up-to-date: /home/sejong/Desktop/SH_ws/install/SH_moveit_limit_config/share/SH_moveit_limit_config/environment/ament_prefix_path.dsv\n'}
[1.358451] (SH_moveit_limit_config) StdoutLine: {'line': b'-- Up-to-date: /home/sejong/Desktop/SH_ws/install/SH_moveit_limit_config/share/SH_moveit_limit_config/environment/path.sh\n'}
[1.358519] (SH_moveit_limit_config) StdoutLine: {'line': b'-- Up-to-date: /home/sejong/Desktop/SH_ws/install/SH_moveit_limit_config/share/SH_moveit_limit_config/environment/path.dsv\n'}
[1.358587] (SH_moveit_limit_config) StdoutLine: {'line': b'-- Up-to-date: /home/sejong/Desktop/SH_ws/install/SH_moveit_limit_config/share/SH_moveit_limit_config/local_setup.bash\n'}
[1.358654] (SH_moveit_limit_config) StdoutLine: {'line': b'-- Up-to-date: /home/sejong/Desktop/SH_ws/install/SH_moveit_limit_config/share/SH_moveit_limit_config/local_setup.sh\n'}
[1.358726] (SH_moveit_limit_config) StdoutLine: {'line': b'-- Up-to-date: /home/sejong/Desktop/SH_ws/install/SH_moveit_limit_config/share/SH_moveit_limit_config/local_setup.zsh\n'}
[1.358797] (SH_moveit_limit_config) StdoutLine: {'line': b'-- Up-to-date: /home/sejong/Desktop/SH_ws/install/SH_moveit_limit_config/share/SH_moveit_limit_config/local_setup.dsv\n'}
[1.358863] (SH_moveit_limit_config) StdoutLine: {'line': b'-- Up-to-date: /home/sejong/Desktop/SH_ws/install/SH_moveit_limit_config/share/SH_moveit_limit_config/package.dsv\n'}
[1.358930] (SH_moveit_limit_config) StdoutLine: {'line': b'-- Up-to-date: /home/sejong/Desktop/SH_ws/install/SH_moveit_limit_config/share/ament_index/resource_index/packages/SH_moveit_limit_config\n'}
[1.358997] (SH_moveit_limit_config) StdoutLine: {'line': b'-- Up-to-date: /home/sejong/Desktop/SH_ws/install/SH_moveit_limit_config/share/SH_moveit_limit_config/cmake/SH_moveit_limit_configConfig.cmake\n'}
[1.359064] (SH_moveit_limit_config) StdoutLine: {'line': b'-- Up-to-date: /home/sejong/Desktop/SH_ws/install/SH_moveit_limit_config/share/SH_moveit_limit_config/cmake/SH_moveit_limit_configConfig-version.cmake\n'}
[1.359132] (SH_moveit_limit_config) StdoutLine: {'line': b'-- Up-to-date: /home/sejong/Desktop/SH_ws/install/SH_moveit_limit_config/share/SH_moveit_limit_config/package.xml\n'}
[1.359199] (SH_moveit_limit_config) StdoutLine: {'line': b'-- Up-to-date: /home/sejong/Desktop/SH_ws/install/SH_moveit_limit_config/share/SH_moveit_limit_config/launch\n'}
[1.359266] (SH_moveit_limit_config) StdoutLine: {'line': b'-- Up-to-date: /home/sejong/Desktop/SH_ws/install/SH_moveit_limit_config/share/SH_moveit_limit_config/launch/static_virtual_joint_tfs.launch.py\n'}
[1.359333] (SH_moveit_limit_config) StdoutLine: {'line': b'-- Up-to-date: /home/sejong/Desktop/SH_ws/install/SH_moveit_limit_config/share/SH_moveit_limit_config/launch/spawn_controllers.launch.py\n'}
[1.359406] (SH_moveit_limit_config) StdoutLine: {'line': b'-- Up-to-date: /home/sejong/Desktop/SH_ws/install/SH_moveit_limit_config/share/SH_moveit_limit_config/launch/warehouse_db.launch.py\n'}
[1.359476] (SH_moveit_limit_config) StdoutLine: {'line': b'-- Up-to-date: /home/sejong/Desktop/SH_ws/install/SH_moveit_limit_config/share/SH_moveit_limit_config/launch/rsp.launch.py\n'}
[1.359538] (SH_moveit_limit_config) StdoutLine: {'line': b'-- Up-to-date: /home/sejong/Desktop/SH_ws/install/SH_moveit_limit_config/share/SH_moveit_limit_config/launch/demo.launch.py\n'}
[1.359602] (SH_moveit_limit_config) StdoutLine: {'line': b'-- Up-to-date: /home/sejong/Desktop/SH_ws/install/SH_moveit_limit_config/share/SH_moveit_limit_config/launch/demo_bridge.launch.py\n'}
[1.359797] (SH_moveit_limit_config) StdoutLine: {'line': b'-- Up-to-date: /home/sejong/Desktop/SH_ws/install/SH_moveit_limit_config/share/SH_moveit_limit_config/launch/setup_assistant.launch.py\n'}
[1.360122] (SH_moveit_limit_config) StdoutLine: {'line': b'-- Up-to-date: /home/sejong/Desktop/SH_ws/install/SH_moveit_limit_config/share/SH_moveit_limit_config/launch/move_group.launch.py\n'}
[1.360938] (SH_moveit_limit_config) StdoutLine: {'line': b'-- Up-to-date: /home/sejong/Desktop/SH_ws/install/SH_moveit_limit_config/share/SH_moveit_limit_config/launch/moveit_rviz.launch.py\n'}
[1.361170] (SH_moveit_limit_config) StdoutLine: {'line': b'-- Up-to-date: /home/sejong/Desktop/SH_ws/install/SH_moveit_limit_config/share/SH_moveit_limit_config/config\n'}
[1.361500] (SH_moveit_limit_config) StdoutLine: {'line': b'-- Up-to-date: /home/sejong/Desktop/SH_ws/install/SH_moveit_limit_config/share/SH_moveit_limit_config/config/pilz_cartesian_limits.yaml\n'}
[1.361718] (SH_moveit_limit_config) StdoutLine: {'line': b'-- Up-to-date: /home/sejong/Desktop/SH_ws/install/SH_moveit_limit_config/share/SH_moveit_limit_config/config/SH_Humanoid.ros2_control.xacro\n'}
[1.361905] (SH_moveit_limit_config) StdoutLine: {'line': b'-- Up-to-date: /home/sejong/Desktop/SH_ws/install/SH_moveit_limit_config/share/SH_moveit_limit_config/config/initial_positions.yaml\n'}
[1.362039] (SH_moveit_limit_config) StdoutLine: {'line': b'-- Up-to-date: /home/sejong/Desktop/SH_ws/install/SH_moveit_limit_config/share/SH_moveit_limit_config/config/SH_Humanoid.srdf\n'}
[1.362177] (SH_moveit_limit_config) StdoutLine: {'line': b'-- Installing: /home/sejong/Desktop/SH_ws/install/SH_moveit_limit_config/share/SH_moveit_limit_config/config/moveit_controllers.yaml\n'}
[1.362321] (SH_moveit_limit_config) StdoutLine: {'line': b'-- Up-to-date: /home/sejong/Desktop/SH_ws/install/SH_moveit_limit_config/share/SH_moveit_limit_config/config/joint_limits.yaml\n'}
[1.362510] (SH_moveit_limit_config) StdoutLine: {'line': b'-- Up-to-date: /home/sejong/Desktop/SH_ws/install/SH_moveit_limit_config/share/SH_moveit_limit_config/config/moveit.rviz\n'}
[1.362672] (SH_moveit_limit_config) StdoutLine: {'line': b'-- Up-to-date: /home/sejong/Desktop/SH_ws/install/SH_moveit_limit_config/share/SH_moveit_limit_config/config/SH_Humanoid.urdf.xacro\n'}
[1.362795] (SH_moveit_limit_config) StdoutLine: {'line': b'-- Up-to-date: /home/sejong/Desktop/SH_ws/install/SH_moveit_limit_config/share/SH_moveit_limit_config/config/kinematics.yaml\n'}
[1.362956] (SH_moveit_limit_config) StdoutLine: {'line': b'-- Up-to-date: /home/sejong/Desktop/SH_ws/install/SH_moveit_limit_config/share/SH_moveit_limit_config/config/ros2_controllers.yaml\n'}
[1.363088] (SH_moveit_limit_config) StdoutLine: {'line': b'-- Up-to-date: /home/sejong/Desktop/SH_ws/install/SH_moveit_limit_config/share/SH_moveit_limit_config/.setup_assistant\n'}
[1.363210] (SH_moveit_config) StdoutLine: {'line': b'-- Up-to-date symlink: /home/sejong/Desktop/SH_ws/install/SH_moveit_config/share/ament_index/resource_index/packages/SH_moveit_config\n'}
[1.363771] (SH_moveit_limit_config) CommandEnded: {'returncode': 0}
[1.364672] (SH_moveit_config) StdoutLine: {'line': b'-- Up-to-date symlink: /home/sejong/Desktop/SH_ws/install/SH_moveit_config/share/SH_moveit_config/cmake/SH_moveit_configConfig.cmake\n'}
[1.364876] (SH_moveit_config) StdoutLine: {'line': b'-- Up-to-date symlink: /home/sejong/Desktop/SH_ws/install/SH_moveit_config/share/SH_moveit_config/cmake/SH_moveit_configConfig-version.cmake\n'}
[1.365027] (SH_moveit_config) StdoutLine: {'line': b'-- Up-to-date symlink: /home/sejong/Desktop/SH_ws/install/SH_moveit_config/share/SH_moveit_config/package.xml\n'}
[1.365136] (SH_moveit_config) StdoutLine: {'line': b'-- Up-to-date symlink: /home/sejong/Desktop/SH_ws/install/SH_moveit_config/share/SH_moveit_config/launch/demo.launch.py\n'}
[1.365578] (SH_moveit_config) StdoutLine: {'line': b'-- Up-to-date symlink: /home/sejong/Desktop/SH_ws/install/SH_moveit_config/share/SH_moveit_config/launch/move_group.launch.py\n'}
[1.365951] (SH_moveit_config) StdoutLine: {'line': b'-- Up-to-date symlink: /home/sejong/Desktop/SH_ws/install/SH_moveit_config/share/SH_moveit_config/launch/moveit_rviz.launch.py\n'}
[1.366085] (SH_moveit_config) StdoutLine: {'line': b'-- Up-to-date symlink: /home/sejong/Desktop/SH_ws/install/SH_moveit_config/share/SH_moveit_config/launch/rsp.launch.py\n'}
[1.366254] (SH_moveit_config) StdoutLine: {'line': b'-- Up-to-date symlink: /home/sejong/Desktop/SH_ws/install/SH_moveit_config/share/SH_moveit_config/launch/servo.launch.py\n'}
[1.366625] (SH_moveit_config) StdoutLine: {'line': b'-- Up-to-date symlink: /home/sejong/Desktop/SH_ws/install/SH_moveit_config/share/SH_moveit_config/launch/setup_assistant.launch.py\n'}
[1.367159] (SH_moveit_config) StdoutLine: {'line': b'-- Up-to-date symlink: /home/sejong/Desktop/SH_ws/install/SH_moveit_config/share/SH_moveit_config/launch/spawn_controllers.launch.py\n'}
[1.367317] (SH_moveit_config) StdoutLine: {'line': b'-- Up-to-date symlink: /home/sejong/Desktop/SH_ws/install/SH_moveit_config/share/SH_moveit_config/launch/static_virtual_joint_tfs.launch.py\n'}
[1.367483] (SH_moveit_config) StdoutLine: {'line': b'-- Up-to-date symlink: /home/sejong/Desktop/SH_ws/install/SH_moveit_config/share/SH_moveit_config/launch/warehouse_db.launch.py\n'}
[1.367964] (SH_moveit_config) StdoutLine: {'line': b'-- Up-to-date symlink: /home/sejong/Desktop/SH_ws/install/SH_moveit_config/share/SH_moveit_config/config/SH_Humanoid.ros2_control.xacro\n'}
[1.368826] (SH_moveit_config) StdoutLine: {'line': b'-- Up-to-date symlink: /home/sejong/Desktop/SH_ws/install/SH_moveit_config/share/SH_moveit_config/config/SH_Humanoid.srdf\n'}
[1.370302] (SH_moveit_config) StdoutLine: {'line': b'-- Up-to-date symlink: /home/sejong/Desktop/SH_ws/install/SH_moveit_config/share/SH_moveit_config/config/SH_Humanoid.urdf.xacro\n'}
[1.370498] (SH_moveit_config) StdoutLine: {'line': b'-- Up-to-date symlink: /home/sejong/Desktop/SH_ws/install/SH_moveit_config/share/SH_moveit_config/config/initial_positions.yaml\n'}
[1.371282] (SH_moveit_config) StdoutLine: {'line': b'-- Up-to-date symlink: /home/sejong/Desktop/SH_ws/install/SH_moveit_config/share/SH_moveit_config/config/joint_limits.yaml\n'}
[1.371847] (SH_moveit_config) StdoutLine: {'line': b'-- Up-to-date symlink: /home/sejong/Desktop/SH_ws/install/SH_moveit_config/share/SH_moveit_config/config/kinematics.yaml\n'}
[1.371987] (SH_moveit_config) StdoutLine: {'line': b'-- Up-to-date symlink: /home/sejong/Desktop/SH_ws/install/SH_moveit_config/share/SH_moveit_config/config/moveit.rviz\n'}
[1.372045] (SH_moveit_config) StdoutLine: {'line': b'-- Up-to-date symlink: /home/sejong/Desktop/SH_ws/install/SH_moveit_config/share/SH_moveit_config/config/moveit_controllers.yaml\n'}
[1.372102] (SH_moveit_config) StdoutLine: {'line': b'-- Up-to-date symlink: /home/sejong/Desktop/SH_ws/install/SH_moveit_config/share/SH_moveit_config/config/pilz_cartesian_limits.yaml\n'}
[1.372195] (SH_moveit_config) StdoutLine: {'line': b'-- Up-to-date symlink: /home/sejong/Desktop/SH_ws/install/SH_moveit_config/share/SH_moveit_config/config/poses/home.yaml\n'}
[1.372267] (SH_moveit_config) StdoutLine: {'line': b'-- Up-to-date symlink: /home/sejong/Desktop/SH_ws/install/SH_moveit_config/share/SH_moveit_config/config/poses/wave_left.yaml\n'}
[1.372323] (SH_moveit_config) StdoutLine: {'line': b'-- Up-to-date symlink: /home/sejong/Desktop/SH_ws/install/SH_moveit_config/share/SH_moveit_config/config/poses/wave_ready.yaml\n'}
[1.372377] (SH_moveit_config) StdoutLine: {'line': b'-- Up-to-date symlink: /home/sejong/Desktop/SH_ws/install/SH_moveit_config/share/SH_moveit_config/config/poses/wave_right.yaml\n'}
[1.372433] (SH_moveit_config) StdoutLine: {'line': b'-- Up-to-date symlink: /home/sejong/Desktop/SH_ws/install/SH_moveit_config/share/SH_moveit_config/config/ros2_controllers.yaml\n'}
[1.372486] (SH_moveit_demo_config) StdoutLine: {'line': b'-- Up-to-date symlink: /home/sejong/Desktop/SH_ws/install/SH_moveit_demo_config/share/ament_index/resource_index/packages/SH_moveit_demo_config\n'}
[1.372870] (SH_moveit_config) StdoutLine: {'line': b'-- Up-to-date symlink: /home/sejong/Desktop/SH_ws/install/SH_moveit_config/share/SH_moveit_config/config/sensors_3d.yaml\n'}
[1.373268] (SH_moveit_demo_config) StdoutLine: {'line': b'-- Up-to-date symlink: /home/sejong/Desktop/SH_ws/install/SH_moveit_demo_config/share/SH_moveit_demo_config/cmake/SH_moveit_demo_configConfig.cmake\n'}
[1.373323] (SH_moveit_config) StdoutLine: {'line': b'-- Up-to-date symlink: /home/sejong/Desktop/SH_ws/install/SH_moveit_config/share/SH_moveit_config/config/servo.yaml\n'}
[1.373422] (SH_moveit_demo_config) StdoutLine: {'line': b'-- Up-to-date symlink: /home/sejong/Desktop/SH_ws/install/SH_moveit_demo_config/share/SH_moveit_demo_config/cmake/SH_moveit_demo_configConfig-version.cmake\n'}
[1.373477] (SH_moveit_config) StdoutLine: {'line': b'-- Up-to-date symlink: /home/sejong/Desktop/SH_ws/install/SH_moveit_config/share/SH_moveit_config/.setup_assistant\n'}
[1.373563] (SH_moveit_demo_config) StdoutLine: {'line': b'-- Up-to-date symlink: /home/sejong/Desktop/SH_ws/install/SH_moveit_demo_config/share/SH_moveit_demo_config/package.xml\n'}
[1.373620] (SH_moveit_demo_config) StdoutLine: {'line': b'-- Up-to-date symlink: /home/sejong/Desktop/SH_ws/install/SH_moveit_demo_config/share/SH_moveit_demo_config/launch/demo.launch.py\n'}
[1.373676] (SH_moveit_demo_config) StdoutLine: {'line': b'-- Up-to-date symlink: /home/sejong/Desktop/SH_ws/install/SH_moveit_demo_config/share/SH_moveit_demo_config/launch/move_group.launch.py\n'}
[1.373765] (SH_moveit_demo_config) StdoutLine: {'line': b'-- Up-to-date symlink: /home/sejong/Desktop/SH_ws/install/SH_moveit_demo_config/share/SH_moveit_demo_config/launch/moveit_rviz.launch.py\n'}
[1.373820] (SH_moveit_demo_config) StdoutLine: {'line': b'-- Up-to-date symlink: /home/sejong/Desktop/SH_ws/install/SH_moveit_demo_config/share/SH_moveit_demo_config/launch/rsp.launch.py\n'}
[1.373874] (SH_moveit_demo_config) StdoutLine: {'line': b'-- Up-to-date symlink: /home/sejong/Desktop/SH_ws/install/SH_moveit_demo_config/share/SH_moveit_demo_config/launch/servo.launch.py\n'}
[1.373927] (SH_moveit_demo_config) StdoutLine: {'line': b'-- Up-to-date symlink: /home/sejong/Desktop/SH_ws/install/SH_moveit_demo_config/share/SH_moveit_demo_config/launch/setup_assistant.launch.py\n'}
[1.373983] (SH_moveit_demo_config) StdoutLine: {'line': b'-- Up-to-date symlink: /home/sejong/Desktop/SH_ws/install/SH_moveit_demo_config/share/SH_moveit_demo_config/launch/spawn_controllers.launch.py\n'}
[1.374036] (SH_moveit_demo_config) StdoutLine: {'line': b'-- Up-to-date symlink: /home/sejong/Desktop/SH_ws/install/SH_moveit_demo_config/share/SH_moveit_demo_config/launch/static_virtual_joint_tfs.launch.py\n'}
[1.374090] (SH_moveit_demo_config) StdoutLine: {'line': b'-- Up-to-date symlink: /home/sejong/Desktop/SH_ws/install/SH_moveit_demo_config/share/SH_moveit_demo_config/launch/warehouse_db.launch.py\n'}
[1.374200] (SH_moveit_demo_config) StdoutLine: {'line': b'-- Up-to-date symlink: /home/sejong/Desktop/SH_ws/install/SH_moveit_demo_config/share/SH_moveit_demo_config/config/SH_Humanoid.ros2_control.xacro\n'}
[1.374297] (SH_moveit_demo_config) StdoutLine: {'line': b'-- Up-to-date symlink: /home/sejong/Desktop/SH_ws/install/SH_moveit_demo_config/share/SH_moveit_demo_config/config/SH_Humanoid.srdf\n'}
[1.374438] (SH_moveit_demo_config) StdoutLine: {'line': b'-- Up-to-date symlink: /home/sejong/Desktop/SH_ws/install/SH_moveit_demo_config/share/SH_moveit_demo_config/config/SH_Humanoid.urdf.xacro\n'}
[1.374809] (SH_moveit_demo_config) StdoutLine: {'line': b'-- Up-to-date symlink: /home/sejong/Desktop/SH_ws/install/SH_moveit_demo_config/share/SH_moveit_demo_config/config/initial_positions.yaml\n'}
[1.375138] (SH_moveit_demo_config) StdoutLine: {'line': b'-- Up-to-date symlink: /home/sejong/Desktop/SH_ws/install/SH_moveit_demo_config/share/SH_moveit_demo_config/config/joint_limits.yaml\n'}
[1.375277] (SH_moveit_head_config) StdoutLine: {'line': b'-- Up-to-date symlink: /home/sejong/Desktop/SH_ws/install/SH_moveit_head_config/share/ament_index/resource_index/packages/SH_moveit_head_config\n'}
[1.375410] (SH_moveit_demo_config) StdoutLine: {'line': b'-- Up-to-date symlink: /home/sejong/Desktop/SH_ws/install/SH_moveit_demo_config/share/SH_moveit_demo_config/config/kinematics.yaml\n'}
[1.375937] (SH_moveit_demo_config) StdoutLine: {'line': b'-- Up-to-date symlink: /home/sejong/Desktop/SH_ws/install/SH_moveit_demo_config/share/SH_moveit_demo_config/config/moveit.rviz\n'}
[1.376073] (SH_moveit_demo_config) StdoutLine: {'line': b'-- Up-to-date symlink: /home/sejong/Desktop/SH_ws/install/SH_moveit_demo_config/share/SH_moveit_demo_config/config/moveit_controllers.yaml\n'}
[1.376200] (SH_moveit_demo_config) StdoutLine: {'line': b'-- Up-to-date symlink: /home/sejong/Desktop/SH_ws/install/SH_moveit_demo_config/share/SH_moveit_demo_config/config/pilz_cartesian_limits.yaml\n'}
[1.376399] (SH_moveit_demo_config) StdoutLine: {'line': b'-- Up-to-date symlink: /home/sejong/Desktop/SH_ws/install/SH_moveit_demo_config/share/SH_moveit_demo_config/config/poses/home.yaml\n'}
[1.376612] (SH_moveit_head_config) StdoutLine: {'line': b'-- Up-to-date symlink: /home/sejong/Desktop/SH_ws/install/SH_moveit_head_config/share/SH_moveit_head_config/cmake/SH_moveit_head_configConfig.cmake\n'}
[1.376903] (SH_moveit_head_config) StdoutLine: {'line': b'-- Up-to-date symlink: /home/sejong/Desktop/SH_ws/install/SH_moveit_head_config/share/SH_moveit_head_config/cmake/SH_moveit_head_configConfig-version.cmake\n'}
[1.377038] (SH_moveit_head_config) StdoutLine: {'line': b'-- Up-to-date symlink: /home/sejong/Desktop/SH_ws/install/SH_moveit_head_config/share/SH_moveit_head_config/package.xml\n'}
[1.377291] (SH_moveit_head_config) StdoutLine: {'line': b'-- Up-to-date symlink: /home/sejong/Desktop/SH_ws/install/SH_moveit_head_config/share/SH_moveit_head_config/launch/demo.launch.py\n'}
[1.377431] (SH_moveit_demo_config) StdoutLine: {'line': b'-- Up-to-date symlink: /home/sejong/Desktop/SH_ws/install/SH_moveit_demo_config/share/SH_moveit_demo_config/config/poses/wave_left.yaml\n'}
[1.377549] (SH_moveit_demo_config) StdoutLine: {'line': b'-- Up-to-date symlink: /home/sejong/Desktop/SH_ws/install/SH_moveit_demo_config/share/SH_moveit_demo_config/config/poses/wave_ready.yaml\n'}
[1.377775] (SH_moveit_demo_config) StdoutLine: {'line': b'-- Up-to-date symlink: /home/sejong/Desktop/SH_ws/install/SH_moveit_demo_config/share/SH_moveit_demo_config/config/poses/wave_right.yaml\n'}
[1.377927] (SH_moveit_demo_config) StdoutLine: {'line': b'-- Up-to-date symlink: /home/sejong/Desktop/SH_ws/install/SH_moveit_demo_config/share/SH_moveit_demo_config/config/ros2_controllers.yaml\n'}
[1.378155] (SH_moveit_head_config) StdoutLine: {'line': b'-- Up-to-date symlink: /home/sejong/Desktop/SH_ws/install/SH_moveit_head_config/share/SH_moveit_head_config/launch/demo_bridge.launch.py\n'}
[1.378668] (SH_moveit_demo_config) StdoutLine: {'line': b'-- Up-to-date symlink: /home/sejong/Desktop/SH_ws/install/SH_moveit_demo_config/share/SH_moveit_demo_config/config/servo.yaml\n'}
[1.379460] (SH_moveit_head_config) StdoutLine: {'line': b'-- Up-to-date symlink: /home/sejong/Desktop/SH_ws/install/SH_moveit_head_config/share/SH_moveit_head_config/launch/move_group.launch.py\n'}
[1.380007] (SH_moveit_head_config) StdoutLine: {'line': b'-- Up-to-date symlink: /home/sejong/Desktop/SH_ws/install/SH_moveit_head_config/share/SH_moveit_head_config/launch/moveit_rviz.launch.py\n'}
[1.380283] (SH_moveit_head_config) StdoutLine: {'line': b'-- Up-to-date symlink: /home/sejong/Desktop/SH_ws/install/SH_moveit_head_config/share/SH_moveit_head_config/launch/rsp.launch.py\n'}
[1.380471] (SH_moveit_head_config) StdoutLine: {'line': b'-- Up-to-date symlink: /home/sejong/Desktop/SH_ws/install/SH_moveit_head_config/share/SH_moveit_head_config/launch/servo.launch.py\n'}
[1.380657] (SH_moveit_head_config) StdoutLine: {'line': b'-- Up-to-date symlink: /home/sejong/Desktop/SH_ws/install/SH_moveit_head_config/share/SH_moveit_head_config/launch/setup_assistant.launch.py\n'}
[1.380823] (SH_moveit_head_config) StdoutLine: {'line': b'-- Up-to-date symlink: /home/sejong/Desktop/SH_ws/install/SH_moveit_head_config/share/SH_moveit_head_config/launch/spawn_controllers.launch.py\n'}
[1.380976] (SH_moveit_head_config) StdoutLine: {'line': b'-- Up-to-date symlink: /home/sejong/Desktop/SH_ws/install/SH_moveit_head_config/share/SH_moveit_head_config/launch/static_virtual_joint_tfs.launch.py\n'}
[1.381198] (SH_moveit_head_config) StdoutLine: {'line': b'-- Up-to-date symlink: /home/sejong/Desktop/SH_ws/install/SH_moveit_head_config/share/SH_moveit_head_config/launch/warehouse_db.launch.py\n'}
[1.381371] (SH_moveit_demo_config) StdoutLine: {'line': b'-- Up-to-date symlink: /home/sejong/Desktop/SH_ws/install/SH_moveit_demo_config/share/SH_moveit_demo_config/.setup_assistant\n'}
[1.381544] (SH_moveit_head_config) StdoutLine: {'line': b'-- Up-to-date symlink: /home/sejong/Desktop/SH_ws/install/SH_moveit_head_config/share/SH_moveit_head_config/config/SH_Humanoid.ros2_control.xacro\n'}
[1.381731] (SH_moveit_head_config) StdoutLine: {'line': b'-- Up-to-date symlink: /home/sejong/Desktop/SH_ws/install/SH_moveit_head_config/share/SH_moveit_head_config/config/SH_Humanoid.srdf\n'}
[1.381909] (SH_moveit_head_config) StdoutLine: {'line': b'-- Up-to-date symlink: /home/sejong/Desktop/SH_ws/install/SH_moveit_head_config/share/SH_moveit_head_config/config/SH_Humanoid.urdf.xacro\n'}
[1.382340] (SH_moveit_head_config) StdoutLine: {'line': b'-- Up-to-date symlink: /home/sejong/Desktop/SH_ws/install/SH_moveit_head_config/share/SH_moveit_head_config/config/initial_positions.yaml\n'}
[1.382951] (SH_moveit_head_config) StdoutLine: {'line': b'-- Up-to-date symlink: /home/sejong/Desktop/SH_ws/install/SH_moveit_head_config/share/SH_moveit_head_config/config/joint_limits.yaml\n'}
[1.383136] (SH_moveit_head_config) StdoutLine: {'line': b'-- Up-to-date symlink: /home/sejong/Desktop/SH_ws/install/SH_moveit_head_config/share/SH_moveit_head_config/config/kinematics.yaml\n'}
[1.383705] (SH_moveit_head_config) StdoutLine: {'line': b'-- Up-to-date symlink: /home/sejong/Desktop/SH_ws/install/SH_moveit_head_config/share/SH_moveit_head_config/config/moveit.rviz\n'}
[1.383921] (SH_moveit_head_config) StdoutLine: {'line': b'-- Up-to-date symlink: /home/sejong/Desktop/SH_ws/install/SH_moveit_head_config/share/SH_moveit_head_config/config/moveit_controllers.yaml\n'}
[1.384263] (SH_moveit_head_config) StdoutLine: {'line': b'-- Up-to-date symlink: /home/sejong/Desktop/SH_ws/install/SH_moveit_head_config/share/SH_moveit_head_config/config/pilz_cartesian_limits.yaml\n'}
[1.384737] (SH_moveit_head_config) StdoutLine: {'line': b'-- Up-to-date symlink: /home/sejong/Desktop/SH_ws/install/SH_moveit_head_config/share/SH_moveit_head_config/config/poses/home.yaml\n'}
[1.385215] (SH_moveit_head_config) StdoutLine: {'line': b'-- Up-to-date symlink: /home/sejong/Desktop/SH_ws/install/SH_moveit_head_config/share/SH_moveit_head_config/config/poses/wave_left.yaml\n'}
[1.385455] (SH_moveit_head_config) StdoutLine: {'line': b'-- Up-to-date symlink: /home/sejong/Desktop/SH_ws/install/SH_moveit_head_config/share/SH_moveit_head_config/config/poses/wave_ready.yaml\n'}
[1.387023] (SH_moveit_head_config) StdoutLine: {'line': b'-- Up-to-date symlink: /home/sejong/Desktop/SH_ws/install/SH_moveit_head_config/share/SH_moveit_head_config/config/poses/wave_right.yaml\n'}
[1.387293] (SH_moveit_head_config) StdoutLine: {'line': b'-- Up-to-date symlink: /home/sejong/Desktop/SH_ws/install/SH_moveit_head_config/share/SH_moveit_head_config/config/previous.srdf\n'}
[1.388239] (SH_moveit_head_config) StdoutLine: {'line': b'-- Up-to-date symlink: /home/sejong/Desktop/SH_ws/install/SH_moveit_head_config/share/SH_moveit_head_config/config/ros2_controllers.yaml\n'}
[1.388843] (SH_moveit_head_config) StdoutLine: {'line': b'-- Up-to-date symlink: /home/sejong/Desktop/SH_ws/install/SH_moveit_head_config/share/SH_moveit_head_config/config/sensors_3d.yaml\n'}
[1.389069] (SH_moveit_head_config) StdoutLine: {'line': b'-- Up-to-date symlink: /home/sejong/Desktop/SH_ws/install/SH_moveit_head_config/share/SH_moveit_head_config/config/seperated_moveit_controllers.yaml\n'}
[1.389408] (SH_moveit_head_config) StdoutLine: {'line': b'-- Up-to-date symlink: /home/sejong/Desktop/SH_ws/install/SH_moveit_head_config/share/SH_moveit_head_config/config/servo.yaml\n'}
[1.389895] (SH_moveit_head_config) StdoutLine: {'line': b'-- Up-to-date symlink: /home/sejong/Desktop/SH_ws/install/SH_moveit_head_config/share/SH_moveit_head_config/.setup_assistant\n'}
[1.391747] (SH_moveit_limit_config) JobEnded: {'identifier': 'SH_moveit_limit_config', 'rc': 0}
[1.393540] (SH_moveit_config) CommandEnded: {'returncode': 0}
[1.412875] (SH_moveit_config) JobEnded: {'identifier': 'SH_moveit_config', 'rc': 0}
[1.414086] (SH_moveit_demo_config) CommandEnded: {'returncode': 0}
[1.420578] (-) TimerEvent: {}
[1.433831] (SH_moveit_demo_config) JobEnded: {'identifier': 'SH_moveit_demo_config', 'rc': 0}
[1.435401] (SH_moveit_head_config) CommandEnded: {'returncode': 0}
[1.452105] (SH_moveit_head_config) JobEnded: {'identifier': 'SH_moveit_head_config', 'rc': 0}
[1.453315] (-) EventReactorShutdown: {}
