[0.000000] (-) TimerEvent: {}
[0.000317] (SH_Humanoid_description) JobQueued: {'identifier': 'SH_Humanoid_description', 'dependencies': OrderedDict()}
[0.000393] (ros2_interfaces) JobQueued: {'identifier': 'ros2_interfaces', 'dependencies': OrderedDict()}
[0.000619] (sh_motion_demo) JobQueued: {'identifier': 'sh_motion_demo', 'dependencies': OrderedDict()}
[0.000721] (SH_moveit_config) JobQueued: {'identifier': 'SH_moveit_config', 'dependencies': OrderedDict({'SH_Humanoid_description': '/home/sejong/Desktop/SH_ws/install/SH_Humanoid_description'})}
[0.000872] (SH_moveit_demo_config) JobQueued: {'identifier': 'SH_moveit_demo_config', 'dependencies': OrderedDict({'SH_Humanoid_description': '/home/sejong/Desktop/SH_ws/install/SH_Humanoid_description'})}
[0.000910] (SH_moveit_head_config) JobQueued: {'identifier': 'SH_moveit_head_config', 'dependencies': OrderedDict({'SH_Humanoid_description': '/home/sejong/Desktop/SH_ws/install/SH_Humanoid_description'})}
[0.000981] (sh_motion_cpp) JobQueued: {'identifier': 'sh_motion_cpp', 'dependencies': OrderedDict({'ros2_interfaces': '/home/sejong/Desktop/SH_ws/install/ros2_interfaces'})}
[0.001089] (SH_Humanoid_description) JobStarted: {'identifier': 'SH_Humanoid_description'}
[0.007655] (ros2_interfaces) JobStarted: {'identifier': 'ros2_interfaces'}
[0.011190] (sh_motion_demo) JobStarted: {'identifier': 'sh_motion_demo'}
[0.099909] (-) TimerEvent: {}
[0.200411] (-) TimerEvent: {}
[0.209439] (ros2_interfaces) JobProgress: {'identifier': 'ros2_interfaces', 'progress': 'cmake'}
[0.211063] (ros2_interfaces) JobProgress: {'identifier': 'ros2_interfaces', 'progress': 'build'}
[0.211173] (ros2_interfaces) Command: {'cmd': ['/usr/bin/cmake', '--build', '/home/sejong/Desktop/SH_ws/build/ros2_interfaces', '--', '-j14', '-l14'], 'cwd': '/home/sejong/Desktop/SH_ws/build/ros2_interfaces', 'env': OrderedDict({'LESSOPEN': '| /usr/bin/lesspipe %s', 'USER': 'sejong', 'GZ_CONFIG_PATH': '/opt/ros/jazzy/opt/sdformat_vendor/share/gz', 'ROS_PACKAGE_PATH': '/home/sejong/Desktop/SH_ws/install/ros2_interfaces/share', 'XDG_SESSION_TYPE': 'x11', 'CLUTTER_DISABLE_MIPMAPPED_TEXT': '1', 'SHLVL': '1', 'LD_LIBRARY_PATH': '/home/sejong/Desktop/SH_ws/install/ros2_interfaces/lib:/opt/ros/jazzy/opt/sdformat_vendor/lib:/opt/ros/jazzy/opt/rviz_ogre_vendor/lib:/opt/ros/jazzy/lib/aarch64-linux-gnu:/opt/ros/jazzy/opt/gz_math_vendor/lib:/opt/ros/jazzy/opt/gz_utils_vendor/lib:/opt/ros/jazzy/opt/gz_tools_vendor/lib:/opt/ros/jazzy/opt/gz_cmake_vendor/lib:/opt/ros/jazzy/lib:/usr/local/cuda-13.2/lib64:', 'HOME': '/home/sejong', 'OLDPWD': '/home/sejong', 'DESKTOP_SESSION': 'ubuntu', 'ROS_PYTHON_VERSION': '3', 'GNOME_SHELL_SESSION_MODE': 'ubuntu', 'GTK_MODULES': 'gail:atk-bridge', 'SYSTEMD_EXEC_PID': '13162', 'GSM_SKIP_SSH_AGENT_WORKAROUND': 'true', 'DBUS_SESSION_BUS_ADDRESS': 'unix:path=/run/user/2001/bus', 'COLORTERM': 'truecolor', 'DEBUGINFOD_URLS': 'https://debuginfod.ubuntu.com', 'IM_CONFIG_PHASE': '1', 'COLCON_PREFIX_PATH': '/home/sejong/Desktop/SH_ws/install', 'ROS_DISTRO': 'jazzy', 'LOGNAME': 'sejong', '_': '/usr/bin/colcon', 'ROS_VERSION': '2', 'PKG_CONFIG_PATH': '/home/sejong/Desktop/SH_ws/install/ros2_interfaces/lib/aarch64-linux-gnu/pkgconfig:/home/sejong/Desktop/SH_ws/install/ros2_interfaces/lib/pkgconfig', 'XDG_SESSION_CLASS': 'user', 'USERNAME': 'sejong', 'TERM': 'xterm-256color', 'GNOME_DESKTOP_SESSION_ID': 'this-is-deprecated', 'WINDOWPATH': '2', 'PATH': '/home/sejong/.local/bin:/opt/ros/jazzy/opt/gz_tools_vendor/bin:/opt/ros/jazzy/bin:/usr/local/cuda-13.2/bin:/home/sejong/.local/bin:/usr/local/sbin:/usr/local/bin:/usr/sbin:/usr/bin:/sbin:/bin:/usr/games:/usr/local/games:/snap/bin:/snap/bin', 'SESSION_MANAGER': 'local/localhost.localdomain:@/tmp/.ICE-unix/13131,unix/localhost.localdomain:/tmp/.ICE-unix/13131', 'XDG_MENU_PREFIX': 'gnome-', 'GNOME_TERMINAL_SCREEN': '/org/gnome/Terminal/screen/92d96b46_1f1e_4837_9845_b22a7e0410af', 'XDG_RUNTIME_DIR': '/run/user/2001', 'DISPLAY': ':1', 'LANG': 'en_US.UTF-8', 'XDG_CURRENT_DESKTOP': 'ubuntu:GNOME', 'XMODIFIERS': '@im=ibus', 'XDG_SESSION_DESKTOP': 'ubuntu', 'XAUTHORITY': '/run/user/2001/gdm/Xauthority', 'LS_COLORS': 'rs=0:di=01;34:ln=01;36:mh=00:pi=40;33:so=01;35:do=01;35:bd=40;33;01:cd=40;33;01:or=40;31;01:mi=00:su=37;41:sg=30;43:ca=00:tw=30;42:ow=34;42:st=37;44:ex=01;32:*.tar=01;31:*.tgz=01;31:*.arc=01;31:*.arj=01;31:*.taz=01;31:*.lha=01;31:*.lz4=01;31:*.lzh=01;31:*.lzma=01;31:*.tlz=01;31:*.txz=01;31:*.tzo=01;31:*.t7z=01;31:*.zip=01;31:*.z=01;31:*.dz=01;31:*.gz=01;31:*.lrz=01;31:*.lz=01;31:*.lzo=01;31:*.xz=01;31:*.zst=01;31:*.tzst=01;31:*.bz2=01;31:*.bz=01;31:*.tbz=01;31:*.tbz2=01;31:*.tz=01;31:*.deb=01;31:*.rpm=01;31:*.jar=01;31:*.war=01;31:*.ear=01;31:*.sar=01;31:*.rar=01;31:*.alz=01;31:*.ace=01;31:*.zoo=01;31:*.cpio=01;31:*.7z=01;31:*.rz=01;31:*.cab=01;31:*.wim=01;31:*.swm=01;31:*.dwm=01;31:*.esd=01;31:*.avif=01;35:*.jpg=01;35:*.jpeg=01;35:*.mjpg=01;35:*.mjpeg=01;35:*.gif=01;35:*.bmp=01;35:*.pbm=01;35:*.pgm=01;35:*.ppm=01;35:*.tga=01;35:*.xbm=01;35:*.xpm=01;35:*.tif=01;35:*.tiff=01;35:*.png=01;35:*.svg=01;35:*.svgz=01;35:*.mng=01;35:*.pcx=01;35:*.mov=01;35:*.mpg=01;35:*.mpeg=01;35:*.m2v=01;35:*.mkv=01;35:*.webm=01;35:*.webp=01;35:*.ogm=01;35:*.mp4=01;35:*.m4v=01;35:*.mp4v=01;35:*.vob=01;35:*.qt=01;35:*.nuv=01;35:*.wmv=01;35:*.asf=01;35:*.rm=01;35:*.rmvb=01;35:*.flc=01;35:*.avi=01;35:*.fli=01;35:*.flv=01;35:*.gl=01;35:*.dl=01;35:*.xcf=01;35:*.xwd=01;35:*.yuv=01;35:*.cgm=01;35:*.emf=01;35:*.ogv=01;35:*.ogx=01;35:*.aac=00;36:*.au=00;36:*.flac=00;36:*.m4a=00;36:*.mid=00;36:*.midi=00;36:*.mka=00;36:*.mp3=00;36:*.mpc=00;36:*.ogg=00;36:*.ra=00;36:*.wav=00;36:*.oga=00;36:*.opus=00;36:*.spx=00;36:*.xspf=00;36:*~=00;90:*#=00;90:*.bak=00;90:*.crdownload=00;90:*.dpkg-dist=00;90:*.dpkg-new=00;90:*.dpkg-old=00;90:*.dpkg-tmp=00;90:*.old=00;90:*.orig=00;90:*.part=00;90:*.rej=00;90:*.rpmnew=00;90:*.rpmorig=00;90:*.rpmsave=00;90:*.swp=00;90:*.tmp=00;90:*.ucf-dist=00;90:*.ucf-new=00;90:*.ucf-old=00;90:', 'GNOME_TERMINAL_SERVICE': ':1.104', 'SSH_AUTH_SOCK': '/run/user/2001/keyring/ssh', 'AMENT_PREFIX_PATH': '/home/sejong/Desktop/SH_ws/install/sh_motion_demo:/home/sejong/Desktop/SH_ws/install/sh_motion_cpp:/home/sejong/Desktop/SH_ws/install/SH_moveit_head_config:/home/sejong/Desktop/SH_ws/install/SH_moveit_demo_config:/home/sejong/Desktop/SH_ws/install/SH_moveit_config:/home/sejong/Desktop/SH_ws/install/SH_Humanoid_description:/opt/ros/jazzy', 'SHELL': '/bin/bash', 'QT_ACCESSIBILITY': '1', 'GDMSESSION': 'ubuntu', 'LESSCLOSE': '/usr/bin/lesspipe %s %s', 'GPG_AGENT_INFO': '/run/user/2001/gnupg/S.gpg-agent:0:1', 'ROS_AUTOMATIC_DISCOVERY_RANGE': 'SUBNET', 'QT_IM_MODULE': 'ibus', 'PWD': '/home/sejong/Desktop/SH_ws/build/ros2_interfaces', 'XDG_CONFIG_DIRS': '/etc/xdg/xdg-ubuntu:/etc/xdg', 'XDG_DATA_DIRS': '/usr/share/ubuntu:/usr/share/gnome:/usr/local/share/:/usr/share/:/var/lib/snapd/desktop', 'PYTHONPATH': '/home/sejong/Desktop/SH_ws/install/sh_motion_demo/lib/python3.12/site-packages:/home/sejong/Desktop/SH_ws/install/ros2_interfaces/lib/python3.12/site-packages:/home/sejong/Desktop/SH_ws/install/SH_Humanoid_description/lib/python3.12/site-packages:/opt/ros/jazzy/lib/python3.12/site-packages', 'COLCON': '1', 'VTE_VERSION': '7600', 'CMAKE_PREFIX_PATH': '/home/sejong/Desktop/SH_ws/install/sh_motion_cpp:/home/sejong/Desktop/SH_ws/install/ros2_interfaces:/home/sejong/Desktop/SH_ws/install/SH_moveit_head_config:/home/sejong/Desktop/SH_ws/install/SH_moveit_demo_config:/home/sejong/Desktop/SH_ws/install/SH_moveit_config:/opt/ros/jazzy/opt/sdformat_vendor:/opt/ros/jazzy/opt/gz_math_vendor:/opt/ros/jazzy/opt/gz_utils_vendor:/opt/ros/jazzy/opt/gz_tools_vendor:/opt/ros/jazzy/opt/gz_cmake_vendor'}), 'shell': False}
[0.278093] (ros2_interfaces) StdoutLine: {'line': b'[  1%] Built target ros2_interfaces__rs\n'}
[0.280776] (ros2_interfaces) StdoutLine: {'line': b'[  2%] Built target ros2_interfaces__rosidl_generator_type_description\n'}
[0.298399] (ros2_interfaces) StdoutLine: {'line': b'[  2%] Built target ament_cmake_python_copy_ros2_interfaces\n'}
[0.300474] (-) TimerEvent: {}
[0.305556] (ros2_interfaces) StdoutLine: {'line': b'[  3%] Built target ros2_interfaces__cpp\n'}
[0.314831] (ros2_interfaces) StdoutLine: {'line': b'[ 27%] Built target ros2_interfaces__rosidl_generator_c\n'}
[0.338794] (ros2_interfaces) StdoutLine: {'line': b'[ 36%] Built target ros2_interfaces__rosidl_typesupport_introspection_c\n'}
[0.344436] (ros2_interfaces) StdoutLine: {'line': b'[ 45%] Built target ros2_interfaces__rosidl_typesupport_c\n'}
[0.345852] (ros2_interfaces) StdoutLine: {'line': b'[ 63%] Built target ros2_interfaces__rosidl_typesupport_fastrtps_cpp\n'}
[0.345952] (ros2_interfaces) StdoutLine: {'line': b'[ 64%] Built target ros2_interfaces__rosidl_typesupport_fastrtps_c\n'}
[0.348948] (ros2_interfaces) StdoutLine: {'line': b'[ 74%] Built target ros2_interfaces__rosidl_typesupport_introspection_cpp\n'}
[0.349488] (ros2_interfaces) StdoutLine: {'line': b'[ 83%] Built target ros2_interfaces__rosidl_typesupport_cpp\n'}
[0.373151] (ros2_interfaces) StdoutLine: {'line': b'[ 83%] Built target ros2_interfaces\n'}
[0.395813] (ros2_interfaces) StdoutLine: {'line': b'[ 84%] Built target ros2_interfaces__py\n'}
[0.400890] (-) TimerEvent: {}
[0.425512] (ros2_interfaces) StdoutLine: {'line': b'[ 92%] Built target ros2_interfaces__rosidl_generator_py\n'}
[0.450475] (ros2_interfaces) StdoutLine: {'line': b'[ 95%] Built target ros2_interfaces_s__rosidl_typesupport_fastrtps_c\n'}
[0.451707] (ros2_interfaces) StdoutLine: {'line': b'[ 97%] Built target ros2_interfaces_s__rosidl_typesupport_c\n'}
[0.453788] (ros2_interfaces) StdoutLine: {'line': b'[100%] Built target ros2_interfaces_s__rosidl_typesupport_introspection_c\n'}
[0.475695] (ros2_interfaces) StdoutLine: {'line': b'running egg_info\n'}
[0.488728] (ros2_interfaces) StdoutLine: {'line': b'writing ros2_interfaces.egg-info/PKG-INFO\n'}
[0.489384] (ros2_interfaces) StdoutLine: {'line': b'writing dependency_links to ros2_interfaces.egg-info/dependency_links.txt\n'}
[0.489522] (ros2_interfaces) StdoutLine: {'line': b'writing top-level names to ros2_interfaces.egg-info/top_level.txt\n'}
[0.500956] (-) TimerEvent: {}
[0.526293] (ros2_interfaces) StdoutLine: {'line': b"reading manifest file 'ros2_interfaces.egg-info/SOURCES.txt'\n"}
[0.526452] (ros2_interfaces) StdoutLine: {'line': b"writing manifest file 'ros2_interfaces.egg-info/SOURCES.txt'\n"}
[0.571791] (ros2_interfaces) StdoutLine: {'line': b'[100%] Built target ament_cmake_python_build_ros2_interfaces_egg\n'}
[0.587570] (ros2_interfaces) CommandEnded: {'returncode': 0}
[0.589182] (ros2_interfaces) JobProgress: {'identifier': 'ros2_interfaces', 'progress': 'install'}
[0.601042] (-) TimerEvent: {}
[0.602553] (ros2_interfaces) Command: {'cmd': ['/usr/bin/cmake', '--install', '/home/sejong/Desktop/SH_ws/build/ros2_interfaces'], 'cwd': '/home/sejong/Desktop/SH_ws/build/ros2_interfaces', 'env': OrderedDict({'LESSOPEN': '| /usr/bin/lesspipe %s', 'USER': 'sejong', 'GZ_CONFIG_PATH': '/opt/ros/jazzy/opt/sdformat_vendor/share/gz', 'ROS_PACKAGE_PATH': '/home/sejong/Desktop/SH_ws/install/ros2_interfaces/share', 'XDG_SESSION_TYPE': 'x11', 'CLUTTER_DISABLE_MIPMAPPED_TEXT': '1', 'SHLVL': '1', 'LD_LIBRARY_PATH': '/home/sejong/Desktop/SH_ws/install/ros2_interfaces/lib:/opt/ros/jazzy/opt/sdformat_vendor/lib:/opt/ros/jazzy/opt/rviz_ogre_vendor/lib:/opt/ros/jazzy/lib/aarch64-linux-gnu:/opt/ros/jazzy/opt/gz_math_vendor/lib:/opt/ros/jazzy/opt/gz_utils_vendor/lib:/opt/ros/jazzy/opt/gz_tools_vendor/lib:/opt/ros/jazzy/opt/gz_cmake_vendor/lib:/opt/ros/jazzy/lib:/usr/local/cuda-13.2/lib64:', 'HOME': '/home/sejong', 'OLDPWD': '/home/sejong', 'DESKTOP_SESSION': 'ubuntu', 'ROS_PYTHON_VERSION': '3', 'GNOME_SHELL_SESSION_MODE': 'ubuntu', 'GTK_MODULES': 'gail:atk-bridge', 'SYSTEMD_EXEC_PID': '13162', 'GSM_SKIP_SSH_AGENT_WORKAROUND': 'true', 'DBUS_SESSION_BUS_ADDRESS': 'unix:path=/run/user/2001/bus', 'COLORTERM': 'truecolor', 'DEBUGINFOD_URLS': 'https://debuginfod.ubuntu.com', 'IM_CONFIG_PHASE': '1', 'COLCON_PREFIX_PATH': '/home/sejong/Desktop/SH_ws/install', 'ROS_DISTRO': 'jazzy', 'LOGNAME': 'sejong', '_': '/usr/bin/colcon', 'ROS_VERSION': '2', 'PKG_CONFIG_PATH': '/home/sejong/Desktop/SH_ws/install/ros2_interfaces/lib/aarch64-linux-gnu/pkgconfig:/home/sejong/Desktop/SH_ws/install/ros2_interfaces/lib/pkgconfig', 'XDG_SESSION_CLASS': 'user', 'USERNAME': 'sejong', 'TERM': 'xterm-256color', 'GNOME_DESKTOP_SESSION_ID': 'this-is-deprecated', 'WINDOWPATH': '2', 'PATH': '/home/sejong/.local/bin:/opt/ros/jazzy/opt/gz_tools_vendor/bin:/opt/ros/jazzy/bin:/usr/local/cuda-13.2/bin:/home/sejong/.local/bin:/usr/local/sbin:/usr/local/bin:/usr/sbin:/usr/bin:/sbin:/bin:/usr/games:/usr/local/games:/snap/bin:/snap/bin', 'SESSION_MANAGER': 'local/localhost.localdomain:@/tmp/.ICE-unix/13131,unix/localhost.localdomain:/tmp/.ICE-unix/13131', 'XDG_MENU_PREFIX': 'gnome-', 'GNOME_TERMINAL_SCREEN': '/org/gnome/Terminal/screen/92d96b46_1f1e_4837_9845_b22a7e0410af', 'XDG_RUNTIME_DIR': '/run/user/2001', 'DISPLAY': ':1', 'LANG': 'en_US.UTF-8', 'XDG_CURRENT_DESKTOP': 'ubuntu:GNOME', 'XMODIFIERS': '@im=ibus', 'XDG_SESSION_DESKTOP': 'ubuntu', 'XAUTHORITY': '/run/user/2001/gdm/Xauthority', 'LS_COLORS': 'rs=0:di=01;34:ln=01;36:mh=00:pi=40;33:so=01;35:do=01;35:bd=40;33;01:cd=40;33;01:or=40;31;01:mi=00:su=37;41:sg=30;43:ca=00:tw=30;42:ow=34;42:st=37;44:ex=01;32:*.tar=01;31:*.tgz=01;31:*.arc=01;31:*.arj=01;31:*.taz=01;31:*.lha=01;31:*.lz4=01;31:*.lzh=01;31:*.lzma=01;31:*.tlz=01;31:*.txz=01;31:*.tzo=01;31:*.t7z=01;31:*.zip=01;31:*.z=01;31:*.dz=01;31:*.gz=01;31:*.lrz=01;31:*.lz=01;31:*.lzo=01;31:*.xz=01;31:*.zst=01;31:*.tzst=01;31:*.bz2=01;31:*.bz=01;31:*.tbz=01;31:*.tbz2=01;31:*.tz=01;31:*.deb=01;31:*.rpm=01;31:*.jar=01;31:*.war=01;31:*.ear=01;31:*.sar=01;31:*.rar=01;31:*.alz=01;31:*.ace=01;31:*.zoo=01;31:*.cpio=01;31:*.7z=01;31:*.rz=01;31:*.cab=01;31:*.wim=01;31:*.swm=01;31:*.dwm=01;31:*.esd=01;31:*.avif=01;35:*.jpg=01;35:*.jpeg=01;35:*.mjpg=01;35:*.mjpeg=01;35:*.gif=01;35:*.bmp=01;35:*.pbm=01;35:*.pgm=01;35:*.ppm=01;35:*.tga=01;35:*.xbm=01;35:*.xpm=01;35:*.tif=01;35:*.tiff=01;35:*.png=01;35:*.svg=01;35:*.svgz=01;35:*.mng=01;35:*.pcx=01;35:*.mov=01;35:*.mpg=01;35:*.mpeg=01;35:*.m2v=01;35:*.mkv=01;35:*.webm=01;35:*.webp=01;35:*.ogm=01;35:*.mp4=01;35:*.m4v=01;35:*.mp4v=01;35:*.vob=01;35:*.qt=01;35:*.nuv=01;35:*.wmv=01;35:*.asf=01;35:*.rm=01;35:*.rmvb=01;35:*.flc=01;35:*.avi=01;35:*.fli=01;35:*.flv=01;35:*.gl=01;35:*.dl=01;35:*.xcf=01;35:*.xwd=01;35:*.yuv=01;35:*.cgm=01;35:*.emf=01;35:*.ogv=01;35:*.ogx=01;35:*.aac=00;36:*.au=00;36:*.flac=00;36:*.m4a=00;36:*.mid=00;36:*.midi=00;36:*.mka=00;36:*.mp3=00;36:*.mpc=00;36:*.ogg=00;36:*.ra=00;36:*.wav=00;36:*.oga=00;36:*.opus=00;36:*.spx=00;36:*.xspf=00;36:*~=00;90:*#=00;90:*.bak=00;90:*.crdownload=00;90:*.dpkg-dist=00;90:*.dpkg-new=00;90:*.dpkg-old=00;90:*.dpkg-tmp=00;90:*.old=00;90:*.orig=00;90:*.part=00;90:*.rej=00;90:*.rpmnew=00;90:*.rpmorig=00;90:*.rpmsave=00;90:*.swp=00;90:*.tmp=00;90:*.ucf-dist=00;90:*.ucf-new=00;90:*.ucf-old=00;90:', 'GNOME_TERMINAL_SERVICE': ':1.104', 'SSH_AUTH_SOCK': '/run/user/2001/keyring/ssh', 'AMENT_PREFIX_PATH': '/home/sejong/Desktop/SH_ws/install/sh_motion_demo:/home/sejong/Desktop/SH_ws/install/sh_motion_cpp:/home/sejong/Desktop/SH_ws/install/SH_moveit_head_config:/home/sejong/Desktop/SH_ws/install/SH_moveit_demo_config:/home/sejong/Desktop/SH_ws/install/SH_moveit_config:/home/sejong/Desktop/SH_ws/install/SH_Humanoid_description:/opt/ros/jazzy', 'SHELL': '/bin/bash', 'QT_ACCESSIBILITY': '1', 'GDMSESSION': 'ubuntu', 'LESSCLOSE': '/usr/bin/lesspipe %s %s', 'GPG_AGENT_INFO': '/run/user/2001/gnupg/S.gpg-agent:0:1', 'ROS_AUTOMATIC_DISCOVERY_RANGE': 'SUBNET', 'QT_IM_MODULE': 'ibus', 'PWD': '/home/sejong/Desktop/SH_ws/build/ros2_interfaces', 'XDG_CONFIG_DIRS': '/etc/xdg/xdg-ubuntu:/etc/xdg', 'XDG_DATA_DIRS': '/usr/share/ubuntu:/usr/share/gnome:/usr/local/share/:/usr/share/:/var/lib/snapd/desktop', 'PYTHONPATH': '/home/sejong/Desktop/SH_ws/install/sh_motion_demo/lib/python3.12/site-packages:/home/sejong/Desktop/SH_ws/install/ros2_interfaces/lib/python3.12/site-packages:/home/sejong/Desktop/SH_ws/install/SH_Humanoid_description/lib/python3.12/site-packages:/opt/ros/jazzy/lib/python3.12/site-packages', 'COLCON': '1', 'VTE_VERSION': '7600', 'CMAKE_PREFIX_PATH': '/home/sejong/Desktop/SH_ws/install/sh_motion_cpp:/home/sejong/Desktop/SH_ws/install/ros2_interfaces:/home/sejong/Desktop/SH_ws/install/SH_moveit_head_config:/home/sejong/Desktop/SH_ws/install/SH_moveit_demo_config:/home/sejong/Desktop/SH_ws/install/SH_moveit_config:/opt/ros/jazzy/opt/sdformat_vendor:/opt/ros/jazzy/opt/gz_math_vendor:/opt/ros/jazzy/opt/gz_utils_vendor:/opt/ros/jazzy/opt/gz_tools_vendor:/opt/ros/jazzy/opt/gz_cmake_vendor'}), 'shell': False}
[0.611214] (ros2_interfaces) StdoutLine: {'line': b'-- Install configuration: ""\n'}
[0.611669] (ros2_interfaces) StdoutLine: {'line': b'-- Up-to-date: /home/sejong/Desktop/SH_ws/install/ros2_interfaces/share/ament_index/resource_index/rosidl_interfaces/ros2_interfaces\n'}
[0.612021] (ros2_interfaces) StdoutLine: {'line': b'-- Up-to-date: /home/sejong/Desktop/SH_ws/install/ros2_interfaces/share/ros2_interfaces/msg/UpperBodyCommand.json\n'}
[0.612156] (ros2_interfaces) StdoutLine: {'line': b'-- Up-to-date: /home/sejong/Desktop/SH_ws/install/ros2_interfaces/share/ros2_interfaces/msg/UpperBodySystemState.json\n'}
[0.612282] (ros2_interfaces) StdoutLine: {'line': b'-- Up-to-date: /home/sejong/Desktop/SH_ws/install/ros2_interfaces/share/ros2_interfaces/msg/UpperMotorState.json\n'}
[0.612408] (ros2_interfaces) StdoutLine: {'line': b'-- Up-to-date: /home/sejong/Desktop/SH_ws/install/ros2_interfaces/share/ros2_interfaces/srv/EnableMotors.json\n'}
[0.612551] (ros2_interfaces) StdoutLine: {'line': b'-- Up-to-date: /home/sejong/Desktop/SH_ws/install/ros2_interfaces/share/ros2_interfaces/srv/SetRunMode.json\n'}
[0.612674] (ros2_interfaces) StdoutLine: {'line': b'-- Up-to-date: /home/sejong/Desktop/SH_ws/install/ros2_interfaces/share/ros2_interfaces/srv/SimpleMotorResult.json\n'}
[0.612799] (ros2_interfaces) StdoutLine: {'line': b'-- Up-to-date: /home/sejong/Desktop/SH_ws/install/ros2_interfaces/include/ros2_interfaces/ros2_interfaces\n'}
[0.612921] (ros2_interfaces) StdoutLine: {'line': b'-- Up-to-date: /home/sejong/Desktop/SH_ws/install/ros2_interfaces/include/ros2_interfaces/ros2_interfaces/srv\n'}
[0.613047] (ros2_interfaces) StdoutLine: {'line': b'-- Up-to-date: /home/sejong/Desktop/SH_ws/install/ros2_interfaces/include/ros2_interfaces/ros2_interfaces/srv/set_run_mode.h\n'}
[0.613171] (ros2_interfaces) StdoutLine: {'line': b'-- Up-to-date: /home/sejong/Desktop/SH_ws/install/ros2_interfaces/include/ros2_interfaces/ros2_interfaces/srv/simple_motor_result.h\n'}
[0.613294] (ros2_interfaces) StdoutLine: {'line': b'-- Up-to-date: /home/sejong/Desktop/SH_ws/install/ros2_interfaces/include/ros2_interfaces/ros2_interfaces/srv/detail\n'}
[0.613419] (ros2_interfaces) StdoutLine: {'line': b'-- Up-to-date: /home/sejong/Desktop/SH_ws/install/ros2_interfaces/include/ros2_interfaces/ros2_interfaces/srv/detail/set_run_mode__struct.h\n'}
[0.613543] (ros2_interfaces) StdoutLine: {'line': b'-- Up-to-date: /home/sejong/Desktop/SH_ws/install/ros2_interfaces/include/ros2_interfaces/ros2_interfaces/srv/detail/simple_motor_result__description.c\n'}
[0.613688] (ros2_interfaces) StdoutLine: {'line': b'-- Up-to-date: /home/sejong/Desktop/SH_ws/install/ros2_interfaces/include/ros2_interfaces/ros2_interfaces/srv/detail/simple_motor_result__functions.c\n'}
[0.613812] (ros2_interfaces) StdoutLine: {'line': b'-- Up-to-date: /home/sejong/Desktop/SH_ws/install/ros2_interfaces/include/ros2_interfaces/ros2_interfaces/srv/detail/set_run_mode__type_support.c\n'}
[0.613934] (ros2_interfaces) StdoutLine: {'line': b'-- Up-to-date: /home/sejong/Desktop/SH_ws/install/ros2_interfaces/include/ros2_interfaces/ros2_interfaces/srv/detail/enable_motors__description.c\n'}
[0.614057] (ros2_interfaces) StdoutLine: {'line': b'-- Up-to-date: /home/sejong/Desktop/SH_ws/install/ros2_interfaces/include/ros2_interfaces/ros2_interfaces/srv/detail/simple_motor_result__functions.h\n'}
[0.614179] (ros2_interfaces) StdoutLine: {'line': b'-- Up-to-date: /home/sejong/Desktop/SH_ws/install/ros2_interfaces/include/ros2_interfaces/ros2_interfaces/srv/detail/enable_motors__type_support.h\n'}
[0.614302] (ros2_interfaces) StdoutLine: {'line': b'-- Up-to-date: /home/sejong/Desktop/SH_ws/install/ros2_interfaces/include/ros2_interfaces/ros2_interfaces/srv/detail/enable_motors__functions.c\n'}
[0.614434] (ros2_interfaces) StdoutLine: {'line': b'-- Up-to-date: /home/sejong/Desktop/SH_ws/install/ros2_interfaces/include/ros2_interfaces/ros2_interfaces/srv/detail/set_run_mode__type_support.h\n'}
[0.614595] (ros2_interfaces) StdoutLine: {'line': b'-- Up-to-date: /home/sejong/Desktop/SH_ws/install/ros2_interfaces/include/ros2_interfaces/ros2_interfaces/srv/detail/set_run_mode__functions.c\n'}
[0.614720] (ros2_interfaces) StdoutLine: {'line': b'-- Up-to-date: /home/sejong/Desktop/SH_ws/install/ros2_interfaces/include/ros2_interfaces/ros2_interfaces/srv/detail/enable_motors__type_support.c\n'}
[0.615069] (ros2_interfaces) StdoutLine: {'line': b'-- Up-to-date: /home/sejong/Desktop/SH_ws/install/ros2_interfaces/include/ros2_interfaces/ros2_interfaces/srv/detail/set_run_mode__functions.h\n'}
[0.615201] (ros2_interfaces) StdoutLine: {'line': b'-- Up-to-date: /home/sejong/Desktop/SH_ws/install/ros2_interfaces/include/ros2_interfaces/ros2_interfaces/srv/detail/simple_motor_result__type_support.c\n'}
[0.615330] (ros2_interfaces) StdoutLine: {'line': b'-- Up-to-date: /home/sejong/Desktop/SH_ws/install/ros2_interfaces/include/ros2_interfaces/ros2_interfaces/srv/detail/simple_motor_result__type_support.h\n'}
[0.615454] (ros2_interfaces) StdoutLine: {'line': b'-- Up-to-date: /home/sejong/Desktop/SH_ws/install/ros2_interfaces/include/ros2_interfaces/ros2_interfaces/srv/detail/simple_motor_result__struct.h\n'}
[0.615581] (ros2_interfaces) StdoutLine: {'line': b'-- Up-to-date: /home/sejong/Desktop/SH_ws/install/ros2_interfaces/include/ros2_interfaces/ros2_interfaces/srv/detail/set_run_mode__description.c\n'}
[0.615703] (ros2_interfaces) StdoutLine: {'line': b'-- Up-to-date: /home/sejong/Desktop/SH_ws/install/ros2_interfaces/include/ros2_interfaces/ros2_interfaces/srv/detail/enable_motors__struct.h\n'}
[0.615826] (ros2_interfaces) StdoutLine: {'line': b'-- Up-to-date: /home/sejong/Desktop/SH_ws/install/ros2_interfaces/include/ros2_interfaces/ros2_interfaces/srv/detail/enable_motors__functions.h\n'}
[0.615945] (ros2_interfaces) StdoutLine: {'line': b'-- Up-to-date: /home/sejong/Desktop/SH_ws/install/ros2_interfaces/include/ros2_interfaces/ros2_interfaces/srv/enable_motors.h\n'}
[0.616069] (ros2_interfaces) StdoutLine: {'line': b'-- Up-to-date: /home/sejong/Desktop/SH_ws/install/ros2_interfaces/include/ros2_interfaces/ros2_interfaces/msg\n'}
[0.616192] (ros2_interfaces) StdoutLine: {'line': b'-- Up-to-date: /home/sejong/Desktop/SH_ws/install/ros2_interfaces/include/ros2_interfaces/ros2_interfaces/msg/upper_motor_state.h\n'}
[0.616316] (ros2_interfaces) StdoutLine: {'line': b'-- Up-to-date: /home/sejong/Desktop/SH_ws/install/ros2_interfaces/include/ros2_interfaces/ros2_interfaces/msg/rosidl_generator_c__visibility_control.h\n'}
[0.616446] (ros2_interfaces) StdoutLine: {'line': b'-- Up-to-date: /home/sejong/Desktop/SH_ws/install/ros2_interfaces/include/ros2_interfaces/ros2_interfaces/msg/upper_body_system_state.h\n'}
[0.616577] (ros2_interfaces) StdoutLine: {'line': b'-- Up-to-date: /home/sejong/Desktop/SH_ws/install/ros2_interfaces/include/ros2_interfaces/ros2_interfaces/msg/detail\n'}
[0.616700] (ros2_interfaces) StdoutLine: {'line': b'-- Up-to-date: /home/sejong/Desktop/SH_ws/install/ros2_interfaces/include/ros2_interfaces/ros2_interfaces/msg/detail/upper_body_command__type_support.h\n'}
[0.616821] (ros2_interfaces) StdoutLine: {'line': b'-- Up-to-date: /home/sejong/Desktop/SH_ws/install/ros2_interfaces/include/ros2_interfaces/ros2_interfaces/msg/detail/upper_body_command__description.c\n'}
[0.616939] (ros2_interfaces) StdoutLine: {'line': b'-- Up-to-date: /home/sejong/Desktop/SH_ws/install/ros2_interfaces/include/ros2_interfaces/ros2_interfaces/msg/detail/upper_motor_state__functions.c\n'}
[0.636328] (ros2_interfaces) StdoutLine: {'line': b'-- Up-to-date: /home/sejong/Desktop/SH_ws/install/ros2_interfaces/include/ros2_interfaces/ros2_interfaces/msg/detail/upper_body_system_state__description.c\n'}
[0.636548] (ros2_interfaces) StdoutLine: {'line': b'-- Up-to-date: /home/sejong/Desktop/SH_ws/install/ros2_interfaces/include/ros2_interfaces/ros2_interfaces/msg/detail/upper_motor_state__type_support.c\n'}
[0.636739] (ros2_interfaces) StdoutLine: {'line': b'-- Up-to-date: /home/sejong/Desktop/SH_ws/install/ros2_interfaces/include/ros2_interfaces/ros2_interfaces/msg/detail/upper_motor_state__type_support.h\n'}
[0.636885] (ros2_interfaces) StdoutLine: {'line': b'-- Up-to-date: /home/sejong/Desktop/SH_ws/install/ros2_interfaces/include/ros2_interfaces/ros2_interfaces/msg/detail/upper_body_command__functions.c\n'}
[0.637028] (ros2_interfaces) StdoutLine: {'line': b'-- Up-to-date: /home/sejong/Desktop/SH_ws/install/ros2_interfaces/include/ros2_interfaces/ros2_interfaces/msg/detail/upper_motor_state__functions.h\n'}
[0.637169] (ros2_interfaces) StdoutLine: {'line': b'-- Up-to-date: /home/sejong/Desktop/SH_ws/install/ros2_interfaces/include/ros2_interfaces/ros2_interfaces/msg/detail/upper_body_system_state__functions.h\n'}
[0.637311] (ros2_interfaces) StdoutLine: {'line': b'-- Up-to-date: /home/sejong/Desktop/SH_ws/install/ros2_interfaces/include/ros2_interfaces/ros2_interfaces/msg/detail/upper_body_system_state__type_support.c\n'}
[0.637452] (ros2_interfaces) StdoutLine: {'line': b'-- Up-to-date: /home/sejong/Desktop/SH_ws/install/ros2_interfaces/include/ros2_interfaces/ros2_interfaces/msg/detail/upper_body_system_state__functions.c\n'}
[0.637591] (ros2_interfaces) StdoutLine: {'line': b'-- Up-to-date: /home/sejong/Desktop/SH_ws/install/ros2_interfaces/include/ros2_interfaces/ros2_interfaces/msg/detail/upper_body_system_state__struct.h\n'}
[0.637728] (ros2_interfaces) StdoutLine: {'line': b'-- Up-to-date: /home/sejong/Desktop/SH_ws/install/ros2_interfaces/include/ros2_interfaces/ros2_interfaces/msg/detail/upper_motor_state__description.c\n'}
[0.637880] (ros2_interfaces) StdoutLine: {'line': b'-- Up-to-date: /home/sejong/Desktop/SH_ws/install/ros2_interfaces/include/ros2_interfaces/ros2_interfaces/msg/detail/upper_body_command__functions.h\n'}
[0.638018] (ros2_interfaces) StdoutLine: {'line': b'-- Up-to-date: /home/sejong/Desktop/SH_ws/install/ros2_interfaces/include/ros2_interfaces/ros2_interfaces/msg/detail/upper_motor_state__struct.h\n'}
[0.638153] (ros2_interfaces) StdoutLine: {'line': b'-- Up-to-date: /home/sejong/Desktop/SH_ws/install/ros2_interfaces/include/ros2_interfaces/ros2_interfaces/msg/detail/upper_body_system_state__type_support.h\n'}
[0.638287] (ros2_interfaces) StdoutLine: {'line': b'-- Up-to-date: /home/sejong/Desktop/SH_ws/install/ros2_interfaces/include/ros2_interfaces/ros2_interfaces/msg/detail/upper_body_command__struct.h\n'}
[0.638421] (ros2_interfaces) StdoutLine: {'line': b'-- Up-to-date: /home/sejong/Desktop/SH_ws/install/ros2_interfaces/include/ros2_interfaces/ros2_interfaces/msg/detail/upper_body_command__type_support.c\n'}
[0.638556] (ros2_interfaces) StdoutLine: {'line': b'-- Up-to-date: /home/sejong/Desktop/SH_ws/install/ros2_interfaces/include/ros2_interfaces/ros2_interfaces/msg/upper_body_command.h\n'}
[0.638692] (ros2_interfaces) StdoutLine: {'line': b'-- Up-to-date: /home/sejong/Desktop/SH_ws/install/ros2_interfaces/share/ros2_interfaces/environment/library_path.sh\n'}
[0.638828] (ros2_interfaces) StdoutLine: {'line': b'-- Up-to-date: /home/sejong/Desktop/SH_ws/install/ros2_interfaces/share/ros2_interfaces/environment/library_path.dsv\n'}
[0.638964] (ros2_interfaces) StdoutLine: {'line': b'-- Up-to-date: /home/sejong/Desktop/SH_ws/install/ros2_interfaces/lib/libros2_interfaces__rosidl_generator_c.so\n'}
[0.639096] (ros2_interfaces) StdoutLine: {'line': b'-- Up-to-date: /home/sejong/Desktop/SH_ws/install/ros2_interfaces/include/ros2_interfaces/ros2_interfaces\n'}
[0.639229] (ros2_interfaces) StdoutLine: {'line': b'-- Up-to-date: /home/sejong/Desktop/SH_ws/install/ros2_interfaces/include/ros2_interfaces/ros2_interfaces/srv\n'}
[0.639357] (ros2_interfaces) StdoutLine: {'line': b'-- Up-to-date: /home/sejong/Desktop/SH_ws/install/ros2_interfaces/include/ros2_interfaces/ros2_interfaces/srv/detail\n'}
[0.639485] (ros2_interfaces) StdoutLine: {'line': b'-- Up-to-date: /home/sejong/Desktop/SH_ws/install/ros2_interfaces/include/ros2_interfaces/ros2_interfaces/srv/detail/simple_motor_result__rosidl_typesupport_fastrtps_c.h\n'}
[0.639632] (ros2_interfaces) StdoutLine: {'line': b'-- Up-to-date: /home/sejong/Desktop/SH_ws/install/ros2_interfaces/include/ros2_interfaces/ros2_interfaces/srv/detail/enable_motors__rosidl_typesupport_fastrtps_c.h\n'}
[0.639761] (ros2_interfaces) StdoutLine: {'line': b'-- Up-to-date: /home/sejong/Desktop/SH_ws/install/ros2_interfaces/include/ros2_interfaces/ros2_interfaces/srv/detail/set_run_mode__rosidl_typesupport_fastrtps_c.h\n'}
[0.639893] (ros2_interfaces) StdoutLine: {'line': b'-- Up-to-date: /home/sejong/Desktop/SH_ws/install/ros2_interfaces/include/ros2_interfaces/ros2_interfaces/msg\n'}
[0.640023] (ros2_interfaces) StdoutLine: {'line': b'-- Up-to-date: /home/sejong/Desktop/SH_ws/install/ros2_interfaces/include/ros2_interfaces/ros2_interfaces/msg/rosidl_typesupport_fastrtps_c__visibility_control.h\n'}
[0.640156] (ros2_interfaces) StdoutLine: {'line': b'-- Up-to-date: /home/sejong/Desktop/SH_ws/install/ros2_interfaces/include/ros2_interfaces/ros2_interfaces/msg/detail\n'}
[0.640287] (ros2_interfaces) StdoutLine: {'line': b'-- Up-to-date: /home/sejong/Desktop/SH_ws/install/ros2_interfaces/include/ros2_interfaces/ros2_interfaces/msg/detail/upper_body_command__rosidl_typesupport_fastrtps_c.h\n'}
[0.640419] (ros2_interfaces) StdoutLine: {'line': b'-- Up-to-date: /home/sejong/Desktop/SH_ws/install/ros2_interfaces/include/ros2_interfaces/ros2_interfaces/msg/detail/upper_body_system_state__rosidl_typesupport_fastrtps_c.h\n'}
[0.640581] (ros2_interfaces) StdoutLine: {'line': b'-- Up-to-date: /home/sejong/Desktop/SH_ws/install/ros2_interfaces/include/ros2_interfaces/ros2_interfaces/msg/detail/upper_motor_state__rosidl_typesupport_fastrtps_c.h\n'}
[0.640718] (ros2_interfaces) StdoutLine: {'line': b'-- Up-to-date: /home/sejong/Desktop/SH_ws/install/ros2_interfaces/lib/libros2_interfaces__rosidl_typesupport_fastrtps_c.so\n'}
[0.640849] (ros2_interfaces) StdoutLine: {'line': b'-- Up-to-date: /home/sejong/Desktop/SH_ws/install/ros2_interfaces/include/ros2_interfaces/ros2_interfaces\n'}
[0.640983] (ros2_interfaces) StdoutLine: {'line': b'-- Up-to-date: /home/sejong/Desktop/SH_ws/install/ros2_interfaces/include/ros2_interfaces/ros2_interfaces/srv\n'}
[0.641116] (ros2_interfaces) StdoutLine: {'line': b'-- Up-to-date: /home/sejong/Desktop/SH_ws/install/ros2_interfaces/include/ros2_interfaces/ros2_interfaces/srv/detail\n'}
[0.641248] (ros2_interfaces) StdoutLine: {'line': b'-- Up-to-date: /home/sejong/Desktop/SH_ws/install/ros2_interfaces/include/ros2_interfaces/ros2_interfaces/srv/detail/set_run_mode__rosidl_typesupport_introspection_c.h\n'}
[0.641382] (ros2_interfaces) StdoutLine: {'line': b'-- Up-to-date: /home/sejong/Desktop/SH_ws/install/ros2_interfaces/include/ros2_interfaces/ros2_interfaces/srv/detail/set_run_mode__type_support.c\n'}
[0.641513] (ros2_interfaces) StdoutLine: {'line': b'-- Up-to-date: /home/sejong/Desktop/SH_ws/install/ros2_interfaces/include/ros2_interfaces/ros2_interfaces/srv/detail/enable_motors__rosidl_typesupport_introspection_c.h\n'}
[0.641642] (ros2_interfaces) StdoutLine: {'line': b'-- Up-to-date: /home/sejong/Desktop/SH_ws/install/ros2_interfaces/include/ros2_interfaces/ros2_interfaces/srv/detail/simple_motor_result__rosidl_typesupport_introspection_c.h\n'}
[0.641772] (ros2_interfaces) StdoutLine: {'line': b'-- Up-to-date: /home/sejong/Desktop/SH_ws/install/ros2_interfaces/include/ros2_interfaces/ros2_interfaces/srv/detail/enable_motors__type_support.c\n'}
[0.641918] (ros2_interfaces) StdoutLine: {'line': b'-- Up-to-date: /home/sejong/Desktop/SH_ws/install/ros2_interfaces/include/ros2_interfaces/ros2_interfaces/srv/detail/simple_motor_result__type_support.c\n'}
[0.642052] (ros2_interfaces) StdoutLine: {'line': b'-- Up-to-date: /home/sejong/Desktop/SH_ws/install/ros2_interfaces/include/ros2_interfaces/ros2_interfaces/msg\n'}
[0.642182] (ros2_interfaces) StdoutLine: {'line': b'-- Up-to-date: /home/sejong/Desktop/SH_ws/install/ros2_interfaces/include/ros2_interfaces/ros2_interfaces/msg/rosidl_typesupport_introspection_c__visibility_control.h\n'}
[0.642320] (ros2_interfaces) StdoutLine: {'line': b'-- Up-to-date: /home/sejong/Desktop/SH_ws/install/ros2_interfaces/include/ros2_interfaces/ros2_interfaces/msg/detail\n'}
[0.642452] (ros2_interfaces) StdoutLine: {'line': b'-- Up-to-date: /home/sejong/Desktop/SH_ws/install/ros2_interfaces/include/ros2_interfaces/ros2_interfaces/msg/detail/upper_body_command__rosidl_typesupport_introspection_c.h\n'}
[0.642581] (ros2_interfaces) StdoutLine: {'line': b'-- Up-to-date: /home/sejong/Desktop/SH_ws/install/ros2_interfaces/include/ros2_interfaces/ros2_interfaces/msg/detail/upper_motor_state__type_support.c\n'}
[0.642712] (ros2_interfaces) StdoutLine: {'line': b'-- Up-to-date: /home/sejong/Desktop/SH_ws/install/ros2_interfaces/include/ros2_interfaces/ros2_interfaces/msg/detail/upper_body_system_state__rosidl_typesupport_introspection_c.h\n'}
[0.642844] (ros2_interfaces) StdoutLine: {'line': b'-- Up-to-date: /home/sejong/Desktop/SH_ws/install/ros2_interfaces/include/ros2_interfaces/ros2_interfaces/msg/detail/upper_body_system_state__type_support.c\n'}
[0.642976] (ros2_interfaces) StdoutLine: {'line': b'-- Up-to-date: /home/sejong/Desktop/SH_ws/install/ros2_interfaces/include/ros2_interfaces/ros2_interfaces/msg/detail/upper_motor_state__rosidl_typesupport_introspection_c.h\n'}
[0.643107] (ros2_interfaces) StdoutLine: {'line': b'-- Up-to-date: /home/sejong/Desktop/SH_ws/install/ros2_interfaces/include/ros2_interfaces/ros2_interfaces/msg/detail/upper_body_command__type_support.c\n'}
[0.643239] (ros2_interfaces) StdoutLine: {'line': b'-- Up-to-date: /home/sejong/Desktop/SH_ws/install/ros2_interfaces/lib/libros2_interfaces__rosidl_typesupport_introspection_c.so\n'}
[0.643369] (ros2_interfaces) StdoutLine: {'line': b'-- Up-to-date: /home/sejong/Desktop/SH_ws/install/ros2_interfaces/lib/libros2_interfaces__rosidl_typesupport_c.so\n'}
[0.643498] (ros2_interfaces) StdoutLine: {'line': b'-- Up-to-date: /home/sejong/Desktop/SH_ws/install/ros2_interfaces/include/ros2_interfaces/ros2_interfaces\n'}
[0.643627] (ros2_interfaces) StdoutLine: {'line': b'-- Up-to-date: /home/sejong/Desktop/SH_ws/install/ros2_interfaces/include/ros2_interfaces/ros2_interfaces/srv\n'}
[0.643757] (ros2_interfaces) StdoutLine: {'line': b'-- Up-to-date: /home/sejong/Desktop/SH_ws/install/ros2_interfaces/include/ros2_interfaces/ros2_interfaces/srv/set_run_mode.hpp\n'}
[0.643886] (ros2_interfaces) StdoutLine: {'line': b'-- Up-to-date: /home/sejong/Desktop/SH_ws/install/ros2_interfaces/include/ros2_interfaces/ros2_interfaces/srv/detail\n'}
[0.644014] (ros2_interfaces) StdoutLine: {'line': b'-- Up-to-date: /home/sejong/Desktop/SH_ws/install/ros2_interfaces/include/ros2_interfaces/ros2_interfaces/srv/detail/enable_motors__traits.hpp\n'}
[0.644150] (ros2_interfaces) StdoutLine: {'line': b'-- Up-to-date: /home/sejong/Desktop/SH_ws/install/ros2_interfaces/include/ros2_interfaces/ros2_interfaces/srv/detail/simple_motor_result__traits.hpp\n'}
[0.644281] (ros2_interfaces) StdoutLine: {'line': b'-- Up-to-date: /home/sejong/Desktop/SH_ws/install/ros2_interfaces/include/ros2_interfaces/ros2_interfaces/srv/detail/set_run_mode__traits.hpp\n'}
[0.644412] (ros2_interfaces) StdoutLine: {'line': b'-- Up-to-date: /home/sejong/Desktop/SH_ws/install/ros2_interfaces/include/ros2_interfaces/ros2_interfaces/srv/detail/set_run_mode__struct.hpp\n'}
[0.644558] (ros2_interfaces) StdoutLine: {'line': b'-- Up-to-date: /home/sejong/Desktop/SH_ws/install/ros2_interfaces/include/ros2_interfaces/ros2_interfaces/srv/detail/simple_motor_result__struct.hpp\n'}
[0.644690] (ros2_interfaces) StdoutLine: {'line': b'-- Up-to-date: /home/sejong/Desktop/SH_ws/install/ros2_interfaces/include/ros2_interfaces/ros2_interfaces/srv/detail/set_run_mode__builder.hpp\n'}
[0.644821] (ros2_interfaces) StdoutLine: {'line': b'-- Up-to-date: /home/sejong/Desktop/SH_ws/install/ros2_interfaces/include/ros2_interfaces/ros2_interfaces/srv/detail/enable_motors__type_support.hpp\n'}
[0.644954] (ros2_interfaces) StdoutLine: {'line': b'-- Up-to-date: /home/sejong/Desktop/SH_ws/install/ros2_interfaces/include/ros2_interfaces/ros2_interfaces/srv/detail/enable_motors__builder.hpp\n'}
[0.645091] (ros2_interfaces) StdoutLine: {'line': b'-- Up-to-date: /home/sejong/Desktop/SH_ws/install/ros2_interfaces/include/ros2_interfaces/ros2_interfaces/srv/detail/set_run_mode__type_support.hpp\n'}
[0.645219] (ros2_interfaces) StdoutLine: {'line': b'-- Up-to-date: /home/sejong/Desktop/SH_ws/install/ros2_interfaces/include/ros2_interfaces/ros2_interfaces/srv/detail/enable_motors__struct.hpp\n'}
[0.645350] (ros2_interfaces) StdoutLine: {'line': b'-- Up-to-date: /home/sejong/Desktop/SH_ws/install/ros2_interfaces/include/ros2_interfaces/ros2_interfaces/srv/detail/simple_motor_result__builder.hpp\n'}
[0.645479] (ros2_interfaces) StdoutLine: {'line': b'-- Up-to-date: /home/sejong/Desktop/SH_ws/install/ros2_interfaces/include/ros2_interfaces/ros2_interfaces/srv/detail/simple_motor_result__type_support.hpp\n'}
[0.645621] (ros2_interfaces) StdoutLine: {'line': b'-- Up-to-date: /home/sejong/Desktop/SH_ws/install/ros2_interfaces/include/ros2_interfaces/ros2_interfaces/srv/enable_motors.hpp\n'}
[0.645748] (ros2_interfaces) StdoutLine: {'line': b'-- Up-to-date: /home/sejong/Desktop/SH_ws/install/ros2_interfaces/include/ros2_interfaces/ros2_interfaces/srv/simple_motor_result.hpp\n'}
[0.645873] (ros2_interfaces) StdoutLine: {'line': b'-- Up-to-date: /home/sejong/Desktop/SH_ws/install/ros2_interfaces/include/ros2_interfaces/ros2_interfaces/msg\n'}
[0.645998] (ros2_interfaces) StdoutLine: {'line': b'-- Up-to-date: /home/sejong/Desktop/SH_ws/install/ros2_interfaces/include/ros2_interfaces/ros2_interfaces/msg/upper_body_system_state.hpp\n'}
[0.646123] (ros2_interfaces) StdoutLine: {'line': b'-- Up-to-date: /home/sejong/Desktop/SH_ws/install/ros2_interfaces/include/ros2_interfaces/ros2_interfaces/msg/rosidl_generator_cpp__visibility_control.hpp\n'}
[0.646248] (ros2_interfaces) StdoutLine: {'line': b'-- Up-to-date: /home/sejong/Desktop/SH_ws/install/ros2_interfaces/include/ros2_interfaces/ros2_interfaces/msg/detail\n'}
[0.646373] (ros2_interfaces) StdoutLine: {'line': b'-- Up-to-date: /home/sejong/Desktop/SH_ws/install/ros2_interfaces/include/ros2_interfaces/ros2_interfaces/msg/detail/upper_motor_state__type_support.hpp\n'}
[0.646501] (ros2_interfaces) StdoutLine: {'line': b'-- Up-to-date: /home/sejong/Desktop/SH_ws/install/ros2_interfaces/include/ros2_interfaces/ros2_interfaces/msg/detail/upper_body_system_state__traits.hpp\n'}
[0.646627] (ros2_interfaces) StdoutLine: {'line': b'-- Up-to-date: /home/sejong/Desktop/SH_ws/install/ros2_interfaces/include/ros2_interfaces/ros2_interfaces/msg/detail/upper_body_command__traits.hpp\n'}
[0.646753] (ros2_interfaces) StdoutLine: {'line': b'-- Up-to-date: /home/sejong/Desktop/SH_ws/install/ros2_interfaces/include/ros2_interfaces/ros2_interfaces/msg/detail/upper_body_system_state__builder.hpp\n'}
[0.646879] (ros2_interfaces) StdoutLine: {'line': b'-- Up-to-date: /home/sejong/Desktop/SH_ws/install/ros2_interfaces/include/ros2_interfaces/ros2_interfaces/msg/detail/upper_body_command__struct.hpp\n'}
[0.647005] (ros2_interfaces) StdoutLine: {'line': b'-- Up-to-date: /home/sejong/Desktop/SH_ws/install/ros2_interfaces/include/ros2_interfaces/ros2_interfaces/msg/detail/upper_motor_state__builder.hpp\n'}
[0.647130] (ros2_interfaces) StdoutLine: {'line': b'-- Up-to-date: /home/sejong/Desktop/SH_ws/install/ros2_interfaces/include/ros2_interfaces/ros2_interfaces/msg/detail/upper_motor_state__traits.hpp\n'}
[0.647258] (ros2_interfaces) StdoutLine: {'line': b'-- Up-to-date: /home/sejong/Desktop/SH_ws/install/ros2_interfaces/include/ros2_interfaces/ros2_interfaces/msg/detail/upper_body_command__builder.hpp\n'}
[0.647384] (ros2_interfaces) StdoutLine: {'line': b'-- Up-to-date: /home/sejong/Desktop/SH_ws/install/ros2_interfaces/include/ros2_interfaces/ros2_interfaces/msg/detail/upper_body_system_state__type_support.hpp\n'}
[0.647518] (ros2_interfaces) StdoutLine: {'line': b'-- Up-to-date: /home/sejong/Desktop/SH_ws/install/ros2_interfaces/include/ros2_interfaces/ros2_interfaces/msg/detail/upper_body_command__type_support.hpp\n'}
[0.647649] (ros2_interfaces) StdoutLine: {'line': b'-- Up-to-date: /home/sejong/Desktop/SH_ws/install/ros2_interfaces/include/ros2_interfaces/ros2_interfaces/msg/detail/upper_motor_state__struct.hpp\n'}
[0.647774] (ros2_interfaces) StdoutLine: {'line': b'-- Up-to-date: /home/sejong/Desktop/SH_ws/install/ros2_interfaces/include/ros2_interfaces/ros2_interfaces/msg/detail/upper_body_system_state__struct.hpp\n'}
[0.647899] (ros2_interfaces) StdoutLine: {'line': b'-- Up-to-date: /home/sejong/Desktop/SH_ws/install/ros2_interfaces/include/ros2_interfaces/ros2_interfaces/msg/upper_motor_state.hpp\n'}
[0.648024] (ros2_interfaces) StdoutLine: {'line': b'-- Up-to-date: /home/sejong/Desktop/SH_ws/install/ros2_interfaces/include/ros2_interfaces/ros2_interfaces/msg/upper_body_command.hpp\n'}
[0.648150] (ros2_interfaces) StdoutLine: {'line': b'-- Up-to-date: /home/sejong/Desktop/SH_ws/install/ros2_interfaces/include/ros2_interfaces/ros2_interfaces\n'}
[0.648281] (ros2_interfaces) StdoutLine: {'line': b'-- Up-to-date: /home/sejong/Desktop/SH_ws/install/ros2_interfaces/include/ros2_interfaces/ros2_interfaces/srv\n'}
[0.648412] (ros2_interfaces) StdoutLine: {'line': b'-- Up-to-date: /home/sejong/Desktop/SH_ws/install/ros2_interfaces/include/ros2_interfaces/ros2_interfaces/srv/detail\n'}
[0.648558] (ros2_interfaces) StdoutLine: {'line': b'-- Up-to-date: /home/sejong/Desktop/SH_ws/install/ros2_interfaces/include/ros2_interfaces/ros2_interfaces/srv/detail/set_run_mode__rosidl_typesupport_fastrtps_cpp.hpp\n'}
[0.648691] (ros2_interfaces) StdoutLine: {'line': b'-- Up-to-date: /home/sejong/Desktop/SH_ws/install/ros2_interfaces/include/ros2_interfaces/ros2_interfaces/srv/detail/dds_fastrtps\n'}
[0.648819] (ros2_interfaces) StdoutLine: {'line': b'-- Up-to-date: /home/sejong/Desktop/SH_ws/install/ros2_interfaces/include/ros2_interfaces/ros2_interfaces/srv/detail/simple_motor_result__rosidl_typesupport_fastrtps_cpp.hpp\n'}
[0.648948] (ros2_interfaces) StdoutLine: {'line': b'-- Up-to-date: /home/sejong/Desktop/SH_ws/install/ros2_interfaces/include/ros2_interfaces/ros2_interfaces/srv/detail/enable_motors__rosidl_typesupport_fastrtps_cpp.hpp\n'}
[0.649079] (ros2_interfaces) StdoutLine: {'line': b'-- Up-to-date: /home/sejong/Desktop/SH_ws/install/ros2_interfaces/include/ros2_interfaces/ros2_interfaces/msg\n'}
[0.649209] (ros2_interfaces) StdoutLine: {'line': b'-- Up-to-date: /home/sejong/Desktop/SH_ws/install/ros2_interfaces/include/ros2_interfaces/ros2_interfaces/msg/rosidl_typesupport_fastrtps_cpp__visibility_control.h\n'}
[0.649352] (ros2_interfaces) StdoutLine: {'line': b'-- Up-to-date: /home/sejong/Desktop/SH_ws/install/ros2_interfaces/include/ros2_interfaces/ros2_interfaces/msg/detail\n'}
[0.649480] (ros2_interfaces) StdoutLine: {'line': b'-- Up-to-date: /home/sejong/Desktop/SH_ws/install/ros2_interfaces/include/ros2_interfaces/ros2_interfaces/msg/detail/upper_body_system_state__rosidl_typesupport_fastrtps_cpp.hpp\n'}
[0.649608] (ros2_interfaces) StdoutLine: {'line': b'-- Up-to-date: /home/sejong/Desktop/SH_ws/install/ros2_interfaces/include/ros2_interfaces/ros2_interfaces/msg/detail/dds_fastrtps\n'}
[0.649735] (ros2_interfaces) StdoutLine: {'line': b'-- Up-to-date: /home/sejong/Desktop/SH_ws/install/ros2_interfaces/include/ros2_interfaces/ros2_interfaces/msg/detail/upper_body_command__rosidl_typesupport_fastrtps_cpp.hpp\n'}
[0.649863] (ros2_interfaces) StdoutLine: {'line': b'-- Up-to-date: /home/sejong/Desktop/SH_ws/install/ros2_interfaces/include/ros2_interfaces/ros2_interfaces/msg/detail/upper_motor_state__rosidl_typesupport_fastrtps_cpp.hpp\n'}
[0.649993] (ros2_interfaces) StdoutLine: {'line': b'-- Up-to-date: /home/sejong/Desktop/SH_ws/install/ros2_interfaces/lib/libros2_interfaces__rosidl_typesupport_fastrtps_cpp.so\n'}
[0.650121] (ros2_interfaces) StdoutLine: {'line': b'-- Up-to-date: /home/sejong/Desktop/SH_ws/install/ros2_interfaces/include/ros2_interfaces/ros2_interfaces\n'}
[0.650243] (ros2_interfaces) StdoutLine: {'line': b'-- Up-to-date: /home/sejong/Desktop/SH_ws/install/ros2_interfaces/include/ros2_interfaces/ros2_interfaces/srv\n'}
[0.650368] (ros2_interfaces) StdoutLine: {'line': b'-- Up-to-date: /home/sejong/Desktop/SH_ws/install/ros2_interfaces/include/ros2_interfaces/ros2_interfaces/srv/detail\n'}
[0.650487] (ros2_interfaces) StdoutLine: {'line': b'-- Up-to-date: /home/sejong/Desktop/SH_ws/install/ros2_interfaces/include/ros2_interfaces/ros2_interfaces/srv/detail/simple_motor_result__rosidl_typesupport_introspection_cpp.hpp\n'}
[0.650606] (ros2_interfaces) StdoutLine: {'line': b'-- Up-to-date: /home/sejong/Desktop/SH_ws/install/ros2_interfaces/include/ros2_interfaces/ros2_interfaces/srv/detail/enable_motors__rosidl_typesupport_introspection_cpp.hpp\n'}
[0.650729] (ros2_interfaces) StdoutLine: {'line': b'-- Up-to-date: /home/sejong/Desktop/SH_ws/install/ros2_interfaces/include/ros2_interfaces/ros2_interfaces/srv/detail/set_run_mode__type_support.cpp\n'}
[0.650855] (ros2_interfaces) StdoutLine: {'line': b'-- Up-to-date: /home/sejong/Desktop/SH_ws/install/ros2_interfaces/include/ros2_interfaces/ros2_interfaces/srv/detail/set_run_mode__rosidl_typesupport_introspection_cpp.hpp\n'}
[0.650990] (ros2_interfaces) StdoutLine: {'line': b'-- Up-to-date: /home/sejong/Desktop/SH_ws/install/ros2_interfaces/include/ros2_interfaces/ros2_interfaces/srv/detail/enable_motors__type_support.cpp\n'}
[0.651121] (ros2_interfaces) StdoutLine: {'line': b'-- Up-to-date: /home/sejong/Desktop/SH_ws/install/ros2_interfaces/include/ros2_interfaces/ros2_interfaces/srv/detail/simple_motor_result__type_support.cpp\n'}
[0.651249] (ros2_interfaces) StdoutLine: {'line': b'-- Up-to-date: /home/sejong/Desktop/SH_ws/install/ros2_interfaces/include/ros2_interfaces/ros2_interfaces/msg\n'}
[0.651377] (ros2_interfaces) StdoutLine: {'line': b'-- Up-to-date: /home/sejong/Desktop/SH_ws/install/ros2_interfaces/include/ros2_interfaces/ros2_interfaces/msg/detail\n'}
[0.651504] (ros2_interfaces) StdoutLine: {'line': b'-- Up-to-date: /home/sejong/Desktop/SH_ws/install/ros2_interfaces/include/ros2_interfaces/ros2_interfaces/msg/detail/upper_body_command__rosidl_typesupport_introspection_cpp.hpp\n'}
[0.651634] (ros2_interfaces) StdoutLine: {'line': b'-- Up-to-date: /home/sejong/Desktop/SH_ws/install/ros2_interfaces/include/ros2_interfaces/ros2_interfaces/msg/detail/upper_motor_state__rosidl_typesupport_introspection_cpp.hpp\n'}
[0.651761] (ros2_interfaces) StdoutLine: {'line': b'-- Up-to-date: /home/sejong/Desktop/SH_ws/install/ros2_interfaces/include/ros2_interfaces/ros2_interfaces/msg/detail/upper_motor_state__type_support.cpp\n'}
[0.651889] (ros2_interfaces) StdoutLine: {'line': b'-- Up-to-date: /home/sejong/Desktop/SH_ws/install/ros2_interfaces/include/ros2_interfaces/ros2_interfaces/msg/detail/upper_body_command__type_support.cpp\n'}
[0.652018] (ros2_interfaces) StdoutLine: {'line': b'-- Up-to-date: /home/sejong/Desktop/SH_ws/install/ros2_interfaces/include/ros2_interfaces/ros2_interfaces/msg/detail/upper_body_system_state__rosidl_typesupport_introspection_cpp.hpp\n'}
[0.652149] (ros2_interfaces) StdoutLine: {'line': b'-- Up-to-date: /home/sejong/Desktop/SH_ws/install/ros2_interfaces/include/ros2_interfaces/ros2_interfaces/msg/detail/upper_body_system_state__type_support.cpp\n'}
[0.652279] (ros2_interfaces) StdoutLine: {'line': b'-- Up-to-date: /home/sejong/Desktop/SH_ws/install/ros2_interfaces/lib/libros2_interfaces__rosidl_typesupport_introspection_cpp.so\n'}
[0.652407] (ros2_interfaces) StdoutLine: {'line': b'-- Up-to-date: /home/sejong/Desktop/SH_ws/install/ros2_interfaces/lib/libros2_interfaces__rosidl_typesupport_cpp.so\n'}
[0.652552] (ros2_interfaces) StdoutLine: {'line': b'-- Up-to-date: /home/sejong/Desktop/SH_ws/install/ros2_interfaces/share/ros2_interfaces/environment/pythonpath.sh\n'}
[0.652684] (ros2_interfaces) StdoutLine: {'line': b'-- Up-to-date: /home/sejong/Desktop/SH_ws/install/ros2_interfaces/share/ros2_interfaces/environment/pythonpath.dsv\n'}
[0.652814] (ros2_interfaces) StdoutLine: {'line': b'-- Up-to-date: /home/sejong/Desktop/SH_ws/install/ros2_interfaces/lib/python3.12/site-packages/ros2_interfaces-0.0.1-py3.12.egg-info\n'}
[0.652943] (ros2_interfaces) StdoutLine: {'line': b'-- Installing: /home/sejong/Desktop/SH_ws/install/ros2_interfaces/lib/python3.12/site-packages/ros2_interfaces-0.0.1-py3.12.egg-info/dependency_links.txt\n'}
[0.653098] (ros2_interfaces) StdoutLine: {'line': b'-- Installing: /home/sejong/Desktop/SH_ws/install/ros2_interfaces/lib/python3.12/site-packages/ros2_interfaces-0.0.1-py3.12.egg-info/top_level.txt\n'}
[0.653226] (ros2_interfaces) StdoutLine: {'line': b'-- Installing: /home/sejong/Desktop/SH_ws/install/ros2_interfaces/lib/python3.12/site-packages/ros2_interfaces-0.0.1-py3.12.egg-info/SOURCES.txt\n'}
[0.653355] (ros2_interfaces) StdoutLine: {'line': b'-- Installing: /home/sejong/Desktop/SH_ws/install/ros2_interfaces/lib/python3.12/site-packages/ros2_interfaces-0.0.1-py3.12.egg-info/PKG-INFO\n'}
[0.653484] (ros2_interfaces) StdoutLine: {'line': b'-- Up-to-date: /home/sejong/Desktop/SH_ws/install/ros2_interfaces/lib/python3.12/site-packages/ros2_interfaces\n'}
[0.653613] (ros2_interfaces) StdoutLine: {'line': b'-- Up-to-date: /home/sejong/Desktop/SH_ws/install/ros2_interfaces/lib/python3.12/site-packages/ros2_interfaces/__init__.py\n'}
[0.653741] (ros2_interfaces) StdoutLine: {'line': b'-- Up-to-date: /home/sejong/Desktop/SH_ws/install/ros2_interfaces/lib/python3.12/site-packages/ros2_interfaces/_ros2_interfaces_s.ep.rosidl_typesupport_introspection_c.c\n'}
[0.653869] (ros2_interfaces) StdoutLine: {'line': b'-- Up-to-date: /home/sejong/Desktop/SH_ws/install/ros2_interfaces/lib/python3.12/site-packages/ros2_interfaces/srv\n'}
[0.653998] (ros2_interfaces) StdoutLine: {'line': b'-- Up-to-date: /home/sejong/Desktop/SH_ws/install/ros2_interfaces/lib/python3.12/site-packages/ros2_interfaces/srv/__init__.py\n'}
[0.654126] (ros2_interfaces) StdoutLine: {'line': b'-- Up-to-date: /home/sejong/Desktop/SH_ws/install/ros2_interfaces/lib/python3.12/site-packages/ros2_interfaces/srv/_set_run_mode_s.c\n'}
[0.654255] (ros2_interfaces) StdoutLine: {'line': b'-- Up-to-date: /home/sejong/Desktop/SH_ws/install/ros2_interfaces/lib/python3.12/site-packages/ros2_interfaces/srv/_enable_motors_s.c\n'}
[0.654383] (ros2_interfaces) StdoutLine: {'line': b'-- Up-to-date: /home/sejong/Desktop/SH_ws/install/ros2_interfaces/lib/python3.12/site-packages/ros2_interfaces/srv/_enable_motors.py\n'}
[0.654509] (ros2_interfaces) StdoutLine: {'line': b'-- Up-to-date: /home/sejong/Desktop/SH_ws/install/ros2_interfaces/lib/python3.12/site-packages/ros2_interfaces/srv/_simple_motor_result_s.c\n'}
[0.654645] (ros2_interfaces) StdoutLine: {'line': b'-- Up-to-date: /home/sejong/Desktop/SH_ws/install/ros2_interfaces/lib/python3.12/site-packages/ros2_interfaces/srv/_set_run_mode.py\n'}
[0.654775] (ros2_interfaces) StdoutLine: {'line': b'-- Up-to-date: /home/sejong/Desktop/SH_ws/install/ros2_interfaces/lib/python3.12/site-packages/ros2_interfaces/srv/_simple_motor_result.py\n'}
[0.654902] (ros2_interfaces) StdoutLine: {'line': b'-- Up-to-date: /home/sejong/Desktop/SH_ws/install/ros2_interfaces/lib/python3.12/site-packages/ros2_interfaces/_ros2_interfaces_s.ep.rosidl_typesupport_fastrtps_c.c\n'}
[0.655030] (ros2_interfaces) StdoutLine: {'line': b'-- Up-to-date: /home/sejong/Desktop/SH_ws/install/ros2_interfaces/lib/python3.12/site-packages/ros2_interfaces/ros2_interfaces_s__rosidl_typesupport_introspection_c.so\n'}
[0.655157] (ros2_interfaces) StdoutLine: {'line': b'-- Up-to-date: /home/sejong/Desktop/SH_ws/install/ros2_interfaces/lib/python3.12/site-packages/ros2_interfaces/msg\n'}
[0.655286] (ros2_interfaces) StdoutLine: {'line': b'-- Up-to-date: /home/sejong/Desktop/SH_ws/install/ros2_interfaces/lib/python3.12/site-packages/ros2_interfaces/msg/_upper_body_command.py\n'}
[0.655414] (ros2_interfaces) StdoutLine: {'line': b'-- Up-to-date: /home/sejong/Desktop/SH_ws/install/ros2_interfaces/lib/python3.12/site-packages/ros2_interfaces/msg/__init__.py\n'}
[0.655542] (ros2_interfaces) StdoutLine: {'line': b'-- Up-to-date: /home/sejong/Desktop/SH_ws/install/ros2_interfaces/lib/python3.12/site-packages/ros2_interfaces/msg/_upper_body_system_state.py\n'}
[0.655668] (ros2_interfaces) StdoutLine: {'line': b'-- Up-to-date: /home/sejong/Desktop/SH_ws/install/ros2_interfaces/lib/python3.12/site-packages/ros2_interfaces/msg/_upper_motor_state.py\n'}
[0.655801] (ros2_interfaces) StdoutLine: {'line': b'-- Up-to-date: /home/sejong/Desktop/SH_ws/install/ros2_interfaces/lib/python3.12/site-packages/ros2_interfaces/msg/_upper_body_system_state_s.c\n'}
[0.655928] (ros2_interfaces) StdoutLine: {'line': b'-- Up-to-date: /home/sejong/Desktop/SH_ws/install/ros2_interfaces/lib/python3.12/site-packages/ros2_interfaces/msg/_upper_motor_state_s.c\n'}
[0.656055] (ros2_interfaces) StdoutLine: {'line': b'-- Up-to-date: /home/sejong/Desktop/SH_ws/install/ros2_interfaces/lib/python3.12/site-packages/ros2_interfaces/msg/_upper_body_command_s.c\n'}
[0.656182] (ros2_interfaces) StdoutLine: {'line': b'-- Up-to-date: /home/sejong/Desktop/SH_ws/install/ros2_interfaces/lib/python3.12/site-packages/ros2_interfaces/_ros2_interfaces_s.ep.rosidl_typesupport_c.c\n'}
[0.656311] (ros2_interfaces) StdoutLine: {'line': b'-- Up-to-date: /home/sejong/Desktop/SH_ws/install/ros2_interfaces/lib/python3.12/site-packages/ros2_interfaces/ros2_interfaces_s__rosidl_typesupport_fastrtps_c.so\n'}
[0.656450] (ros2_interfaces) StdoutLine: {'line': b'-- Up-to-date: /home/sejong/Desktop/SH_ws/install/ros2_interfaces/lib/python3.12/site-packages/ros2_interfaces/ros2_interfaces_s__rosidl_typesupport_c.so\n'}
[0.658699] (ros2_interfaces) StdoutLine: {'line': b"Listing '/home/sejong/Desktop/SH_ws/install/ros2_interfaces/lib/python3.12/site-packages/ros2_interfaces'...\n"}
[0.658845] (ros2_interfaces) StdoutLine: {'line': b"Listing '/home/sejong/Desktop/SH_ws/install/ros2_interfaces/lib/python3.12/site-packages/ros2_interfaces/msg'...\n"}
[0.658989] (ros2_interfaces) StdoutLine: {'line': b"Listing '/home/sejong/Desktop/SH_ws/install/ros2_interfaces/lib/python3.12/site-packages/ros2_interfaces/srv'...\n"}
[0.668618] (ros2_interfaces) StdoutLine: {'line': b'-- Up-to-date: /home/sejong/Desktop/SH_ws/install/ros2_interfaces/lib/python3.12/site-packages/ros2_interfaces/ros2_interfaces_s__rosidl_typesupport_fastrtps_c.so\n'}
[0.668955] (ros2_interfaces) StdoutLine: {'line': b'-- Up-to-date: /home/sejong/Desktop/SH_ws/install/ros2_interfaces/lib/python3.12/site-packages/ros2_interfaces/ros2_interfaces_s__rosidl_typesupport_introspection_c.so\n'}
[0.669151] (ros2_interfaces) StdoutLine: {'line': b'-- Up-to-date: /home/sejong/Desktop/SH_ws/install/ros2_interfaces/lib/python3.12/site-packages/ros2_interfaces/ros2_interfaces_s__rosidl_typesupport_c.so\n'}
[0.669284] (ros2_interfaces) StdoutLine: {'line': b'-- Up-to-date: /home/sejong/Desktop/SH_ws/install/ros2_interfaces/lib/libros2_interfaces__rosidl_generator_py.so\n'}
[0.669413] (ros2_interfaces) StdoutLine: {'line': b'-- Up-to-date: /home/sejong/Desktop/SH_ws/install/ros2_interfaces/share/ament_index/resource_index/rust_packages/ros2_interfaces\n'}
[0.669546] (ros2_interfaces) StdoutLine: {'line': b'-- Up-to-date: /home/sejong/Desktop/SH_ws/install/ros2_interfaces/share/ros2_interfaces/rust\n'}
[0.669676] (ros2_interfaces) StdoutLine: {'line': b'-- Up-to-date: /home/sejong/Desktop/SH_ws/install/ros2_interfaces/share/ros2_interfaces/rust/src\n'}
[0.669807] (ros2_interfaces) StdoutLine: {'line': b'-- Up-to-date: /home/sejong/Desktop/SH_ws/install/ros2_interfaces/share/ros2_interfaces/rust/src/lib.rs\n'}
[0.669935] (ros2_interfaces) StdoutLine: {'line': b'-- Up-to-date: /home/sejong/Desktop/SH_ws/install/ros2_interfaces/share/ros2_interfaces/rust/src/srv\n'}
[0.670064] (ros2_interfaces) StdoutLine: {'line': b'-- Up-to-date: /home/sejong/Desktop/SH_ws/install/ros2_interfaces/share/ros2_interfaces/rust/src/srv/rmw.rs\n'}
[0.670193] (ros2_interfaces) StdoutLine: {'line': b'-- Up-to-date: /home/sejong/Desktop/SH_ws/install/ros2_interfaces/share/ros2_interfaces/rust/src/srv.rs\n'}
[0.670330] (ros2_interfaces) StdoutLine: {'line': b'-- Up-to-date: /home/sejong/Desktop/SH_ws/install/ros2_interfaces/share/ros2_interfaces/rust/src/msg\n'}
[0.670457] (ros2_interfaces) StdoutLine: {'line': b'-- Up-to-date: /home/sejong/Desktop/SH_ws/install/ros2_interfaces/share/ros2_interfaces/rust/src/msg/rmw.rs\n'}
[0.670592] (ros2_interfaces) StdoutLine: {'line': b'-- Up-to-date: /home/sejong/Desktop/SH_ws/install/ros2_interfaces/share/ros2_interfaces/rust/src/msg.rs\n'}
[0.670717] (ros2_interfaces) StdoutLine: {'line': b'-- Up-to-date: /home/sejong/Desktop/SH_ws/install/ros2_interfaces/share/ros2_interfaces/rust/build.rs\n'}
[0.670845] (ros2_interfaces) StdoutLine: {'line': b'-- Up-to-date: /home/sejong/Desktop/SH_ws/install/ros2_interfaces/share/ros2_interfaces/rust/Cargo.toml\n'}
[0.670971] (ros2_interfaces) StdoutLine: {'line': b'-- Up-to-date: /home/sejong/Desktop/SH_ws/install/ros2_interfaces/share/ros2_interfaces/msg/UpperBodyCommand.idl\n'}
[0.671101] (ros2_interfaces) StdoutLine: {'line': b'-- Up-to-date: /home/sejong/Desktop/SH_ws/install/ros2_interfaces/share/ros2_interfaces/msg/UpperBodySystemState.idl\n'}
[0.671228] (ros2_interfaces) StdoutLine: {'line': b'-- Up-to-date: /home/sejong/Desktop/SH_ws/install/ros2_interfaces/share/ros2_interfaces/msg/UpperMotorState.idl\n'}
[0.671359] (ros2_interfaces) StdoutLine: {'line': b'-- Up-to-date: /home/sejong/Desktop/SH_ws/install/ros2_interfaces/share/ros2_interfaces/srv/EnableMotors.idl\n'}
[0.671490] (ros2_interfaces) StdoutLine: {'line': b'-- Up-to-date: /home/sejong/Desktop/SH_ws/install/ros2_interfaces/share/ros2_interfaces/srv/SetRunMode.idl\n'}
[0.671620] (ros2_interfaces) StdoutLine: {'line': b'-- Up-to-date: /home/sejong/Desktop/SH_ws/install/ros2_interfaces/share/ros2_interfaces/srv/SimpleMotorResult.idl\n'}
[0.671804] (ros2_interfaces) StdoutLine: {'line': b'-- Up-to-date: /home/sejong/Desktop/SH_ws/install/ros2_interfaces/share/ros2_interfaces/msg/UpperBodyCommand.msg\n'}
[0.672022] (ros2_interfaces) StdoutLine: {'line': b'-- Up-to-date: /home/sejong/Desktop/SH_ws/install/ros2_interfaces/share/ros2_interfaces/msg/UpperBodySystemState.msg\n'}
[0.672389] (ros2_interfaces) StdoutLine: {'line': b'-- Up-to-date: /home/sejong/Desktop/SH_ws/install/ros2_interfaces/share/ros2_interfaces/msg/UpperMotorState.msg\n'}
[0.672790] (ros2_interfaces) StdoutLine: {'line': b'-- Up-to-date: /home/sejong/Desktop/SH_ws/install/ros2_interfaces/share/ros2_interfaces/srv/EnableMotors.srv\n'}
[0.673176] (ros2_interfaces) StdoutLine: {'line': b'-- Up-to-date: /home/sejong/Desktop/SH_ws/install/ros2_interfaces/share/ros2_interfaces/srv/SetRunMode.srv\n'}
[0.673367] (ros2_interfaces) StdoutLine: {'line': b'-- Up-to-date: /home/sejong/Desktop/SH_ws/install/ros2_interfaces/share/ros2_interfaces/srv/SimpleMotorResult.srv\n'}
[0.673723] (ros2_interfaces) StdoutLine: {'line': b'-- Up-to-date: /home/sejong/Desktop/SH_ws/install/ros2_interfaces/share/ament_index/resource_index/package_run_dependencies/ros2_interfaces\n'}
[0.674594] (ros2_interfaces) StdoutLine: {'line': b'-- Up-to-date: /home/sejong/Desktop/SH_ws/install/ros2_interfaces/share/ament_index/resource_index/parent_prefix_path/ros2_interfaces\n'}
[0.675282] (ros2_interfaces) StdoutLine: {'line': b'-- Up-to-date: /home/sejong/Desktop/SH_ws/install/ros2_interfaces/share/ros2_interfaces/environment/ament_prefix_path.sh\n'}
[0.675516] (ros2_interfaces) StdoutLine: {'line': b'-- Up-to-date: /home/sejong/Desktop/SH_ws/install/ros2_interfaces/share/ros2_interfaces/environment/ament_prefix_path.dsv\n'}
[0.675809] (ros2_interfaces) StdoutLine: {'line': b'-- Up-to-date: /home/sejong/Desktop/SH_ws/install/ros2_interfaces/share/ros2_interfaces/environment/path.sh\n'}
[0.676294] (ros2_interfaces) StdoutLine: {'line': b'-- Up-to-date: /home/sejong/Desktop/SH_ws/install/ros2_interfaces/share/ros2_interfaces/environment/path.dsv\n'}
[0.676534] (ros2_interfaces) StdoutLine: {'line': b'-- Up-to-date: /home/sejong/Desktop/SH_ws/install/ros2_interfaces/share/ros2_interfaces/local_setup.bash\n'}
[0.676950] (ros2_interfaces) StdoutLine: {'line': b'-- Up-to-date: /home/sejong/Desktop/SH_ws/install/ros2_interfaces/share/ros2_interfaces/local_setup.sh\n'}
[0.677461] (ros2_interfaces) StdoutLine: {'line': b'-- Up-to-date: /home/sejong/Desktop/SH_ws/install/ros2_interfaces/share/ros2_interfaces/local_setup.zsh\n'}
[0.677729] (ros2_interfaces) StdoutLine: {'line': b'-- Up-to-date: /home/sejong/Desktop/SH_ws/install/ros2_interfaces/share/ros2_interfaces/local_setup.dsv\n'}
[0.678338] (ros2_interfaces) StdoutLine: {'line': b'-- Installing: /home/sejong/Desktop/SH_ws/install/ros2_interfaces/share/ros2_interfaces/package.dsv\n'}
[0.679257] (ros2_interfaces) StdoutLine: {'line': b'-- Up-to-date: /home/sejong/Desktop/SH_ws/install/ros2_interfaces/share/ament_index/resource_index/packages/ros2_interfaces\n'}
[0.679437] (ros2_interfaces) StdoutLine: {'line': b'-- Up-to-date: /home/sejong/Desktop/SH_ws/install/ros2_interfaces/share/ros2_interfaces/cmake/export_ros2_interfaces__rosidl_generator_cExport.cmake\n'}
[0.679787] (ros2_interfaces) StdoutLine: {'line': b'-- Up-to-date: /home/sejong/Desktop/SH_ws/install/ros2_interfaces/share/ros2_interfaces/cmake/export_ros2_interfaces__rosidl_generator_cExport-noconfig.cmake\n'}
[0.680121] (ros2_interfaces) StdoutLine: {'line': b'-- Up-to-date: /home/sejong/Desktop/SH_ws/install/ros2_interfaces/share/ros2_interfaces/cmake/export_ros2_interfaces__rosidl_typesupport_fastrtps_cExport.cmake\n'}
[0.680442] (ros2_interfaces) StdoutLine: {'line': b'-- Up-to-date: /home/sejong/Desktop/SH_ws/install/ros2_interfaces/share/ros2_interfaces/cmake/export_ros2_interfaces__rosidl_typesupport_fastrtps_cExport-noconfig.cmake\n'}
[0.681031] (ros2_interfaces) StdoutLine: {'line': b'-- Up-to-date: /home/sejong/Desktop/SH_ws/install/ros2_interfaces/share/ros2_interfaces/cmake/ros2_interfaces__rosidl_typesupport_introspection_cExport.cmake\n'}
[0.681597] (ros2_interfaces) StdoutLine: {'line': b'-- Up-to-date: /home/sejong/Desktop/SH_ws/install/ros2_interfaces/share/ros2_interfaces/cmake/ros2_interfaces__rosidl_typesupport_introspection_cExport-noconfig.cmake\n'}
[0.682132] (ros2_interfaces) StdoutLine: {'line': b'-- Up-to-date: /home/sejong/Desktop/SH_ws/install/ros2_interfaces/share/ros2_interfaces/cmake/ros2_interfaces__rosidl_typesupport_cExport.cmake\n'}
[0.682304] (ros2_interfaces) StdoutLine: {'line': b'-- Up-to-date: /home/sejong/Desktop/SH_ws/install/ros2_interfaces/share/ros2_interfaces/cmake/ros2_interfaces__rosidl_typesupport_cExport-noconfig.cmake\n'}
[0.682673] (ros2_interfaces) StdoutLine: {'line': b'-- Up-to-date: /home/sejong/Desktop/SH_ws/install/ros2_interfaces/share/ros2_interfaces/cmake/export_ros2_interfaces__rosidl_generator_cppExport.cmake\n'}
[0.683038] (ros2_interfaces) StdoutLine: {'line': b'-- Up-to-date: /home/sejong/Desktop/SH_ws/install/ros2_interfaces/share/ros2_interfaces/cmake/export_ros2_interfaces__rosidl_typesupport_fastrtps_cppExport.cmake\n'}
[0.683359] (ros2_interfaces) StdoutLine: {'line': b'-- Up-to-date: /home/sejong/Desktop/SH_ws/install/ros2_interfaces/share/ros2_interfaces/cmake/export_ros2_interfaces__rosidl_typesupport_fastrtps_cppExport-noconfig.cmake\n'}
[0.683817] (ros2_interfaces) StdoutLine: {'line': b'-- Up-to-date: /home/sejong/Desktop/SH_ws/install/ros2_interfaces/share/ros2_interfaces/cmake/ros2_interfaces__rosidl_typesupport_introspection_cppExport.cmake\n'}
[0.684050] (ros2_interfaces) StdoutLine: {'line': b'-- Up-to-date: /home/sejong/Desktop/SH_ws/install/ros2_interfaces/share/ros2_interfaces/cmake/ros2_interfaces__rosidl_typesupport_introspection_cppExport-noconfig.cmake\n'}
[0.684372] (ros2_interfaces) StdoutLine: {'line': b'-- Up-to-date: /home/sejong/Desktop/SH_ws/install/ros2_interfaces/share/ros2_interfaces/cmake/ros2_interfaces__rosidl_typesupport_cppExport.cmake\n'}
[0.684518] (ros2_interfaces) StdoutLine: {'line': b'-- Up-to-date: /home/sejong/Desktop/SH_ws/install/ros2_interfaces/share/ros2_interfaces/cmake/ros2_interfaces__rosidl_typesupport_cppExport-noconfig.cmake\n'}
[0.684651] (ros2_interfaces) StdoutLine: {'line': b'-- Up-to-date: /home/sejong/Desktop/SH_ws/install/ros2_interfaces/share/ros2_interfaces/cmake/export_ros2_interfaces__rosidl_generator_pyExport.cmake\n'}
[0.684779] (ros2_interfaces) StdoutLine: {'line': b'-- Up-to-date: /home/sejong/Desktop/SH_ws/install/ros2_interfaces/share/ros2_interfaces/cmake/export_ros2_interfaces__rosidl_generator_pyExport-noconfig.cmake\n'}
[0.684965] (ros2_interfaces) StdoutLine: {'line': b'-- Up-to-date: /home/sejong/Desktop/SH_ws/install/ros2_interfaces/share/ros2_interfaces/cmake/rosidl_cmake-extras.cmake\n'}
[0.685116] (ros2_interfaces) StdoutLine: {'line': b'-- Up-to-date: /home/sejong/Desktop/SH_ws/install/ros2_interfaces/share/ros2_interfaces/cmake/ament_cmake_export_dependencies-extras.cmake\n'}
[0.685244] (ros2_interfaces) StdoutLine: {'line': b'-- Up-to-date: /home/sejong/Desktop/SH_ws/install/ros2_interfaces/share/ros2_interfaces/cmake/ament_cmake_export_include_directories-extras.cmake\n'}
[0.685369] (ros2_interfaces) StdoutLine: {'line': b'-- Up-to-date: /home/sejong/Desktop/SH_ws/install/ros2_interfaces/share/ros2_interfaces/cmake/ament_cmake_export_libraries-extras.cmake\n'}
[0.685494] (ros2_interfaces) StdoutLine: {'line': b'-- Up-to-date: /home/sejong/Desktop/SH_ws/install/ros2_interfaces/share/ros2_interfaces/cmake/ament_cmake_export_targets-extras.cmake\n'}
[0.685619] (ros2_interfaces) StdoutLine: {'line': b'-- Up-to-date: /home/sejong/Desktop/SH_ws/install/ros2_interfaces/share/ros2_interfaces/cmake/rosidl_cmake_export_typesupport_targets-extras.cmake\n'}
[0.685764] (ros2_interfaces) StdoutLine: {'line': b'-- Up-to-date: /home/sejong/Desktop/SH_ws/install/ros2_interfaces/share/ros2_interfaces/cmake/rosidl_cmake_export_typesupport_libraries-extras.cmake\n'}
[0.685891] (ros2_interfaces) StdoutLine: {'line': b'-- Up-to-date: /home/sejong/Desktop/SH_ws/install/ros2_interfaces/share/ros2_interfaces/cmake/rosidl_cmake_aggregate_target-extras.cmake\n'}
[0.686017] (ros2_interfaces) StdoutLine: {'line': b'-- Up-to-date: /home/sejong/Desktop/SH_ws/install/ros2_interfaces/share/ros2_interfaces/cmake/ros2_interfacesConfig.cmake\n'}
[0.686143] (ros2_interfaces) StdoutLine: {'line': b'-- Up-to-date: /home/sejong/Desktop/SH_ws/install/ros2_interfaces/share/ros2_interfaces/cmake/ros2_interfacesConfig-version.cmake\n'}
[0.686268] (ros2_interfaces) StdoutLine: {'line': b'-- Up-to-date: /home/sejong/Desktop/SH_ws/install/ros2_interfaces/share/ros2_interfaces/package.xml\n'}
[0.686397] (ros2_interfaces) CommandEnded: {'returncode': 0}
[0.701141] (-) TimerEvent: {}
[0.711063] (ros2_interfaces) JobEnded: {'identifier': 'ros2_interfaces', 'rc': 0}
[0.712656] (sh_motion_cpp) JobStarted: {'identifier': 'sh_motion_cpp'}
[0.726140] (sh_motion_cpp) JobProgress: {'identifier': 'sh_motion_cpp', 'progress': 'cmake'}
[0.727667] (sh_motion_cpp) JobProgress: {'identifier': 'sh_motion_cpp', 'progress': 'build'}
[0.727950] (sh_motion_cpp) Command: {'cmd': ['/usr/bin/cmake', '--build', '/home/sejong/Desktop/SH_ws/build/sh_motion_cpp', '--', '-j14', '-l14'], 'cwd': '/home/sejong/Desktop/SH_ws/build/sh_motion_cpp', 'env': OrderedDict({'LESSOPEN': '| /usr/bin/lesspipe %s', 'USER': 'sejong', 'GZ_CONFIG_PATH': '/opt/ros/jazzy/opt/sdformat_vendor/share/gz', 'ROS_PACKAGE_PATH': '/home/sejong/Desktop/SH_ws/install/ros2_interfaces/share', 'XDG_SESSION_TYPE': 'x11', 'CLUTTER_DISABLE_MIPMAPPED_TEXT': '1', 'SHLVL': '1', 'LD_LIBRARY_PATH': '/home/sejong/Desktop/SH_ws/install/ros2_interfaces/lib:/opt/ros/jazzy/opt/sdformat_vendor/lib:/opt/ros/jazzy/opt/rviz_ogre_vendor/lib:/opt/ros/jazzy/lib/aarch64-linux-gnu:/opt/ros/jazzy/opt/gz_math_vendor/lib:/opt/ros/jazzy/opt/gz_utils_vendor/lib:/opt/ros/jazzy/opt/gz_tools_vendor/lib:/opt/ros/jazzy/opt/gz_cmake_vendor/lib:/opt/ros/jazzy/lib:/usr/local/cuda-13.2/lib64', 'HOME': '/home/sejong', 'OLDPWD': '/home/sejong', 'DESKTOP_SESSION': 'ubuntu', 'ROS_PYTHON_VERSION': '3', 'GNOME_SHELL_SESSION_MODE': 'ubuntu', 'GTK_MODULES': 'gail:atk-bridge', 'SYSTEMD_EXEC_PID': '13162', 'GSM_SKIP_SSH_AGENT_WORKAROUND': 'true', 'DBUS_SESSION_BUS_ADDRESS': 'unix:path=/run/user/2001/bus', 'COLORTERM': 'truecolor', 'DEBUGINFOD_URLS': 'https://debuginfod.ubuntu.com', 'IM_CONFIG_PHASE': '1', 'COLCON_PREFIX_PATH': '/home/sejong/Desktop/SH_ws/install', 'ROS_DISTRO': 'jazzy', 'LOGNAME': 'sejong', '_': '/usr/bin/colcon', 'ROS_VERSION': '2', 'PKG_CONFIG_PATH': '/home/sejong/Desktop/SH_ws/install/ros2_interfaces/lib/aarch64-linux-gnu/pkgconfig:/home/sejong/Desktop/SH_ws/install/ros2_interfaces/lib/pkgconfig', 'XDG_SESSION_CLASS': 'user', 'USERNAME': 'sejong', 'TERM': 'xterm-256color', 'GNOME_DESKTOP_SESSION_ID': 'this-is-deprecated', 'WINDOWPATH': '2', 'PATH': '/home/sejong/.local/bin:/opt/ros/jazzy/opt/gz_tools_vendor/bin:/opt/ros/jazzy/bin:/usr/local/cuda-13.2/bin:/home/sejong/.local/bin:/usr/local/sbin:/usr/local/bin:/usr/sbin:/usr/bin:/sbin:/bin:/usr/games:/usr/local/games:/snap/bin:/snap/bin', 'SESSION_MANAGER': 'local/localhost.localdomain:@/tmp/.ICE-unix/13131,unix/localhost.localdomain:/tmp/.ICE-unix/13131', 'XDG_MENU_PREFIX': 'gnome-', 'GNOME_TERMINAL_SCREEN': '/org/gnome/Terminal/screen/92d96b46_1f1e_4837_9845_b22a7e0410af', 'XDG_RUNTIME_DIR': '/run/user/2001', 'DISPLAY': ':1', 'LANG': 'en_US.UTF-8', 'XDG_CURRENT_DESKTOP': 'ubuntu:GNOME', 'XMODIFIERS': '@im=ibus', 'XDG_SESSION_DESKTOP': 'ubuntu', 'XAUTHORITY': '/run/user/2001/gdm/Xauthority', 'LS_COLORS': 'rs=0:di=01;34:ln=01;36:mh=00:pi=40;33:so=01;35:do=01;35:bd=40;33;01:cd=40;33;01:or=40;31;01:mi=00:su=37;41:sg=30;43:ca=00:tw=30;42:ow=34;42:st=37;44:ex=01;32:*.tar=01;31:*.tgz=01;31:*.arc=01;31:*.arj=01;31:*.taz=01;31:*.lha=01;31:*.lz4=01;31:*.lzh=01;31:*.lzma=01;31:*.tlz=01;31:*.txz=01;31:*.tzo=01;31:*.t7z=01;31:*.zip=01;31:*.z=01;31:*.dz=01;31:*.gz=01;31:*.lrz=01;31:*.lz=01;31:*.lzo=01;31:*.xz=01;31:*.zst=01;31:*.tzst=01;31:*.bz2=01;31:*.bz=01;31:*.tbz=01;31:*.tbz2=01;31:*.tz=01;31:*.deb=01;31:*.rpm=01;31:*.jar=01;31:*.war=01;31:*.ear=01;31:*.sar=01;31:*.rar=01;31:*.alz=01;31:*.ace=01;31:*.zoo=01;31:*.cpio=01;31:*.7z=01;31:*.rz=01;31:*.cab=01;31:*.wim=01;31:*.swm=01;31:*.dwm=01;31:*.esd=01;31:*.avif=01;35:*.jpg=01;35:*.jpeg=01;35:*.mjpg=01;35:*.mjpeg=01;35:*.gif=01;35:*.bmp=01;35:*.pbm=01;35:*.pgm=01;35:*.ppm=01;35:*.tga=01;35:*.xbm=01;35:*.xpm=01;35:*.tif=01;35:*.tiff=01;35:*.png=01;35:*.svg=01;35:*.svgz=01;35:*.mng=01;35:*.pcx=01;35:*.mov=01;35:*.mpg=01;35:*.mpeg=01;35:*.m2v=01;35:*.mkv=01;35:*.webm=01;35:*.webp=01;35:*.ogm=01;35:*.mp4=01;35:*.m4v=01;35:*.mp4v=01;35:*.vob=01;35:*.qt=01;35:*.nuv=01;35:*.wmv=01;35:*.asf=01;35:*.rm=01;35:*.rmvb=01;35:*.flc=01;35:*.avi=01;35:*.fli=01;35:*.flv=01;35:*.gl=01;35:*.dl=01;35:*.xcf=01;35:*.xwd=01;35:*.yuv=01;35:*.cgm=01;35:*.emf=01;35:*.ogv=01;35:*.ogx=01;35:*.aac=00;36:*.au=00;36:*.flac=00;36:*.m4a=00;36:*.mid=00;36:*.midi=00;36:*.mka=00;36:*.mp3=00;36:*.mpc=00;36:*.ogg=00;36:*.ra=00;36:*.wav=00;36:*.oga=00;36:*.opus=00;36:*.spx=00;36:*.xspf=00;36:*~=00;90:*#=00;90:*.bak=00;90:*.crdownload=00;90:*.dpkg-dist=00;90:*.dpkg-new=00;90:*.dpkg-old=00;90:*.dpkg-tmp=00;90:*.old=00;90:*.orig=00;90:*.part=00;90:*.rej=00;90:*.rpmnew=00;90:*.rpmorig=00;90:*.rpmsave=00;90:*.swp=00;90:*.tmp=00;90:*.ucf-dist=00;90:*.ucf-new=00;90:*.ucf-old=00;90:', 'GNOME_TERMINAL_SERVICE': ':1.104', 'SSH_AUTH_SOCK': '/run/user/2001/keyring/ssh', 'AMENT_PREFIX_PATH': '/home/sejong/Desktop/SH_ws/install/sh_motion_demo:/home/sejong/Desktop/SH_ws/install/sh_motion_cpp:/home/sejong/Desktop/SH_ws/install/SH_moveit_head_config:/home/sejong/Desktop/SH_ws/install/SH_moveit_demo_config:/home/sejong/Desktop/SH_ws/install/SH_moveit_config:/home/sejong/Desktop/SH_ws/install/SH_Humanoid_description:/opt/ros/jazzy', 'SHELL': '/bin/bash', 'QT_ACCESSIBILITY': '1', 'GDMSESSION': 'ubuntu', 'LESSCLOSE': '/usr/bin/lesspipe %s %s', 'GPG_AGENT_INFO': '/run/user/2001/gnupg/S.gpg-agent:0:1', 'ROS_AUTOMATIC_DISCOVERY_RANGE': 'SUBNET', 'QT_IM_MODULE': 'ibus', 'PWD': '/home/sejong/Desktop/SH_ws/build/sh_motion_cpp', 'XDG_CONFIG_DIRS': '/etc/xdg/xdg-ubuntu:/etc/xdg', 'XDG_DATA_DIRS': '/usr/share/ubuntu:/usr/share/gnome:/usr/local/share/:/usr/share/:/var/lib/snapd/desktop', 'PYTHONPATH': '/home/sejong/Desktop/SH_ws/install/ros2_interfaces/lib/python3.12/site-packages:/home/sejong/Desktop/SH_ws/install/sh_motion_demo/lib/python3.12/site-packages:/home/sejong/Desktop/SH_ws/install/SH_Humanoid_description/lib/python3.12/site-packages:/opt/ros/jazzy/lib/python3.12/site-packages', 'COLCON': '1', 'VTE_VERSION': '7600', 'CMAKE_PREFIX_PATH': '/home/sejong/Desktop/SH_ws/install/sh_motion_demo:/home/sejong/Desktop/SH_ws/install/SH_Humanoid_description:/opt/ros/jazzy:/home/sejong/Desktop/SH_ws/install/ros2_interfaces:/home/sejong/Desktop/SH_ws/install/sh_motion_cpp:/home/sejong/Desktop/SH_ws/install/SH_moveit_head_config:/home/sejong/Desktop/SH_ws/install/SH_moveit_demo_config:/home/sejong/Desktop/SH_ws/install/SH_moveit_config:/opt/ros/jazzy/opt/sdformat_vendor:/opt/ros/jazzy/opt/gz_math_vendor:/opt/ros/jazzy/opt/gz_utils_vendor:/opt/ros/jazzy/opt/gz_tools_vendor:/opt/ros/jazzy/opt/gz_cmake_vendor'}), 'shell': False}
[0.792464] (sh_motion_cpp) StdoutLine: {'line': b'[ 16%] \x1b[32mBuilding CXX object CMakeFiles/trajectory_bridge_node.dir/src/trajectory_bridge_node.cpp.o\x1b[0m\n'}
[0.792794] (sh_motion_cpp) StdoutLine: {'line': b'[ 50%] Built target joint_state_bridge\n'}
[0.797107] (sh_motion_cpp) StdoutLine: {'line': b'[ 83%] Built target wave\n'}
[0.801206] (-) TimerEvent: {}
[0.848647] (sh_motion_demo) Command: {'cmd': ['/usr/bin/python3', '-W', 'ignore:setup.py install is deprecated', '-W', 'ignore:easy_install command is deprecated', 'setup.py', 'egg_info', '--egg-base', '../../build/sh_motion_demo', 'build', '--build-base', '/home/sejong/Desktop/SH_ws/build/sh_motion_demo/build', 'install', '--record', '/home/sejong/Desktop/SH_ws/build/sh_motion_demo/install.log', '--single-version-externally-managed', 'install_data'], 'cwd': '/home/sejong/Desktop/SH_ws/src/sh_motion_demo', 'env': {'LESSOPEN': '| /usr/bin/lesspipe %s', 'USER': 'sejong', 'GZ_CONFIG_PATH': '/opt/ros/jazzy/opt/sdformat_vendor/share/gz', 'ROS_PACKAGE_PATH': '/home/sejong/Desktop/SH_ws/install/ros2_interfaces/share', 'XDG_SESSION_TYPE': 'x11', 'CLUTTER_DISABLE_MIPMAPPED_TEXT': '1', 'SHLVL': '1', 'LD_LIBRARY_PATH': '/home/sejong/Desktop/SH_ws/install/ros2_interfaces/lib:/opt/ros/jazzy/opt/sdformat_vendor/lib:/opt/ros/jazzy/opt/rviz_ogre_vendor/lib:/opt/ros/jazzy/lib/aarch64-linux-gnu:/opt/ros/jazzy/opt/gz_math_vendor/lib:/opt/ros/jazzy/opt/gz_utils_vendor/lib:/opt/ros/jazzy/opt/gz_tools_vendor/lib:/opt/ros/jazzy/opt/gz_cmake_vendor/lib:/opt/ros/jazzy/lib:/usr/local/cuda-13.2/lib64:', 'HOME': '/home/sejong', 'OLDPWD': '/home/sejong', 'DESKTOP_SESSION': 'ubuntu', 'ROS_PYTHON_VERSION': '3', 'GNOME_SHELL_SESSION_MODE': 'ubuntu', 'GTK_MODULES': 'gail:atk-bridge', 'SYSTEMD_EXEC_PID': '13162', 'GSM_SKIP_SSH_AGENT_WORKAROUND': 'true', 'DBUS_SESSION_BUS_ADDRESS': 'unix:path=/run/user/2001/bus', 'COLORTERM': 'truecolor', 'DEBUGINFOD_URLS': 'https://debuginfod.ubuntu.com', 'IM_CONFIG_PHASE': '1', 'COLCON_PREFIX_PATH': '/home/sejong/Desktop/SH_ws/install', 'ROS_DISTRO': 'jazzy', 'LOGNAME': 'sejong', '_': '/usr/bin/colcon', 'ROS_VERSION': '2', 'PKG_CONFIG_PATH': '/home/sejong/Desktop/SH_ws/install/ros2_interfaces/lib/aarch64-linux-gnu/pkgconfig:/home/sejong/Desktop/SH_ws/install/ros2_interfaces/lib/pkgconfig', 'XDG_SESSION_CLASS': 'user', 'USERNAME': 'sejong', 'TERM': 'xterm-256color', 'GNOME_DESKTOP_SESSION_ID': 'this-is-deprecated', 'WINDOWPATH': '2', 'PATH': '/home/sejong/.local/bin:/opt/ros/jazzy/opt/gz_tools_vendor/bin:/opt/ros/jazzy/bin:/usr/local/cuda-13.2/bin:/home/sejong/.local/bin:/usr/local/sbin:/usr/local/bin:/usr/sbin:/usr/bin:/sbin:/bin:/usr/games:/usr/local/games:/snap/bin:/snap/bin', 'SESSION_MANAGER': 'local/localhost.localdomain:@/tmp/.ICE-unix/13131,unix/localhost.localdomain:/tmp/.ICE-unix/13131', 'XDG_MENU_PREFIX': 'gnome-', 'GNOME_TERMINAL_SCREEN': '/org/gnome/Terminal/screen/92d96b46_1f1e_4837_9845_b22a7e0410af', 'XDG_RUNTIME_DIR': '/run/user/2001', 'DISPLAY': ':1', 'LANG': 'en_US.UTF-8', 'XDG_CURRENT_DESKTOP': 'ubuntu:GNOME', 'XMODIFIERS': '@im=ibus', 'XDG_SESSION_DESKTOP': 'ubuntu', 'XAUTHORITY': '/run/user/2001/gdm/Xauthority', 'LS_COLORS': 'rs=0:di=01;34:ln=01;36:mh=00:pi=40;33:so=01;35:do=01;35:bd=40;33;01:cd=40;33;01:or=40;31;01:mi=00:su=37;41:sg=30;43:ca=00:tw=30;42:ow=34;42:st=37;44:ex=01;32:*.tar=01;31:*.tgz=01;31:*.arc=01;31:*.arj=01;31:*.taz=01;31:*.lha=01;31:*.lz4=01;31:*.lzh=01;31:*.lzma=01;31:*.tlz=01;31:*.txz=01;31:*.tzo=01;31:*.t7z=01;31:*.zip=01;31:*.z=01;31:*.dz=01;31:*.gz=01;31:*.lrz=01;31:*.lz=01;31:*.lzo=01;31:*.xz=01;31:*.zst=01;31:*.tzst=01;31:*.bz2=01;31:*.bz=01;31:*.tbz=01;31:*.tbz2=01;31:*.tz=01;31:*.deb=01;31:*.rpm=01;31:*.jar=01;31:*.war=01;31:*.ear=01;31:*.sar=01;31:*.rar=01;31:*.alz=01;31:*.ace=01;31:*.zoo=01;31:*.cpio=01;31:*.7z=01;31:*.rz=01;31:*.cab=01;31:*.wim=01;31:*.swm=01;31:*.dwm=01;31:*.esd=01;31:*.avif=01;35:*.jpg=01;35:*.jpeg=01;35:*.mjpg=01;35:*.mjpeg=01;35:*.gif=01;35:*.bmp=01;35:*.pbm=01;35:*.pgm=01;35:*.ppm=01;35:*.tga=01;35:*.xbm=01;35:*.xpm=01;35:*.tif=01;35:*.tiff=01;35:*.png=01;35:*.svg=01;35:*.svgz=01;35:*.mng=01;35:*.pcx=01;35:*.mov=01;35:*.mpg=01;35:*.mpeg=01;35:*.m2v=01;35:*.mkv=01;35:*.webm=01;35:*.webp=01;35:*.ogm=01;35:*.mp4=01;35:*.m4v=01;35:*.mp4v=01;35:*.vob=01;35:*.qt=01;35:*.nuv=01;35:*.wmv=01;35:*.asf=01;35:*.rm=01;35:*.rmvb=01;35:*.flc=01;35:*.avi=01;35:*.fli=01;35:*.flv=01;35:*.gl=01;35:*.dl=01;35:*.xcf=01;35:*.xwd=01;35:*.yuv=01;35:*.cgm=01;35:*.emf=01;35:*.ogv=01;35:*.ogx=01;35:*.aac=00;36:*.au=00;36:*.flac=00;36:*.m4a=00;36:*.mid=00;36:*.midi=00;36:*.mka=00;36:*.mp3=00;36:*.mpc=00;36:*.ogg=00;36:*.ra=00;36:*.wav=00;36:*.oga=00;36:*.opus=00;36:*.spx=00;36:*.xspf=00;36:*~=00;90:*#=00;90:*.bak=00;90:*.crdownload=00;90:*.dpkg-dist=00;90:*.dpkg-new=00;90:*.dpkg-old=00;90:*.dpkg-tmp=00;90:*.old=00;90:*.orig=00;90:*.part=00;90:*.rej=00;90:*.rpmnew=00;90:*.rpmorig=00;90:*.rpmsave=00;90:*.swp=00;90:*.tmp=00;90:*.ucf-dist=00;90:*.ucf-new=00;90:*.ucf-old=00;90:', 'GNOME_TERMINAL_SERVICE': ':1.104', 'SSH_AUTH_SOCK': '/run/user/2001/keyring/ssh', 'AMENT_PREFIX_PATH': '/home/sejong/Desktop/SH_ws/install/sh_motion_demo:/home/sejong/Desktop/SH_ws/install/sh_motion_cpp:/home/sejong/Desktop/SH_ws/install/SH_moveit_head_config:/home/sejong/Desktop/SH_ws/install/SH_moveit_demo_config:/home/sejong/Desktop/SH_ws/install/SH_moveit_config:/home/sejong/Desktop/SH_ws/install/SH_Humanoid_description:/opt/ros/jazzy', 'SHELL': '/bin/bash', 'QT_ACCESSIBILITY': '1', 'GDMSESSION': 'ubuntu', 'LESSCLOSE': '/usr/bin/lesspipe %s %s', 'GPG_AGENT_INFO': '/run/user/2001/gnupg/S.gpg-agent:0:1', 'ROS_AUTOMATIC_DISCOVERY_RANGE': 'SUBNET', 'QT_IM_MODULE': 'ibus', 'PWD': '/home/sejong/Desktop/SH_ws/build/sh_motion_demo', 'XDG_CONFIG_DIRS': '/etc/xdg/xdg-ubuntu:/etc/xdg', 'XDG_DATA_DIRS': '/usr/share/ubuntu:/usr/share/gnome:/usr/local/share/:/usr/share/:/var/lib/snapd/desktop', 'PYTHONPATH': '/home/sejong/Desktop/SH_ws/build/sh_motion_demo/prefix_override:/usr/lib/python3/dist-packages/colcon_core/task/python/colcon_distutils_commands:/home/sejong/Desktop/SH_ws/install/sh_motion_demo/lib/python3.12/site-packages:/home/sejong/Desktop/SH_ws/install/sh_motion_demo/lib/python3.12/site-packages:/home/sejong/Desktop/SH_ws/install/ros2_interfaces/lib/python3.12/site-packages:/home/sejong/Desktop/SH_ws/install/SH_Humanoid_description/lib/python3.12/site-packages:/opt/ros/jazzy/lib/python3.12/site-packages', 'COLCON': '1', 'VTE_VERSION': '7600', 'CMAKE_PREFIX_PATH': '/home/sejong/Desktop/SH_ws/install/sh_motion_cpp:/home/sejong/Desktop/SH_ws/install/ros2_interfaces:/home/sejong/Desktop/SH_ws/install/SH_moveit_head_config:/home/sejong/Desktop/SH_ws/install/SH_moveit_demo_config:/home/sejong/Desktop/SH_ws/install/SH_moveit_config:/opt/ros/jazzy/opt/sdformat_vendor:/opt/ros/jazzy/opt/gz_math_vendor:/opt/ros/jazzy/opt/gz_utils_vendor:/opt/ros/jazzy/opt/gz_tools_vendor:/opt/ros/jazzy/opt/gz_cmake_vendor'}, 'shell': False}
[0.852925] (SH_Humanoid_description) Command: {'cmd': ['/usr/bin/python3', '-W', 'ignore:setup.py install is deprecated', '-W', 'ignore:easy_install command is deprecated', 'setup.py', 'egg_info', '--egg-base', '../../build/SH_Humanoid_description', 'build', '--build-base', '/home/sejong/Desktop/SH_ws/build/SH_Humanoid_description/build', 'install', '--record', '/home/sejong/Desktop/SH_ws/build/SH_Humanoid_description/install.log', '--install-scripts', '$base/lib/SH_Humanoid_description', '--single-version-externally-managed', 'install_data'], 'cwd': '/home/sejong/Desktop/SH_ws/src/SH_Humanoid_description', 'env': {'LESSOPEN': '| /usr/bin/lesspipe %s', 'USER': 'sejong', 'GZ_CONFIG_PATH': '/opt/ros/jazzy/opt/sdformat_vendor/share/gz', 'ROS_PACKAGE_PATH': '/home/sejong/Desktop/SH_ws/install/ros2_interfaces/share', 'XDG_SESSION_TYPE': 'x11', 'CLUTTER_DISABLE_MIPMAPPED_TEXT': '1', 'SHLVL': '1', 'LD_LIBRARY_PATH': '/home/sejong/Desktop/SH_ws/install/ros2_interfaces/lib:/opt/ros/jazzy/opt/sdformat_vendor/lib:/opt/ros/jazzy/opt/rviz_ogre_vendor/lib:/opt/ros/jazzy/lib/aarch64-linux-gnu:/opt/ros/jazzy/opt/gz_math_vendor/lib:/opt/ros/jazzy/opt/gz_utils_vendor/lib:/opt/ros/jazzy/opt/gz_tools_vendor/lib:/opt/ros/jazzy/opt/gz_cmake_vendor/lib:/opt/ros/jazzy/lib:/usr/local/cuda-13.2/lib64:', 'HOME': '/home/sejong', 'OLDPWD': '/home/sejong', 'DESKTOP_SESSION': 'ubuntu', 'ROS_PYTHON_VERSION': '3', 'GNOME_SHELL_SESSION_MODE': 'ubuntu', 'GTK_MODULES': 'gail:atk-bridge', 'SYSTEMD_EXEC_PID': '13162', 'GSM_SKIP_SSH_AGENT_WORKAROUND': 'true', 'DBUS_SESSION_BUS_ADDRESS': 'unix:path=/run/user/2001/bus', 'COLORTERM': 'truecolor', 'DEBUGINFOD_URLS': 'https://debuginfod.ubuntu.com', 'IM_CONFIG_PHASE': '1', 'COLCON_PREFIX_PATH': '/home/sejong/Desktop/SH_ws/install', 'ROS_DISTRO': 'jazzy', 'LOGNAME': 'sejong', '_': '/usr/bin/colcon', 'ROS_VERSION': '2', 'PKG_CONFIG_PATH': '/home/sejong/Desktop/SH_ws/install/ros2_interfaces/lib/aarch64-linux-gnu/pkgconfig:/home/sejong/Desktop/SH_ws/install/ros2_interfaces/lib/pkgconfig', 'XDG_SESSION_CLASS': 'user', 'USERNAME': 'sejong', 'TERM': 'xterm-256color', 'GNOME_DESKTOP_SESSION_ID': 'this-is-deprecated', 'WINDOWPATH': '2', 'PATH': '/home/sejong/.local/bin:/opt/ros/jazzy/opt/gz_tools_vendor/bin:/opt/ros/jazzy/bin:/usr/local/cuda-13.2/bin:/home/sejong/.local/bin:/usr/local/sbin:/usr/local/bin:/usr/sbin:/usr/bin:/sbin:/bin:/usr/games:/usr/local/games:/snap/bin:/snap/bin', 'SESSION_MANAGER': 'local/localhost.localdomain:@/tmp/.ICE-unix/13131,unix/localhost.localdomain:/tmp/.ICE-unix/13131', 'XDG_MENU_PREFIX': 'gnome-', 'GNOME_TERMINAL_SCREEN': '/org/gnome/Terminal/screen/92d96b46_1f1e_4837_9845_b22a7e0410af', 'XDG_RUNTIME_DIR': '/run/user/2001', 'DISPLAY': ':1', 'LANG': 'en_US.UTF-8', 'XDG_CURRENT_DESKTOP': 'ubuntu:GNOME', 'XMODIFIERS': '@im=ibus', 'XDG_SESSION_DESKTOP': 'ubuntu', 'XAUTHORITY': '/run/user/2001/gdm/Xauthority', 'LS_COLORS': 'rs=0:di=01;34:ln=01;36:mh=00:pi=40;33:so=01;35:do=01;35:bd=40;33;01:cd=40;33;01:or=40;31;01:mi=00:su=37;41:sg=30;43:ca=00:tw=30;42:ow=34;42:st=37;44:ex=01;32:*.tar=01;31:*.tgz=01;31:*.arc=01;31:*.arj=01;31:*.taz=01;31:*.lha=01;31:*.lz4=01;31:*.lzh=01;31:*.lzma=01;31:*.tlz=01;31:*.txz=01;31:*.tzo=01;31:*.t7z=01;31:*.zip=01;31:*.z=01;31:*.dz=01;31:*.gz=01;31:*.lrz=01;31:*.lz=01;31:*.lzo=01;31:*.xz=01;31:*.zst=01;31:*.tzst=01;31:*.bz2=01;31:*.bz=01;31:*.tbz=01;31:*.tbz2=01;31:*.tz=01;31:*.deb=01;31:*.rpm=01;31:*.jar=01;31:*.war=01;31:*.ear=01;31:*.sar=01;31:*.rar=01;31:*.alz=01;31:*.ace=01;31:*.zoo=01;31:*.cpio=01;31:*.7z=01;31:*.rz=01;31:*.cab=01;31:*.wim=01;31:*.swm=01;31:*.dwm=01;31:*.esd=01;31:*.avif=01;35:*.jpg=01;35:*.jpeg=01;35:*.mjpg=01;35:*.mjpeg=01;35:*.gif=01;35:*.bmp=01;35:*.pbm=01;35:*.pgm=01;35:*.ppm=01;35:*.tga=01;35:*.xbm=01;35:*.xpm=01;35:*.tif=01;35:*.tiff=01;35:*.png=01;35:*.svg=01;35:*.svgz=01;35:*.mng=01;35:*.pcx=01;35:*.mov=01;35:*.mpg=01;35:*.mpeg=01;35:*.m2v=01;35:*.mkv=01;35:*.webm=01;35:*.webp=01;35:*.ogm=01;35:*.mp4=01;35:*.m4v=01;35:*.mp4v=01;35:*.vob=01;35:*.qt=01;35:*.nuv=01;35:*.wmv=01;35:*.asf=01;35:*.rm=01;35:*.rmvb=01;35:*.flc=01;35:*.avi=01;35:*.fli=01;35:*.flv=01;35:*.gl=01;35:*.dl=01;35:*.xcf=01;35:*.xwd=01;35:*.yuv=01;35:*.cgm=01;35:*.emf=01;35:*.ogv=01;35:*.ogx=01;35:*.aac=00;36:*.au=00;36:*.flac=00;36:*.m4a=00;36:*.mid=00;36:*.midi=00;36:*.mka=00;36:*.mp3=00;36:*.mpc=00;36:*.ogg=00;36:*.ra=00;36:*.wav=00;36:*.oga=00;36:*.opus=00;36:*.spx=00;36:*.xspf=00;36:*~=00;90:*#=00;90:*.bak=00;90:*.crdownload=00;90:*.dpkg-dist=00;90:*.dpkg-new=00;90:*.dpkg-old=00;90:*.dpkg-tmp=00;90:*.old=00;90:*.orig=00;90:*.part=00;90:*.rej=00;90:*.rpmnew=00;90:*.rpmorig=00;90:*.rpmsave=00;90:*.swp=00;90:*.tmp=00;90:*.ucf-dist=00;90:*.ucf-new=00;90:*.ucf-old=00;90:', 'GNOME_TERMINAL_SERVICE': ':1.104', 'SSH_AUTH_SOCK': '/run/user/2001/keyring/ssh', 'AMENT_PREFIX_PATH': '/home/sejong/Desktop/SH_ws/install/sh_motion_demo:/home/sejong/Desktop/SH_ws/install/sh_motion_cpp:/home/sejong/Desktop/SH_ws/install/SH_moveit_head_config:/home/sejong/Desktop/SH_ws/install/SH_moveit_demo_config:/home/sejong/Desktop/SH_ws/install/SH_moveit_config:/home/sejong/Desktop/SH_ws/install/SH_Humanoid_description:/opt/ros/jazzy', 'SHELL': '/bin/bash', 'QT_ACCESSIBILITY': '1', 'GDMSESSION': 'ubuntu', 'LESSCLOSE': '/usr/bin/lesspipe %s %s', 'GPG_AGENT_INFO': '/run/user/2001/gnupg/S.gpg-agent:0:1', 'ROS_AUTOMATIC_DISCOVERY_RANGE': 'SUBNET', 'QT_IM_MODULE': 'ibus', 'PWD': '/home/sejong/Desktop/SH_ws/build/SH_Humanoid_description', 'XDG_CONFIG_DIRS': '/etc/xdg/xdg-ubuntu:/etc/xdg', 'XDG_DATA_DIRS': '/usr/share/ubuntu:/usr/share/gnome:/usr/local/share/:/usr/share/:/var/lib/snapd/desktop', 'PYTHONPATH': '/home/sejong/Desktop/SH_ws/build/SH_Humanoid_description/prefix_override:/usr/lib/python3/dist-packages/colcon_core/task/python/colcon_distutils_commands:/home/sejong/Desktop/SH_ws/install/SH_Humanoid_description/lib/python3.12/site-packages:/home/sejong/Desktop/SH_ws/install/sh_motion_demo/lib/python3.12/site-packages:/home/sejong/Desktop/SH_ws/install/ros2_interfaces/lib/python3.12/site-packages:/home/sejong/Desktop/SH_ws/install/SH_Humanoid_description/lib/python3.12/site-packages:/opt/ros/jazzy/lib/python3.12/site-packages', 'COLCON': '1', 'VTE_VERSION': '7600', 'CMAKE_PREFIX_PATH': '/home/sejong/Desktop/SH_ws/install/sh_motion_cpp:/home/sejong/Desktop/SH_ws/install/ros2_interfaces:/home/sejong/Desktop/SH_ws/install/SH_moveit_head_config:/home/sejong/Desktop/SH_ws/install/SH_moveit_demo_config:/home/sejong/Desktop/SH_ws/install/SH_moveit_config:/opt/ros/jazzy/opt/sdformat_vendor:/opt/ros/jazzy/opt/gz_math_vendor:/opt/ros/jazzy/opt/gz_utils_vendor:/opt/ros/jazzy/opt/gz_tools_vendor:/opt/ros/jazzy/opt/gz_cmake_vendor'}, 'shell': False}
[0.901280] (-) TimerEvent: {}
[0.956662] (SH_Humanoid_description) StderrLine: {'line': b'/usr/lib/python3/dist-packages/setuptools/dist.py:744: SetuptoolsDeprecationWarning: Invalid dash-separated options\n'}
[0.957367] (SH_Humanoid_description) StderrLine: {'line': b'!!\n'}
[0.957447] (SH_Humanoid_description) StderrLine: {'line': b'\n'}
[0.957505] (SH_Humanoid_description) StderrLine: {'line': b'        ********************************************************************************\n'}
[0.957556] (SH_Humanoid_description) StderrLine: {'line': b"        Usage of dash-separated 'script-dir' will not be supported in future\n"}
[0.957606] (SH_Humanoid_description) StderrLine: {'line': b"        versions. Please use the underscore name 'script_dir' instead.\n"}
[0.957655] (SH_Humanoid_description) StderrLine: {'line': b'\n'}
[0.957703] (SH_Humanoid_description) StderrLine: {'line': b'        This deprecation is overdue, please update your project and remove deprecated\n'}
[0.957750] (SH_Humanoid_description) StderrLine: {'line': b'        calls to avoid build errors in the future.\n'}
[0.957799] (SH_Humanoid_description) StderrLine: {'line': b'\n'}
[0.957846] (SH_Humanoid_description) StderrLine: {'line': b'        See https://setuptools.pypa.io/en/latest/userguide/declarative_config.html for details.\n'}
[0.957893] (SH_Humanoid_description) StderrLine: {'line': b'        ********************************************************************************\n'}
[0.957940] (SH_Humanoid_description) StderrLine: {'line': b'\n'}
[0.957987] (SH_Humanoid_description) StderrLine: {'line': b'!!\n'}
[0.958033] (SH_Humanoid_description) StderrLine: {'line': b'  opt = self.warn_dash_deprecation(opt, section)\n'}
[1.001341] (-) TimerEvent: {}
[1.036684] (sh_motion_demo) StdoutLine: {'line': b'running egg_info\n'}
[1.038318] (SH_Humanoid_description) StdoutLine: {'line': b'running egg_info\n'}
[1.047931] (sh_motion_demo) StdoutLine: {'line': b'writing ../../build/sh_motion_demo/sh_motion_demo.egg-info/PKG-INFO\n'}
[1.048168] (sh_motion_demo) StdoutLine: {'line': b'writing dependency_links to ../../build/sh_motion_demo/sh_motion_demo.egg-info/dependency_links.txt\n'}
[1.048289] (sh_motion_demo) StdoutLine: {'line': b'writing entry points to ../../build/sh_motion_demo/sh_motion_demo.egg-info/entry_points.txt\n'}
[1.048440] (sh_motion_demo) StdoutLine: {'line': b'writing requirements to ../../build/sh_motion_demo/sh_motion_demo.egg-info/requires.txt\n'}
[1.048552] (sh_motion_demo) StdoutLine: {'line': b'writing top-level names to ../../build/sh_motion_demo/sh_motion_demo.egg-info/top_level.txt\n'}
[1.049203] (SH_Humanoid_description) StdoutLine: {'line': b'writing ../../build/SH_Humanoid_description/SH_Humanoid_description.egg-info/PKG-INFO\n'}
[1.049454] (SH_Humanoid_description) StdoutLine: {'line': b'writing dependency_links to ../../build/SH_Humanoid_description/SH_Humanoid_description.egg-info/dependency_links.txt\n'}
[1.049762] (SH_Humanoid_description) StdoutLine: {'line': b'writing requirements to ../../build/SH_Humanoid_description/SH_Humanoid_description.egg-info/requires.txt\n'}
[1.049816] (SH_Humanoid_description) StdoutLine: {'line': b'writing top-level names to ../../build/SH_Humanoid_description/SH_Humanoid_description.egg-info/top_level.txt\n'}
[1.071993] (sh_motion_demo) StdoutLine: {'line': b"reading manifest file '../../build/sh_motion_demo/sh_motion_demo.egg-info/SOURCES.txt'\n"}
[1.072634] (sh_motion_demo) StdoutLine: {'line': b"writing manifest file '../../build/sh_motion_demo/sh_motion_demo.egg-info/SOURCES.txt'\n"}
[1.072812] (sh_motion_demo) StdoutLine: {'line': b'running build\n'}
[1.072873] (sh_motion_demo) StdoutLine: {'line': b'running build_py\n'}
[1.073106] (sh_motion_demo) StdoutLine: {'line': b'running install\n'}
[1.073471] (SH_Humanoid_description) StdoutLine: {'line': b"reading manifest file '../../build/SH_Humanoid_description/SH_Humanoid_description.egg-info/SOURCES.txt'\n"}
[1.075224] (SH_Humanoid_description) StdoutLine: {'line': b"writing manifest file '../../build/SH_Humanoid_description/SH_Humanoid_description.egg-info/SOURCES.txt'\n"}
[1.075474] (SH_Humanoid_description) StdoutLine: {'line': b'running build\n'}
[1.075528] (SH_Humanoid_description) StdoutLine: {'line': b'running build_py\n'}
[1.075743] (SH_Humanoid_description) StdoutLine: {'line': b'running install\n'}
[1.078178] (sh_motion_demo) StdoutLine: {'line': b'running install_lib\n'}
[1.080638] (SH_Humanoid_description) StdoutLine: {'line': b'running install_lib\n'}
[1.090043] (sh_motion_demo) StdoutLine: {'line': b'running install_data\n'}
[1.090140] (sh_motion_demo) StdoutLine: {'line': b'running install_egg_info\n'}
[1.092511] (SH_Humanoid_description) StdoutLine: {'line': b'running install_data\n'}
[1.094345] (SH_Humanoid_description) StdoutLine: {'line': b'running install_egg_info\n'}
[1.101405] (-) TimerEvent: {}
[1.102534] (sh_motion_demo) StdoutLine: {'line': b"removing '/home/sejong/Desktop/SH_ws/install/sh_motion_demo/lib/python3.12/site-packages/sh_motion_demo-0.0.0-py3.12.egg-info' (and everything under it)\n"}
[1.104655] (sh_motion_demo) StdoutLine: {'line': b'Copying ../../build/sh_motion_demo/sh_motion_demo.egg-info to /home/sejong/Desktop/SH_ws/install/sh_motion_demo/lib/python3.12/site-packages/sh_motion_demo-0.0.0-py3.12.egg-info\n'}
[1.104899] (sh_motion_demo) StdoutLine: {'line': b'running install_scripts\n'}
[1.114825] (SH_Humanoid_description) StdoutLine: {'line': b"removing '/home/sejong/Desktop/SH_ws/install/SH_Humanoid_description/lib/python3.12/site-packages/SH_Humanoid_description-0.0.0-py3.12.egg-info' (and everything under it)\n"}
[1.115077] (SH_Humanoid_description) StdoutLine: {'line': b'Copying ../../build/SH_Humanoid_description/SH_Humanoid_description.egg-info to /home/sejong/Desktop/SH_ws/install/SH_Humanoid_description/lib/python3.12/site-packages/SH_Humanoid_description-0.0.0-py3.12.egg-info\n'}
[1.115141] (SH_Humanoid_description) StdoutLine: {'line': b'running install_scripts\n'}
[1.196534] (SH_Humanoid_description) StdoutLine: {'line': b"writing list of installed files to '/home/sejong/Desktop/SH_ws/build/SH_Humanoid_description/install.log'\n"}
[1.199535] (sh_motion_demo) StdoutLine: {'line': b'Installing wave script to /home/sejong/Desktop/SH_ws/install/sh_motion_demo/lib/sh_motion_demo\n'}
[1.200031] (sh_motion_demo) StdoutLine: {'line': b"writing list of installed files to '/home/sejong/Desktop/SH_ws/build/sh_motion_demo/install.log'\n"}
[1.201470] (-) TimerEvent: {}
[1.231899] (SH_Humanoid_description) CommandEnded: {'returncode': 0}
[1.242815] (SH_Humanoid_description) JobEnded: {'identifier': 'SH_Humanoid_description', 'rc': 0}
[1.243257] (SH_moveit_config) JobStarted: {'identifier': 'SH_moveit_config'}
[1.259179] (SH_moveit_demo_config) JobStarted: {'identifier': 'SH_moveit_demo_config'}
[1.265655] (SH_moveit_head_config) JobStarted: {'identifier': 'SH_moveit_head_config'}
[1.275155] (sh_motion_demo) CommandEnded: {'returncode': 0}
[1.289748] (sh_motion_demo) JobEnded: {'identifier': 'sh_motion_demo', 'rc': 0}
[1.290537] (SH_moveit_config) JobProgress: {'identifier': 'SH_moveit_config', 'progress': 'cmake'}
[1.291137] (SH_moveit_config) JobProgress: {'identifier': 'SH_moveit_config', 'progress': 'build'}
[1.291519] (SH_moveit_config) Command: {'cmd': ['/usr/bin/cmake', '--build', '/home/sejong/Desktop/SH_ws/build/SH_moveit_config', '--', '-j14', '-l14'], 'cwd': '/home/sejong/Desktop/SH_ws/build/SH_moveit_config', 'env': OrderedDict({'LESSOPEN': '| /usr/bin/lesspipe %s', 'USER': 'sejong', 'GZ_CONFIG_PATH': '/opt/ros/jazzy/opt/sdformat_vendor/share/gz', 'ROS_PACKAGE_PATH': '/home/sejong/Desktop/SH_ws/install/ros2_interfaces/share', 'XDG_SESSION_TYPE': 'x11', 'CLUTTER_DISABLE_MIPMAPPED_TEXT': '1', 'SHLVL': '1', 'LD_LIBRARY_PATH': '/home/sejong/Desktop/SH_ws/install/ros2_interfaces/lib:/opt/ros/jazzy/opt/sdformat_vendor/lib:/opt/ros/jazzy/opt/rviz_ogre_vendor/lib:/opt/ros/jazzy/lib/aarch64-linux-gnu:/opt/ros/jazzy/opt/gz_math_vendor/lib:/opt/ros/jazzy/opt/gz_utils_vendor/lib:/opt/ros/jazzy/opt/gz_tools_vendor/lib:/opt/ros/jazzy/opt/gz_cmake_vendor/lib:/opt/ros/jazzy/lib:/usr/local/cuda-13.2/lib64:', 'HOME': '/home/sejong', 'OLDPWD': '/home/sejong', 'DESKTOP_SESSION': 'ubuntu', 'ROS_PYTHON_VERSION': '3', 'GNOME_SHELL_SESSION_MODE': 'ubuntu', 'GTK_MODULES': 'gail:atk-bridge', 'SYSTEMD_EXEC_PID': '13162', 'GSM_SKIP_SSH_AGENT_WORKAROUND': 'true', 'DBUS_SESSION_BUS_ADDRESS': 'unix:path=/run/user/2001/bus', 'COLORTERM': 'truecolor', 'DEBUGINFOD_URLS': 'https://debuginfod.ubuntu.com', 'IM_CONFIG_PHASE': '1', 'COLCON_PREFIX_PATH': '/home/sejong/Desktop/SH_ws/install', 'ROS_DISTRO': 'jazzy', 'LOGNAME': 'sejong', '_': '/usr/bin/colcon', 'ROS_VERSION': '2', 'PKG_CONFIG_PATH': '/home/sejong/Desktop/SH_ws/install/ros2_interfaces/lib/aarch64-linux-gnu/pkgconfig:/home/sejong/Desktop/SH_ws/install/ros2_interfaces/lib/pkgconfig', 'XDG_SESSION_CLASS': 'user', 'USERNAME': 'sejong', 'TERM': 'xterm-256color', 'GNOME_DESKTOP_SESSION_ID': 'this-is-deprecated', 'WINDOWPATH': '2', 'PATH': '/home/sejong/.local/bin:/opt/ros/jazzy/opt/gz_tools_vendor/bin:/opt/ros/jazzy/bin:/usr/local/cuda-13.2/bin:/home/sejong/.local/bin:/usr/local/sbin:/usr/local/bin:/usr/sbin:/usr/bin:/sbin:/bin:/usr/games:/usr/local/games:/snap/bin:/snap/bin', 'SESSION_MANAGER': 'local/localhost.localdomain:@/tmp/.ICE-unix/13131,unix/localhost.localdomain:/tmp/.ICE-unix/13131', 'XDG_MENU_PREFIX': 'gnome-', 'GNOME_TERMINAL_SCREEN': '/org/gnome/Terminal/screen/92d96b46_1f1e_4837_9845_b22a7e0410af', 'XDG_RUNTIME_DIR': '/run/user/2001', 'DISPLAY': ':1', 'LANG': 'en_US.UTF-8', 'XDG_CURRENT_DESKTOP': 'ubuntu:GNOME', 'XMODIFIERS': '@im=ibus', 'XDG_SESSION_DESKTOP': 'ubuntu', 'XAUTHORITY': '/run/user/2001/gdm/Xauthority', 'LS_COLORS': 'rs=0:di=01;34:ln=01;36:mh=00:pi=40;33:so=01;35:do=01;35:bd=40;33;01:cd=40;33;01:or=40;31;01:mi=00:su=37;41:sg=30;43:ca=00:tw=30;42:ow=34;42:st=37;44:ex=01;32:*.tar=01;31:*.tgz=01;31:*.arc=01;31:*.arj=01;31:*.taz=01;31:*.lha=01;31:*.lz4=01;31:*.lzh=01;31:*.lzma=01;31:*.tlz=01;31:*.txz=01;31:*.tzo=01;31:*.t7z=01;31:*.zip=01;31:*.z=01;31:*.dz=01;31:*.gz=01;31:*.lrz=01;31:*.lz=01;31:*.lzo=01;31:*.xz=01;31:*.zst=01;31:*.tzst=01;31:*.bz2=01;31:*.bz=01;31:*.tbz=01;31:*.tbz2=01;31:*.tz=01;31:*.deb=01;31:*.rpm=01;31:*.jar=01;31:*.war=01;31:*.ear=01;31:*.sar=01;31:*.rar=01;31:*.alz=01;31:*.ace=01;31:*.zoo=01;31:*.cpio=01;31:*.7z=01;31:*.rz=01;31:*.cab=01;31:*.wim=01;31:*.swm=01;31:*.dwm=01;31:*.esd=01;31:*.avif=01;35:*.jpg=01;35:*.jpeg=01;35:*.mjpg=01;35:*.mjpeg=01;35:*.gif=01;35:*.bmp=01;35:*.pbm=01;35:*.pgm=01;35:*.ppm=01;35:*.tga=01;35:*.xbm=01;35:*.xpm=01;35:*.tif=01;35:*.tiff=01;35:*.png=01;35:*.svg=01;35:*.svgz=01;35:*.mng=01;35:*.pcx=01;35:*.mov=01;35:*.mpg=01;35:*.mpeg=01;35:*.m2v=01;35:*.mkv=01;35:*.webm=01;35:*.webp=01;35:*.ogm=01;35:*.mp4=01;35:*.m4v=01;35:*.mp4v=01;35:*.vob=01;35:*.qt=01;35:*.nuv=01;35:*.wmv=01;35:*.asf=01;35:*.rm=01;35:*.rmvb=01;35:*.flc=01;35:*.avi=01;35:*.fli=01;35:*.flv=01;35:*.gl=01;35:*.dl=01;35:*.xcf=01;35:*.xwd=01;35:*.yuv=01;35:*.cgm=01;35:*.emf=01;35:*.ogv=01;35:*.ogx=01;35:*.aac=00;36:*.au=00;36:*.flac=00;36:*.m4a=00;36:*.mid=00;36:*.midi=00;36:*.mka=00;36:*.mp3=00;36:*.mpc=00;36:*.ogg=00;36:*.ra=00;36:*.wav=00;36:*.oga=00;36:*.opus=00;36:*.spx=00;36:*.xspf=00;36:*~=00;90:*#=00;90:*.bak=00;90:*.crdownload=00;90:*.dpkg-dist=00;90:*.dpkg-new=00;90:*.dpkg-old=00;90:*.dpkg-tmp=00;90:*.old=00;90:*.orig=00;90:*.part=00;90:*.rej=00;90:*.rpmnew=00;90:*.rpmorig=00;90:*.rpmsave=00;90:*.swp=00;90:*.tmp=00;90:*.ucf-dist=00;90:*.ucf-new=00;90:*.ucf-old=00;90:', 'GNOME_TERMINAL_SERVICE': ':1.104', 'SSH_AUTH_SOCK': '/run/user/2001/keyring/ssh', 'AMENT_PREFIX_PATH': '/home/sejong/Desktop/SH_ws/install/SH_Humanoid_description:/home/sejong/Desktop/SH_ws/install/sh_motion_demo:/home/sejong/Desktop/SH_ws/install/sh_motion_cpp:/home/sejong/Desktop/SH_ws/install/SH_moveit_head_config:/home/sejong/Desktop/SH_ws/install/SH_moveit_demo_config:/home/sejong/Desktop/SH_ws/install/SH_moveit_config:/opt/ros/jazzy', 'SHELL': '/bin/bash', 'QT_ACCESSIBILITY': '1', 'GDMSESSION': 'ubuntu', 'LESSCLOSE': '/usr/bin/lesspipe %s %s', 'GPG_AGENT_INFO': '/run/user/2001/gnupg/S.gpg-agent:0:1', 'ROS_AUTOMATIC_DISCOVERY_RANGE': 'SUBNET', 'QT_IM_MODULE': 'ibus', 'PWD': '/home/sejong/Desktop/SH_ws/build/SH_moveit_config', 'XDG_CONFIG_DIRS': '/etc/xdg/xdg-ubuntu:/etc/xdg', 'XDG_DATA_DIRS': '/usr/share/ubuntu:/usr/share/gnome:/usr/local/share/:/usr/share/:/var/lib/snapd/desktop', 'PYTHONPATH': '/home/sejong/Desktop/SH_ws/install/SH_Humanoid_description/lib/python3.12/site-packages:/home/sejong/Desktop/SH_ws/install/sh_motion_demo/lib/python3.12/site-packages:/home/sejong/Desktop/SH_ws/install/ros2_interfaces/lib/python3.12/site-packages:/opt/ros/jazzy/lib/python3.12/site-packages', 'COLCON': '1', 'VTE_VERSION': '7600', 'CMAKE_PREFIX_PATH': '/home/sejong/Desktop/SH_ws/install/sh_motion_cpp:/home/sejong/Desktop/SH_ws/install/sh_motion_demo:/home/sejong/Desktop/SH_ws/install/SH_Humanoid_description:/opt/ros/jazzy:/home/sejong/Desktop/SH_ws/install/ros2_interfaces:/home/sejong/Desktop/SH_ws/install/SH_moveit_head_config:/home/sejong/Desktop/SH_ws/install/SH_moveit_demo_config:/home/sejong/Desktop/SH_ws/install/SH_moveit_config:/opt/ros/jazzy/opt/sdformat_vendor:/opt/ros/jazzy/opt/gz_math_vendor:/opt/ros/jazzy/opt/gz_utils_vendor:/opt/ros/jazzy/opt/gz_tools_vendor:/opt/ros/jazzy/opt/gz_cmake_vendor'}), 'shell': False}
[1.292771] (SH_moveit_demo_config) JobProgress: {'identifier': 'SH_moveit_demo_config', 'progress': 'cmake'}
[1.293217] (SH_moveit_demo_config) JobProgress: {'identifier': 'SH_moveit_demo_config', 'progress': 'build'}
[1.293511] (SH_moveit_demo_config) Command: {'cmd': ['/usr/bin/cmake', '--build', '/home/sejong/Desktop/SH_ws/build/SH_moveit_demo_config', '--', '-j14', '-l14'], 'cwd': '/home/sejong/Desktop/SH_ws/build/SH_moveit_demo_config', 'env': OrderedDict({'LESSOPEN': '| /usr/bin/lesspipe %s', 'USER': 'sejong', 'GZ_CONFIG_PATH': '/opt/ros/jazzy/opt/sdformat_vendor/share/gz', 'ROS_PACKAGE_PATH': '/home/sejong/Desktop/SH_ws/install/ros2_interfaces/share', 'XDG_SESSION_TYPE': 'x11', 'CLUTTER_DISABLE_MIPMAPPED_TEXT': '1', 'SHLVL': '1', 'LD_LIBRARY_PATH': '/home/sejong/Desktop/SH_ws/install/ros2_interfaces/lib:/opt/ros/jazzy/opt/sdformat_vendor/lib:/opt/ros/jazzy/opt/rviz_ogre_vendor/lib:/opt/ros/jazzy/lib/aarch64-linux-gnu:/opt/ros/jazzy/opt/gz_math_vendor/lib:/opt/ros/jazzy/opt/gz_utils_vendor/lib:/opt/ros/jazzy/opt/gz_tools_vendor/lib:/opt/ros/jazzy/opt/gz_cmake_vendor/lib:/opt/ros/jazzy/lib:/usr/local/cuda-13.2/lib64:', 'HOME': '/home/sejong', 'OLDPWD': '/home/sejong', 'DESKTOP_SESSION': 'ubuntu', 'ROS_PYTHON_VERSION': '3', 'GNOME_SHELL_SESSION_MODE': 'ubuntu', 'GTK_MODULES': 'gail:atk-bridge', 'SYSTEMD_EXEC_PID': '13162', 'GSM_SKIP_SSH_AGENT_WORKAROUND': 'true', 'DBUS_SESSION_BUS_ADDRESS': 'unix:path=/run/user/2001/bus', 'COLORTERM': 'truecolor', 'DEBUGINFOD_URLS': 'https://debuginfod.ubuntu.com', 'IM_CONFIG_PHASE': '1', 'COLCON_PREFIX_PATH': '/home/sejong/Desktop/SH_ws/install', 'ROS_DISTRO': 'jazzy', 'LOGNAME': 'sejong', '_': '/usr/bin/colcon', 'ROS_VERSION': '2', 'PKG_CONFIG_PATH': '/home/sejong/Desktop/SH_ws/install/ros2_interfaces/lib/aarch64-linux-gnu/pkgconfig:/home/sejong/Desktop/SH_ws/install/ros2_interfaces/lib/pkgconfig', 'XDG_SESSION_CLASS': 'user', 'USERNAME': 'sejong', 'TERM': 'xterm-256color', 'GNOME_DESKTOP_SESSION_ID': 'this-is-deprecated', 'WINDOWPATH': '2', 'PATH': '/home/sejong/.local/bin:/opt/ros/jazzy/opt/gz_tools_vendor/bin:/opt/ros/jazzy/bin:/usr/local/cuda-13.2/bin:/home/sejong/.local/bin:/usr/local/sbin:/usr/local/bin:/usr/sbin:/usr/bin:/sbin:/bin:/usr/games:/usr/local/games:/snap/bin:/snap/bin', 'SESSION_MANAGER': 'local/localhost.localdomain:@/tmp/.ICE-unix/13131,unix/localhost.localdomain:/tmp/.ICE-unix/13131', 'XDG_MENU_PREFIX': 'gnome-', 'GNOME_TERMINAL_SCREEN': '/org/gnome/Terminal/screen/92d96b46_1f1e_4837_9845_b22a7e0410af', 'XDG_RUNTIME_DIR': '/run/user/2001', 'DISPLAY': ':1', 'LANG': 'en_US.UTF-8', 'XDG_CURRENT_DESKTOP': 'ubuntu:GNOME', 'XMODIFIERS': '@im=ibus', 'XDG_SESSION_DESKTOP': 'ubuntu', 'XAUTHORITY': '/run/user/2001/gdm/Xauthority', 'LS_COLORS': 'rs=0:di=01;34:ln=01;36:mh=00:pi=40;33:so=01;35:do=01;35:bd=40;33;01:cd=40;33;01:or=40;31;01:mi=00:su=37;41:sg=30;43:ca=00:tw=30;42:ow=34;42:st=37;44:ex=01;32:*.tar=01;31:*.tgz=01;31:*.arc=01;31:*.arj=01;31:*.taz=01;31:*.lha=01;31:*.lz4=01;31:*.lzh=01;31:*.lzma=01;31:*.tlz=01;31:*.txz=01;31:*.tzo=01;31:*.t7z=01;31:*.zip=01;31:*.z=01;31:*.dz=01;31:*.gz=01;31:*.lrz=01;31:*.lz=01;31:*.lzo=01;31:*.xz=01;31:*.zst=01;31:*.tzst=01;31:*.bz2=01;31:*.bz=01;31:*.tbz=01;31:*.tbz2=01;31:*.tz=01;31:*.deb=01;31:*.rpm=01;31:*.jar=01;31:*.war=01;31:*.ear=01;31:*.sar=01;31:*.rar=01;31:*.alz=01;31:*.ace=01;31:*.zoo=01;31:*.cpio=01;31:*.7z=01;31:*.rz=01;31:*.cab=01;31:*.wim=01;31:*.swm=01;31:*.dwm=01;31:*.esd=01;31:*.avif=01;35:*.jpg=01;35:*.jpeg=01;35:*.mjpg=01;35:*.mjpeg=01;35:*.gif=01;35:*.bmp=01;35:*.pbm=01;35:*.pgm=01;35:*.ppm=01;35:*.tga=01;35:*.xbm=01;35:*.xpm=01;35:*.tif=01;35:*.tiff=01;35:*.png=01;35:*.svg=01;35:*.svgz=01;35:*.mng=01;35:*.pcx=01;35:*.mov=01;35:*.mpg=01;35:*.mpeg=01;35:*.m2v=01;35:*.mkv=01;35:*.webm=01;35:*.webp=01;35:*.ogm=01;35:*.mp4=01;35:*.m4v=01;35:*.mp4v=01;35:*.vob=01;35:*.qt=01;35:*.nuv=01;35:*.wmv=01;35:*.asf=01;35:*.rm=01;35:*.rmvb=01;35:*.flc=01;35:*.avi=01;35:*.fli=01;35:*.flv=01;35:*.gl=01;35:*.dl=01;35:*.xcf=01;35:*.xwd=01;35:*.yuv=01;35:*.cgm=01;35:*.emf=01;35:*.ogv=01;35:*.ogx=01;35:*.aac=00;36:*.au=00;36:*.flac=00;36:*.m4a=00;36:*.mid=00;36:*.midi=00;36:*.mka=00;36:*.mp3=00;36:*.mpc=00;36:*.ogg=00;36:*.ra=00;36:*.wav=00;36:*.oga=00;36:*.opus=00;36:*.spx=00;36:*.xspf=00;36:*~=00;90:*#=00;90:*.bak=00;90:*.crdownload=00;90:*.dpkg-dist=00;90:*.dpkg-new=00;90:*.dpkg-old=00;90:*.dpkg-tmp=00;90:*.old=00;90:*.orig=00;90:*.part=00;90:*.rej=00;90:*.rpmnew=00;90:*.rpmorig=00;90:*.rpmsave=00;90:*.swp=00;90:*.tmp=00;90:*.ucf-dist=00;90:*.ucf-new=00;90:*.ucf-old=00;90:', 'GNOME_TERMINAL_SERVICE': ':1.104', 'SSH_AUTH_SOCK': '/run/user/2001/keyring/ssh', 'AMENT_PREFIX_PATH': '/home/sejong/Desktop/SH_ws/install/SH_Humanoid_description:/home/sejong/Desktop/SH_ws/install/sh_motion_demo:/home/sejong/Desktop/SH_ws/install/sh_motion_cpp:/home/sejong/Desktop/SH_ws/install/SH_moveit_head_config:/home/sejong/Desktop/SH_ws/install/SH_moveit_demo_config:/home/sejong/Desktop/SH_ws/install/SH_moveit_config:/opt/ros/jazzy', 'SHELL': '/bin/bash', 'QT_ACCESSIBILITY': '1', 'GDMSESSION': 'ubuntu', 'LESSCLOSE': '/usr/bin/lesspipe %s %s', 'GPG_AGENT_INFO': '/run/user/2001/gnupg/S.gpg-agent:0:1', 'ROS_AUTOMATIC_DISCOVERY_RANGE': 'SUBNET', 'QT_IM_MODULE': 'ibus', 'PWD': '/home/sejong/Desktop/SH_ws/build/SH_moveit_demo_config', 'XDG_CONFIG_DIRS': '/etc/xdg/xdg-ubuntu:/etc/xdg', 'XDG_DATA_DIRS': '/usr/share/ubuntu:/usr/share/gnome:/usr/local/share/:/usr/share/:/var/lib/snapd/desktop', 'PYTHONPATH': '/home/sejong/Desktop/SH_ws/install/SH_Humanoid_description/lib/python3.12/site-packages:/home/sejong/Desktop/SH_ws/install/sh_motion_demo/lib/python3.12/site-packages:/home/sejong/Desktop/SH_ws/install/ros2_interfaces/lib/python3.12/site-packages:/opt/ros/jazzy/lib/python3.12/site-packages', 'COLCON': '1', 'VTE_VERSION': '7600', 'CMAKE_PREFIX_PATH': '/home/sejong/Desktop/SH_ws/install/sh_motion_cpp:/home/sejong/Desktop/SH_ws/install/sh_motion_demo:/home/sejong/Desktop/SH_ws/install/SH_Humanoid_description:/opt/ros/jazzy:/home/sejong/Desktop/SH_ws/install/ros2_interfaces:/home/sejong/Desktop/SH_ws/install/SH_moveit_head_config:/home/sejong/Desktop/SH_ws/install/SH_moveit_demo_config:/home/sejong/Desktop/SH_ws/install/SH_moveit_config:/opt/ros/jazzy/opt/sdformat_vendor:/opt/ros/jazzy/opt/gz_math_vendor:/opt/ros/jazzy/opt/gz_utils_vendor:/opt/ros/jazzy/opt/gz_tools_vendor:/opt/ros/jazzy/opt/gz_cmake_vendor'}), 'shell': False}
[1.295186] (SH_moveit_head_config) JobProgress: {'identifier': 'SH_moveit_head_config', 'progress': 'cmake'}
[1.295601] (SH_moveit_head_config) JobProgress: {'identifier': 'SH_moveit_head_config', 'progress': 'build'}
[1.295894] (SH_moveit_head_config) Command: {'cmd': ['/usr/bin/cmake', '--build', '/home/sejong/Desktop/SH_ws/build/SH_moveit_head_config', '--', '-j14', '-l14'], 'cwd': '/home/sejong/Desktop/SH_ws/build/SH_moveit_head_config', 'env': OrderedDict({'LESSOPEN': '| /usr/bin/lesspipe %s', 'USER': 'sejong', 'GZ_CONFIG_PATH': '/opt/ros/jazzy/opt/sdformat_vendor/share/gz', 'ROS_PACKAGE_PATH': '/home/sejong/Desktop/SH_ws/install/ros2_interfaces/share', 'XDG_SESSION_TYPE': 'x11', 'CLUTTER_DISABLE_MIPMAPPED_TEXT': '1', 'SHLVL': '1', 'LD_LIBRARY_PATH': '/home/sejong/Desktop/SH_ws/install/ros2_interfaces/lib:/opt/ros/jazzy/opt/sdformat_vendor/lib:/opt/ros/jazzy/opt/rviz_ogre_vendor/lib:/opt/ros/jazzy/lib/aarch64-linux-gnu:/opt/ros/jazzy/opt/gz_math_vendor/lib:/opt/ros/jazzy/opt/gz_utils_vendor/lib:/opt/ros/jazzy/opt/gz_tools_vendor/lib:/opt/ros/jazzy/opt/gz_cmake_vendor/lib:/opt/ros/jazzy/lib:/usr/local/cuda-13.2/lib64:', 'HOME': '/home/sejong', 'OLDPWD': '/home/sejong', 'DESKTOP_SESSION': 'ubuntu', 'ROS_PYTHON_VERSION': '3', 'GNOME_SHELL_SESSION_MODE': 'ubuntu', 'GTK_MODULES': 'gail:atk-bridge', 'SYSTEMD_EXEC_PID': '13162', 'GSM_SKIP_SSH_AGENT_WORKAROUND': 'true', 'DBUS_SESSION_BUS_ADDRESS': 'unix:path=/run/user/2001/bus', 'COLORTERM': 'truecolor', 'DEBUGINFOD_URLS': 'https://debuginfod.ubuntu.com', 'IM_CONFIG_PHASE': '1', 'COLCON_PREFIX_PATH': '/home/sejong/Desktop/SH_ws/install', 'ROS_DISTRO': 'jazzy', 'LOGNAME': 'sejong', '_': '/usr/bin/colcon', 'ROS_VERSION': '2', 'PKG_CONFIG_PATH': '/home/sejong/Desktop/SH_ws/install/ros2_interfaces/lib/aarch64-linux-gnu/pkgconfig:/home/sejong/Desktop/SH_ws/install/ros2_interfaces/lib/pkgconfig', 'XDG_SESSION_CLASS': 'user', 'USERNAME': 'sejong', 'TERM': 'xterm-256color', 'GNOME_DESKTOP_SESSION_ID': 'this-is-deprecated', 'WINDOWPATH': '2', 'PATH': '/home/sejong/.local/bin:/opt/ros/jazzy/opt/gz_tools_vendor/bin:/opt/ros/jazzy/bin:/usr/local/cuda-13.2/bin:/home/sejong/.local/bin:/usr/local/sbin:/usr/local/bin:/usr/sbin:/usr/bin:/sbin:/bin:/usr/games:/usr/local/games:/snap/bin:/snap/bin', 'SESSION_MANAGER': 'local/localhost.localdomain:@/tmp/.ICE-unix/13131,unix/localhost.localdomain:/tmp/.ICE-unix/13131', 'XDG_MENU_PREFIX': 'gnome-', 'GNOME_TERMINAL_SCREEN': '/org/gnome/Terminal/screen/92d96b46_1f1e_4837_9845_b22a7e0410af', 'XDG_RUNTIME_DIR': '/run/user/2001', 'DISPLAY': ':1', 'LANG': 'en_US.UTF-8', 'XDG_CURRENT_DESKTOP': 'ubuntu:GNOME', 'XMODIFIERS': '@im=ibus', 'XDG_SESSION_DESKTOP': 'ubuntu', 'XAUTHORITY': '/run/user/2001/gdm/Xauthority', 'LS_COLORS': 'rs=0:di=01;34:ln=01;36:mh=00:pi=40;33:so=01;35:do=01;35:bd=40;33;01:cd=40;33;01:or=40;31;01:mi=00:su=37;41:sg=30;43:ca=00:tw=30;42:ow=34;42:st=37;44:ex=01;32:*.tar=01;31:*.tgz=01;31:*.arc=01;31:*.arj=01;31:*.taz=01;31:*.lha=01;31:*.lz4=01;31:*.lzh=01;31:*.lzma=01;31:*.tlz=01;31:*.txz=01;31:*.tzo=01;31:*.t7z=01;31:*.zip=01;31:*.z=01;31:*.dz=01;31:*.gz=01;31:*.lrz=01;31:*.lz=01;31:*.lzo=01;31:*.xz=01;31:*.zst=01;31:*.tzst=01;31:*.bz2=01;31:*.bz=01;31:*.tbz=01;31:*.tbz2=01;31:*.tz=01;31:*.deb=01;31:*.rpm=01;31:*.jar=01;31:*.war=01;31:*.ear=01;31:*.sar=01;31:*.rar=01;31:*.alz=01;31:*.ace=01;31:*.zoo=01;31:*.cpio=01;31:*.7z=01;31:*.rz=01;31:*.cab=01;31:*.wim=01;31:*.swm=01;31:*.dwm=01;31:*.esd=01;31:*.avif=01;35:*.jpg=01;35:*.jpeg=01;35:*.mjpg=01;35:*.mjpeg=01;35:*.gif=01;35:*.bmp=01;35:*.pbm=01;35:*.pgm=01;35:*.ppm=01;35:*.tga=01;35:*.xbm=01;35:*.xpm=01;35:*.tif=01;35:*.tiff=01;35:*.png=01;35:*.svg=01;35:*.svgz=01;35:*.mng=01;35:*.pcx=01;35:*.mov=01;35:*.mpg=01;35:*.mpeg=01;35:*.m2v=01;35:*.mkv=01;35:*.webm=01;35:*.webp=01;35:*.ogm=01;35:*.mp4=01;35:*.m4v=01;35:*.mp4v=01;35:*.vob=01;35:*.qt=01;35:*.nuv=01;35:*.wmv=01;35:*.asf=01;35:*.rm=01;35:*.rmvb=01;35:*.flc=01;35:*.avi=01;35:*.fli=01;35:*.flv=01;35:*.gl=01;35:*.dl=01;35:*.xcf=01;35:*.xwd=01;35:*.yuv=01;35:*.cgm=01;35:*.emf=01;35:*.ogv=01;35:*.ogx=01;35:*.aac=00;36:*.au=00;36:*.flac=00;36:*.m4a=00;36:*.mid=00;36:*.midi=00;36:*.mka=00;36:*.mp3=00;36:*.mpc=00;36:*.ogg=00;36:*.ra=00;36:*.wav=00;36:*.oga=00;36:*.opus=00;36:*.spx=00;36:*.xspf=00;36:*~=00;90:*#=00;90:*.bak=00;90:*.crdownload=00;90:*.dpkg-dist=00;90:*.dpkg-new=00;90:*.dpkg-old=00;90:*.dpkg-tmp=00;90:*.old=00;90:*.orig=00;90:*.part=00;90:*.rej=00;90:*.rpmnew=00;90:*.rpmorig=00;90:*.rpmsave=00;90:*.swp=00;90:*.tmp=00;90:*.ucf-dist=00;90:*.ucf-new=00;90:*.ucf-old=00;90:', 'GNOME_TERMINAL_SERVICE': ':1.104', 'SSH_AUTH_SOCK': '/run/user/2001/keyring/ssh', 'AMENT_PREFIX_PATH': '/home/sejong/Desktop/SH_ws/install/SH_Humanoid_description:/home/sejong/Desktop/SH_ws/install/sh_motion_demo:/home/sejong/Desktop/SH_ws/install/sh_motion_cpp:/home/sejong/Desktop/SH_ws/install/SH_moveit_head_config:/home/sejong/Desktop/SH_ws/install/SH_moveit_demo_config:/home/sejong/Desktop/SH_ws/install/SH_moveit_config:/opt/ros/jazzy', 'SHELL': '/bin/bash', 'QT_ACCESSIBILITY': '1', 'GDMSESSION': 'ubuntu', 'LESSCLOSE': '/usr/bin/lesspipe %s %s', 'GPG_AGENT_INFO': '/run/user/2001/gnupg/S.gpg-agent:0:1', 'ROS_AUTOMATIC_DISCOVERY_RANGE': 'SUBNET', 'QT_IM_MODULE': 'ibus', 'PWD': '/home/sejong/Desktop/SH_ws/build/SH_moveit_head_config', 'XDG_CONFIG_DIRS': '/etc/xdg/xdg-ubuntu:/etc/xdg', 'XDG_DATA_DIRS': '/usr/share/ubuntu:/usr/share/gnome:/usr/local/share/:/usr/share/:/var/lib/snapd/desktop', 'PYTHONPATH': '/home/sejong/Desktop/SH_ws/install/SH_Humanoid_description/lib/python3.12/site-packages:/home/sejong/Desktop/SH_ws/install/sh_motion_demo/lib/python3.12/site-packages:/home/sejong/Desktop/SH_ws/install/ros2_interfaces/lib/python3.12/site-packages:/opt/ros/jazzy/lib/python3.12/site-packages', 'COLCON': '1', 'VTE_VERSION': '7600', 'CMAKE_PREFIX_PATH': '/home/sejong/Desktop/SH_ws/install/sh_motion_cpp:/home/sejong/Desktop/SH_ws/install/sh_motion_demo:/home/sejong/Desktop/SH_ws/install/SH_Humanoid_description:/opt/ros/jazzy:/home/sejong/Desktop/SH_ws/install/ros2_interfaces:/home/sejong/Desktop/SH_ws/install/SH_moveit_head_config:/home/sejong/Desktop/SH_ws/install/SH_moveit_demo_config:/home/sejong/Desktop/SH_ws/install/SH_moveit_config:/opt/ros/jazzy/opt/sdformat_vendor:/opt/ros/jazzy/opt/gz_math_vendor:/opt/ros/jazzy/opt/gz_utils_vendor:/opt/ros/jazzy/opt/gz_tools_vendor:/opt/ros/jazzy/opt/gz_cmake_vendor'}), 'shell': False}
[1.301542] (-) TimerEvent: {}
[1.335152] (SH_moveit_config) CommandEnded: {'returncode': 0}
[1.336017] (SH_moveit_config) JobProgress: {'identifier': 'SH_moveit_config', 'progress': 'install'}
[1.336265] (SH_moveit_config) Command: {'cmd': ['/usr/bin/cmake', '--install', '/home/sejong/Desktop/SH_ws/build/SH_moveit_config'], 'cwd': '/home/sejong/Desktop/SH_ws/build/SH_moveit_config', 'env': OrderedDict({'LESSOPEN': '| /usr/bin/lesspipe %s', 'USER': 'sejong', 'GZ_CONFIG_PATH': '/opt/ros/jazzy/opt/sdformat_vendor/share/gz', 'ROS_PACKAGE_PATH': '/home/sejong/Desktop/SH_ws/install/ros2_interfaces/share', 'XDG_SESSION_TYPE': 'x11', 'CLUTTER_DISABLE_MIPMAPPED_TEXT': '1', 'SHLVL': '1', 'LD_LIBRARY_PATH': '/home/sejong/Desktop/SH_ws/install/ros2_interfaces/lib:/opt/ros/jazzy/opt/sdformat_vendor/lib:/opt/ros/jazzy/opt/rviz_ogre_vendor/lib:/opt/ros/jazzy/lib/aarch64-linux-gnu:/opt/ros/jazzy/opt/gz_math_vendor/lib:/opt/ros/jazzy/opt/gz_utils_vendor/lib:/opt/ros/jazzy/opt/gz_tools_vendor/lib:/opt/ros/jazzy/opt/gz_cmake_vendor/lib:/opt/ros/jazzy/lib:/usr/local/cuda-13.2/lib64:', 'HOME': '/home/sejong', 'OLDPWD': '/home/sejong', 'DESKTOP_SESSION': 'ubuntu', 'ROS_PYTHON_VERSION': '3', 'GNOME_SHELL_SESSION_MODE': 'ubuntu', 'GTK_MODULES': 'gail:atk-bridge', 'SYSTEMD_EXEC_PID': '13162', 'GSM_SKIP_SSH_AGENT_WORKAROUND': 'true', 'DBUS_SESSION_BUS_ADDRESS': 'unix:path=/run/user/2001/bus', 'COLORTERM': 'truecolor', 'DEBUGINFOD_URLS': 'https://debuginfod.ubuntu.com', 'IM_CONFIG_PHASE': '1', 'COLCON_PREFIX_PATH': '/home/sejong/Desktop/SH_ws/install', 'ROS_DISTRO': 'jazzy', 'LOGNAME': 'sejong', '_': '/usr/bin/colcon', 'ROS_VERSION': '2', 'PKG_CONFIG_PATH': '/home/sejong/Desktop/SH_ws/install/ros2_interfaces/lib/aarch64-linux-gnu/pkgconfig:/home/sejong/Desktop/SH_ws/install/ros2_interfaces/lib/pkgconfig', 'XDG_SESSION_CLASS': 'user', 'USERNAME': 'sejong', 'TERM': 'xterm-256color', 'GNOME_DESKTOP_SESSION_ID': 'this-is-deprecated', 'WINDOWPATH': '2', 'PATH': '/home/sejong/.local/bin:/opt/ros/jazzy/opt/gz_tools_vendor/bin:/opt/ros/jazzy/bin:/usr/local/cuda-13.2/bin:/home/sejong/.local/bin:/usr/local/sbin:/usr/local/bin:/usr/sbin:/usr/bin:/sbin:/bin:/usr/games:/usr/local/games:/snap/bin:/snap/bin', 'SESSION_MANAGER': 'local/localhost.localdomain:@/tmp/.ICE-unix/13131,unix/localhost.localdomain:/tmp/.ICE-unix/13131', 'XDG_MENU_PREFIX': 'gnome-', 'GNOME_TERMINAL_SCREEN': '/org/gnome/Terminal/screen/92d96b46_1f1e_4837_9845_b22a7e0410af', 'XDG_RUNTIME_DIR': '/run/user/2001', 'DISPLAY': ':1', 'LANG': 'en_US.UTF-8', 'XDG_CURRENT_DESKTOP': 'ubuntu:GNOME', 'XMODIFIERS': '@im=ibus', 'XDG_SESSION_DESKTOP': 'ubuntu', 'XAUTHORITY': '/run/user/2001/gdm/Xauthority', 'LS_COLORS': 'rs=0:di=01;34:ln=01;36:mh=00:pi=40;33:so=01;35:do=01;35:bd=40;33;01:cd=40;33;01:or=40;31;01:mi=00:su=37;41:sg=30;43:ca=00:tw=30;42:ow=34;42:st=37;44:ex=01;32:*.tar=01;31:*.tgz=01;31:*.arc=01;31:*.arj=01;31:*.taz=01;31:*.lha=01;31:*.lz4=01;31:*.lzh=01;31:*.lzma=01;31:*.tlz=01;31:*.txz=01;31:*.tzo=01;31:*.t7z=01;31:*.zip=01;31:*.z=01;31:*.dz=01;31:*.gz=01;31:*.lrz=01;31:*.lz=01;31:*.lzo=01;31:*.xz=01;31:*.zst=01;31:*.tzst=01;31:*.bz2=01;31:*.bz=01;31:*.tbz=01;31:*.tbz2=01;31:*.tz=01;31:*.deb=01;31:*.rpm=01;31:*.jar=01;31:*.war=01;31:*.ear=01;31:*.sar=01;31:*.rar=01;31:*.alz=01;31:*.ace=01;31:*.zoo=01;31:*.cpio=01;31:*.7z=01;31:*.rz=01;31:*.cab=01;31:*.wim=01;31:*.swm=01;31:*.dwm=01;31:*.esd=01;31:*.avif=01;35:*.jpg=01;35:*.jpeg=01;35:*.mjpg=01;35:*.mjpeg=01;35:*.gif=01;35:*.bmp=01;35:*.pbm=01;35:*.pgm=01;35:*.ppm=01;35:*.tga=01;35:*.xbm=01;35:*.xpm=01;35:*.tif=01;35:*.tiff=01;35:*.png=01;35:*.svg=01;35:*.svgz=01;35:*.mng=01;35:*.pcx=01;35:*.mov=01;35:*.mpg=01;35:*.mpeg=01;35:*.m2v=01;35:*.mkv=01;35:*.webm=01;35:*.webp=01;35:*.ogm=01;35:*.mp4=01;35:*.m4v=01;35:*.mp4v=01;35:*.vob=01;35:*.qt=01;35:*.nuv=01;35:*.wmv=01;35:*.asf=01;35:*.rm=01;35:*.rmvb=01;35:*.flc=01;35:*.avi=01;35:*.fli=01;35:*.flv=01;35:*.gl=01;35:*.dl=01;35:*.xcf=01;35:*.xwd=01;35:*.yuv=01;35:*.cgm=01;35:*.emf=01;35:*.ogv=01;35:*.ogx=01;35:*.aac=00;36:*.au=00;36:*.flac=00;36:*.m4a=00;36:*.mid=00;36:*.midi=00;36:*.mka=00;36:*.mp3=00;36:*.mpc=00;36:*.ogg=00;36:*.ra=00;36:*.wav=00;36:*.oga=00;36:*.opus=00;36:*.spx=00;36:*.xspf=00;36:*~=00;90:*#=00;90:*.bak=00;90:*.crdownload=00;90:*.dpkg-dist=00;90:*.dpkg-new=00;90:*.dpkg-old=00;90:*.dpkg-tmp=00;90:*.old=00;90:*.orig=00;90:*.part=00;90:*.rej=00;90:*.rpmnew=00;90:*.rpmorig=00;90:*.rpmsave=00;90:*.swp=00;90:*.tmp=00;90:*.ucf-dist=00;90:*.ucf-new=00;90:*.ucf-old=00;90:', 'GNOME_TERMINAL_SERVICE': ':1.104', 'SSH_AUTH_SOCK': '/run/user/2001/keyring/ssh', 'AMENT_PREFIX_PATH': '/home/sejong/Desktop/SH_ws/install/SH_Humanoid_description:/home/sejong/Desktop/SH_ws/install/sh_motion_demo:/home/sejong/Desktop/SH_ws/install/sh_motion_cpp:/home/sejong/Desktop/SH_ws/install/SH_moveit_head_config:/home/sejong/Desktop/SH_ws/install/SH_moveit_demo_config:/home/sejong/Desktop/SH_ws/install/SH_moveit_config:/opt/ros/jazzy', 'SHELL': '/bin/bash', 'QT_ACCESSIBILITY': '1', 'GDMSESSION': 'ubuntu', 'LESSCLOSE': '/usr/bin/lesspipe %s %s', 'GPG_AGENT_INFO': '/run/user/2001/gnupg/S.gpg-agent:0:1', 'ROS_AUTOMATIC_DISCOVERY_RANGE': 'SUBNET', 'QT_IM_MODULE': 'ibus', 'PWD': '/home/sejong/Desktop/SH_ws/build/SH_moveit_config', 'XDG_CONFIG_DIRS': '/etc/xdg/xdg-ubuntu:/etc/xdg', 'XDG_DATA_DIRS': '/usr/share/ubuntu:/usr/share/gnome:/usr/local/share/:/usr/share/:/var/lib/snapd/desktop', 'PYTHONPATH': '/home/sejong/Desktop/SH_ws/install/SH_Humanoid_description/lib/python3.12/site-packages:/home/sejong/Desktop/SH_ws/install/sh_motion_demo/lib/python3.12/site-packages:/home/sejong/Desktop/SH_ws/install/ros2_interfaces/lib/python3.12/site-packages:/opt/ros/jazzy/lib/python3.12/site-packages', 'COLCON': '1', 'VTE_VERSION': '7600', 'CMAKE_PREFIX_PATH': '/home/sejong/Desktop/SH_ws/install/sh_motion_cpp:/home/sejong/Desktop/SH_ws/install/sh_motion_demo:/home/sejong/Desktop/SH_ws/install/SH_Humanoid_description:/opt/ros/jazzy:/home/sejong/Desktop/SH_ws/install/ros2_interfaces:/home/sejong/Desktop/SH_ws/install/SH_moveit_head_config:/home/sejong/Desktop/SH_ws/install/SH_moveit_demo_config:/home/sejong/Desktop/SH_ws/install/SH_moveit_config:/opt/ros/jazzy/opt/sdformat_vendor:/opt/ros/jazzy/opt/gz_math_vendor:/opt/ros/jazzy/opt/gz_utils_vendor:/opt/ros/jazzy/opt/gz_tools_vendor:/opt/ros/jazzy/opt/gz_cmake_vendor'}), 'shell': False}
[1.338088] (SH_moveit_head_config) CommandEnded: {'returncode': 0}
[1.338558] (SH_moveit_head_config) JobProgress: {'identifier': 'SH_moveit_head_config', 'progress': 'install'}
[1.338951] (SH_moveit_head_config) Command: {'cmd': ['/usr/bin/cmake', '--install', '/home/sejong/Desktop/SH_ws/build/SH_moveit_head_config'], 'cwd': '/home/sejong/Desktop/SH_ws/build/SH_moveit_head_config', 'env': OrderedDict({'LESSOPEN': '| /usr/bin/lesspipe %s', 'USER': 'sejong', 'GZ_CONFIG_PATH': '/opt/ros/jazzy/opt/sdformat_vendor/share/gz', 'ROS_PACKAGE_PATH': '/home/sejong/Desktop/SH_ws/install/ros2_interfaces/share', 'XDG_SESSION_TYPE': 'x11', 'CLUTTER_DISABLE_MIPMAPPED_TEXT': '1', 'SHLVL': '1', 'LD_LIBRARY_PATH': '/home/sejong/Desktop/SH_ws/install/ros2_interfaces/lib:/opt/ros/jazzy/opt/sdformat_vendor/lib:/opt/ros/jazzy/opt/rviz_ogre_vendor/lib:/opt/ros/jazzy/lib/aarch64-linux-gnu:/opt/ros/jazzy/opt/gz_math_vendor/lib:/opt/ros/jazzy/opt/gz_utils_vendor/lib:/opt/ros/jazzy/opt/gz_tools_vendor/lib:/opt/ros/jazzy/opt/gz_cmake_vendor/lib:/opt/ros/jazzy/lib:/usr/local/cuda-13.2/lib64:', 'HOME': '/home/sejong', 'OLDPWD': '/home/sejong', 'DESKTOP_SESSION': 'ubuntu', 'ROS_PYTHON_VERSION': '3', 'GNOME_SHELL_SESSION_MODE': 'ubuntu', 'GTK_MODULES': 'gail:atk-bridge', 'SYSTEMD_EXEC_PID': '13162', 'GSM_SKIP_SSH_AGENT_WORKAROUND': 'true', 'DBUS_SESSION_BUS_ADDRESS': 'unix:path=/run/user/2001/bus', 'COLORTERM': 'truecolor', 'DEBUGINFOD_URLS': 'https://debuginfod.ubuntu.com', 'IM_CONFIG_PHASE': '1', 'COLCON_PREFIX_PATH': '/home/sejong/Desktop/SH_ws/install', 'ROS_DISTRO': 'jazzy', 'LOGNAME': 'sejong', '_': '/usr/bin/colcon', 'ROS_VERSION': '2', 'PKG_CONFIG_PATH': '/home/sejong/Desktop/SH_ws/install/ros2_interfaces/lib/aarch64-linux-gnu/pkgconfig:/home/sejong/Desktop/SH_ws/install/ros2_interfaces/lib/pkgconfig', 'XDG_SESSION_CLASS': 'user', 'USERNAME': 'sejong', 'TERM': 'xterm-256color', 'GNOME_DESKTOP_SESSION_ID': 'this-is-deprecated', 'WINDOWPATH': '2', 'PATH': '/home/sejong/.local/bin:/opt/ros/jazzy/opt/gz_tools_vendor/bin:/opt/ros/jazzy/bin:/usr/local/cuda-13.2/bin:/home/sejong/.local/bin:/usr/local/sbin:/usr/local/bin:/usr/sbin:/usr/bin:/sbin:/bin:/usr/games:/usr/local/games:/snap/bin:/snap/bin', 'SESSION_MANAGER': 'local/localhost.localdomain:@/tmp/.ICE-unix/13131,unix/localhost.localdomain:/tmp/.ICE-unix/13131', 'XDG_MENU_PREFIX': 'gnome-', 'GNOME_TERMINAL_SCREEN': '/org/gnome/Terminal/screen/92d96b46_1f1e_4837_9845_b22a7e0410af', 'XDG_RUNTIME_DIR': '/run/user/2001', 'DISPLAY': ':1', 'LANG': 'en_US.UTF-8', 'XDG_CURRENT_DESKTOP': 'ubuntu:GNOME', 'XMODIFIERS': '@im=ibus', 'XDG_SESSION_DESKTOP': 'ubuntu', 'XAUTHORITY': '/run/user/2001/gdm/Xauthority', 'LS_COLORS': 'rs=0:di=01;34:ln=01;36:mh=00:pi=40;33:so=01;35:do=01;35:bd=40;33;01:cd=40;33;01:or=40;31;01:mi=00:su=37;41:sg=30;43:ca=00:tw=30;42:ow=34;42:st=37;44:ex=01;32:*.tar=01;31:*.tgz=01;31:*.arc=01;31:*.arj=01;31:*.taz=01;31:*.lha=01;31:*.lz4=01;31:*.lzh=01;31:*.lzma=01;31:*.tlz=01;31:*.txz=01;31:*.tzo=01;31:*.t7z=01;31:*.zip=01;31:*.z=01;31:*.dz=01;31:*.gz=01;31:*.lrz=01;31:*.lz=01;31:*.lzo=01;31:*.xz=01;31:*.zst=01;31:*.tzst=01;31:*.bz2=01;31:*.bz=01;31:*.tbz=01;31:*.tbz2=01;31:*.tz=01;31:*.deb=01;31:*.rpm=01;31:*.jar=01;31:*.war=01;31:*.ear=01;31:*.sar=01;31:*.rar=01;31:*.alz=01;31:*.ace=01;31:*.zoo=01;31:*.cpio=01;31:*.7z=01;31:*.rz=01;31:*.cab=01;31:*.wim=01;31:*.swm=01;31:*.dwm=01;31:*.esd=01;31:*.avif=01;35:*.jpg=01;35:*.jpeg=01;35:*.mjpg=01;35:*.mjpeg=01;35:*.gif=01;35:*.bmp=01;35:*.pbm=01;35:*.pgm=01;35:*.ppm=01;35:*.tga=01;35:*.xbm=01;35:*.xpm=01;35:*.tif=01;35:*.tiff=01;35:*.png=01;35:*.svg=01;35:*.svgz=01;35:*.mng=01;35:*.pcx=01;35:*.mov=01;35:*.mpg=01;35:*.mpeg=01;35:*.m2v=01;35:*.mkv=01;35:*.webm=01;35:*.webp=01;35:*.ogm=01;35:*.mp4=01;35:*.m4v=01;35:*.mp4v=01;35:*.vob=01;35:*.qt=01;35:*.nuv=01;35:*.wmv=01;35:*.asf=01;35:*.rm=01;35:*.rmvb=01;35:*.flc=01;35:*.avi=01;35:*.fli=01;35:*.flv=01;35:*.gl=01;35:*.dl=01;35:*.xcf=01;35:*.xwd=01;35:*.yuv=01;35:*.cgm=01;35:*.emf=01;35:*.ogv=01;35:*.ogx=01;35:*.aac=00;36:*.au=00;36:*.flac=00;36:*.m4a=00;36:*.mid=00;36:*.midi=00;36:*.mka=00;36:*.mp3=00;36:*.mpc=00;36:*.ogg=00;36:*.ra=00;36:*.wav=00;36:*.oga=00;36:*.opus=00;36:*.spx=00;36:*.xspf=00;36:*~=00;90:*#=00;90:*.bak=00;90:*.crdownload=00;90:*.dpkg-dist=00;90:*.dpkg-new=00;90:*.dpkg-old=00;90:*.dpkg-tmp=00;90:*.old=00;90:*.orig=00;90:*.part=00;90:*.rej=00;90:*.rpmnew=00;90:*.rpmorig=00;90:*.rpmsave=00;90:*.swp=00;90:*.tmp=00;90:*.ucf-dist=00;90:*.ucf-new=00;90:*.ucf-old=00;90:', 'GNOME_TERMINAL_SERVICE': ':1.104', 'SSH_AUTH_SOCK': '/run/user/2001/keyring/ssh', 'AMENT_PREFIX_PATH': '/home/sejong/Desktop/SH_ws/install/SH_Humanoid_description:/home/sejong/Desktop/SH_ws/install/sh_motion_demo:/home/sejong/Desktop/SH_ws/install/sh_motion_cpp:/home/sejong/Desktop/SH_ws/install/SH_moveit_head_config:/home/sejong/Desktop/SH_ws/install/SH_moveit_demo_config:/home/sejong/Desktop/SH_ws/install/SH_moveit_config:/opt/ros/jazzy', 'SHELL': '/bin/bash', 'QT_ACCESSIBILITY': '1', 'GDMSESSION': 'ubuntu', 'LESSCLOSE': '/usr/bin/lesspipe %s %s', 'GPG_AGENT_INFO': '/run/user/2001/gnupg/S.gpg-agent:0:1', 'ROS_AUTOMATIC_DISCOVERY_RANGE': 'SUBNET', 'QT_IM_MODULE': 'ibus', 'PWD': '/home/sejong/Desktop/SH_ws/build/SH_moveit_head_config', 'XDG_CONFIG_DIRS': '/etc/xdg/xdg-ubuntu:/etc/xdg', 'XDG_DATA_DIRS': '/usr/share/ubuntu:/usr/share/gnome:/usr/local/share/:/usr/share/:/var/lib/snapd/desktop', 'PYTHONPATH': '/home/sejong/Desktop/SH_ws/install/SH_Humanoid_description/lib/python3.12/site-packages:/home/sejong/Desktop/SH_ws/install/sh_motion_demo/lib/python3.12/site-packages:/home/sejong/Desktop/SH_ws/install/ros2_interfaces/lib/python3.12/site-packages:/opt/ros/jazzy/lib/python3.12/site-packages', 'COLCON': '1', 'VTE_VERSION': '7600', 'CMAKE_PREFIX_PATH': '/home/sejong/Desktop/SH_ws/install/sh_motion_cpp:/home/sejong/Desktop/SH_ws/install/sh_motion_demo:/home/sejong/Desktop/SH_ws/install/SH_Humanoid_description:/opt/ros/jazzy:/home/sejong/Desktop/SH_ws/install/ros2_interfaces:/home/sejong/Desktop/SH_ws/install/SH_moveit_head_config:/home/sejong/Desktop/SH_ws/install/SH_moveit_demo_config:/home/sejong/Desktop/SH_ws/install/SH_moveit_config:/opt/ros/jazzy/opt/sdformat_vendor:/opt/ros/jazzy/opt/gz_math_vendor:/opt/ros/jazzy/opt/gz_utils_vendor:/opt/ros/jazzy/opt/gz_tools_vendor:/opt/ros/jazzy/opt/gz_cmake_vendor'}), 'shell': False}
[1.341123] (SH_moveit_demo_config) CommandEnded: {'returncode': 0}
[1.341560] (SH_moveit_demo_config) JobProgress: {'identifier': 'SH_moveit_demo_config', 'progress': 'install'}
[1.341923] (SH_moveit_demo_config) Command: {'cmd': ['/usr/bin/cmake', '--install', '/home/sejong/Desktop/SH_ws/build/SH_moveit_demo_config'], 'cwd': '/home/sejong/Desktop/SH_ws/build/SH_moveit_demo_config', 'env': OrderedDict({'LESSOPEN': '| /usr/bin/lesspipe %s', 'USER': 'sejong', 'GZ_CONFIG_PATH': '/opt/ros/jazzy/opt/sdformat_vendor/share/gz', 'ROS_PACKAGE_PATH': '/home/sejong/Desktop/SH_ws/install/ros2_interfaces/share', 'XDG_SESSION_TYPE': 'x11', 'CLUTTER_DISABLE_MIPMAPPED_TEXT': '1', 'SHLVL': '1', 'LD_LIBRARY_PATH': '/home/sejong/Desktop/SH_ws/install/ros2_interfaces/lib:/opt/ros/jazzy/opt/sdformat_vendor/lib:/opt/ros/jazzy/opt/rviz_ogre_vendor/lib:/opt/ros/jazzy/lib/aarch64-linux-gnu:/opt/ros/jazzy/opt/gz_math_vendor/lib:/opt/ros/jazzy/opt/gz_utils_vendor/lib:/opt/ros/jazzy/opt/gz_tools_vendor/lib:/opt/ros/jazzy/opt/gz_cmake_vendor/lib:/opt/ros/jazzy/lib:/usr/local/cuda-13.2/lib64:', 'HOME': '/home/sejong', 'OLDPWD': '/home/sejong', 'DESKTOP_SESSION': 'ubuntu', 'ROS_PYTHON_VERSION': '3', 'GNOME_SHELL_SESSION_MODE': 'ubuntu', 'GTK_MODULES': 'gail:atk-bridge', 'SYSTEMD_EXEC_PID': '13162', 'GSM_SKIP_SSH_AGENT_WORKAROUND': 'true', 'DBUS_SESSION_BUS_ADDRESS': 'unix:path=/run/user/2001/bus', 'COLORTERM': 'truecolor', 'DEBUGINFOD_URLS': 'https://debuginfod.ubuntu.com', 'IM_CONFIG_PHASE': '1', 'COLCON_PREFIX_PATH': '/home/sejong/Desktop/SH_ws/install', 'ROS_DISTRO': 'jazzy', 'LOGNAME': 'sejong', '_': '/usr/bin/colcon', 'ROS_VERSION': '2', 'PKG_CONFIG_PATH': '/home/sejong/Desktop/SH_ws/install/ros2_interfaces/lib/aarch64-linux-gnu/pkgconfig:/home/sejong/Desktop/SH_ws/install/ros2_interfaces/lib/pkgconfig', 'XDG_SESSION_CLASS': 'user', 'USERNAME': 'sejong', 'TERM': 'xterm-256color', 'GNOME_DESKTOP_SESSION_ID': 'this-is-deprecated', 'WINDOWPATH': '2', 'PATH': '/home/sejong/.local/bin:/opt/ros/jazzy/opt/gz_tools_vendor/bin:/opt/ros/jazzy/bin:/usr/local/cuda-13.2/bin:/home/sejong/.local/bin:/usr/local/sbin:/usr/local/bin:/usr/sbin:/usr/bin:/sbin:/bin:/usr/games:/usr/local/games:/snap/bin:/snap/bin', 'SESSION_MANAGER': 'local/localhost.localdomain:@/tmp/.ICE-unix/13131,unix/localhost.localdomain:/tmp/.ICE-unix/13131', 'XDG_MENU_PREFIX': 'gnome-', 'GNOME_TERMINAL_SCREEN': '/org/gnome/Terminal/screen/92d96b46_1f1e_4837_9845_b22a7e0410af', 'XDG_RUNTIME_DIR': '/run/user/2001', 'DISPLAY': ':1', 'LANG': 'en_US.UTF-8', 'XDG_CURRENT_DESKTOP': 'ubuntu:GNOME', 'XMODIFIERS': '@im=ibus', 'XDG_SESSION_DESKTOP': 'ubuntu', 'XAUTHORITY': '/run/user/2001/gdm/Xauthority', 'LS_COLORS': 'rs=0:di=01;34:ln=01;36:mh=00:pi=40;33:so=01;35:do=01;35:bd=40;33;01:cd=40;33;01:or=40;31;01:mi=00:su=37;41:sg=30;43:ca=00:tw=30;42:ow=34;42:st=37;44:ex=01;32:*.tar=01;31:*.tgz=01;31:*.arc=01;31:*.arj=01;31:*.taz=01;31:*.lha=01;31:*.lz4=01;31:*.lzh=01;31:*.lzma=01;31:*.tlz=01;31:*.txz=01;31:*.tzo=01;31:*.t7z=01;31:*.zip=01;31:*.z=01;31:*.dz=01;31:*.gz=01;31:*.lrz=01;31:*.lz=01;31:*.lzo=01;31:*.xz=01;31:*.zst=01;31:*.tzst=01;31:*.bz2=01;31:*.bz=01;31:*.tbz=01;31:*.tbz2=01;31:*.tz=01;31:*.deb=01;31:*.rpm=01;31:*.jar=01;31:*.war=01;31:*.ear=01;31:*.sar=01;31:*.rar=01;31:*.alz=01;31:*.ace=01;31:*.zoo=01;31:*.cpio=01;31:*.7z=01;31:*.rz=01;31:*.cab=01;31:*.wim=01;31:*.swm=01;31:*.dwm=01;31:*.esd=01;31:*.avif=01;35:*.jpg=01;35:*.jpeg=01;35:*.mjpg=01;35:*.mjpeg=01;35:*.gif=01;35:*.bmp=01;35:*.pbm=01;35:*.pgm=01;35:*.ppm=01;35:*.tga=01;35:*.xbm=01;35:*.xpm=01;35:*.tif=01;35:*.tiff=01;35:*.png=01;35:*.svg=01;35:*.svgz=01;35:*.mng=01;35:*.pcx=01;35:*.mov=01;35:*.mpg=01;35:*.mpeg=01;35:*.m2v=01;35:*.mkv=01;35:*.webm=01;35:*.webp=01;35:*.ogm=01;35:*.mp4=01;35:*.m4v=01;35:*.mp4v=01;35:*.vob=01;35:*.qt=01;35:*.nuv=01;35:*.wmv=01;35:*.asf=01;35:*.rm=01;35:*.rmvb=01;35:*.flc=01;35:*.avi=01;35:*.fli=01;35:*.flv=01;35:*.gl=01;35:*.dl=01;35:*.xcf=01;35:*.xwd=01;35:*.yuv=01;35:*.cgm=01;35:*.emf=01;35:*.ogv=01;35:*.ogx=01;35:*.aac=00;36:*.au=00;36:*.flac=00;36:*.m4a=00;36:*.mid=00;36:*.midi=00;36:*.mka=00;36:*.mp3=00;36:*.mpc=00;36:*.ogg=00;36:*.ra=00;36:*.wav=00;36:*.oga=00;36:*.opus=00;36:*.spx=00;36:*.xspf=00;36:*~=00;90:*#=00;90:*.bak=00;90:*.crdownload=00;90:*.dpkg-dist=00;90:*.dpkg-new=00;90:*.dpkg-old=00;90:*.dpkg-tmp=00;90:*.old=00;90:*.orig=00;90:*.part=00;90:*.rej=00;90:*.rpmnew=00;90:*.rpmorig=00;90:*.rpmsave=00;90:*.swp=00;90:*.tmp=00;90:*.ucf-dist=00;90:*.ucf-new=00;90:*.ucf-old=00;90:', 'GNOME_TERMINAL_SERVICE': ':1.104', 'SSH_AUTH_SOCK': '/run/user/2001/keyring/ssh', 'AMENT_PREFIX_PATH': '/home/sejong/Desktop/SH_ws/install/SH_Humanoid_description:/home/sejong/Desktop/SH_ws/install/sh_motion_demo:/home/sejong/Desktop/SH_ws/install/sh_motion_cpp:/home/sejong/Desktop/SH_ws/install/SH_moveit_head_config:/home/sejong/Desktop/SH_ws/install/SH_moveit_demo_config:/home/sejong/Desktop/SH_ws/install/SH_moveit_config:/opt/ros/jazzy', 'SHELL': '/bin/bash', 'QT_ACCESSIBILITY': '1', 'GDMSESSION': 'ubuntu', 'LESSCLOSE': '/usr/bin/lesspipe %s %s', 'GPG_AGENT_INFO': '/run/user/2001/gnupg/S.gpg-agent:0:1', 'ROS_AUTOMATIC_DISCOVERY_RANGE': 'SUBNET', 'QT_IM_MODULE': 'ibus', 'PWD': '/home/sejong/Desktop/SH_ws/build/SH_moveit_demo_config', 'XDG_CONFIG_DIRS': '/etc/xdg/xdg-ubuntu:/etc/xdg', 'XDG_DATA_DIRS': '/usr/share/ubuntu:/usr/share/gnome:/usr/local/share/:/usr/share/:/var/lib/snapd/desktop', 'PYTHONPATH': '/home/sejong/Desktop/SH_ws/install/SH_Humanoid_description/lib/python3.12/site-packages:/home/sejong/Desktop/SH_ws/install/sh_motion_demo/lib/python3.12/site-packages:/home/sejong/Desktop/SH_ws/install/ros2_interfaces/lib/python3.12/site-packages:/opt/ros/jazzy/lib/python3.12/site-packages', 'COLCON': '1', 'VTE_VERSION': '7600', 'CMAKE_PREFIX_PATH': '/home/sejong/Desktop/SH_ws/install/sh_motion_cpp:/home/sejong/Desktop/SH_ws/install/sh_motion_demo:/home/sejong/Desktop/SH_ws/install/SH_Humanoid_description:/opt/ros/jazzy:/home/sejong/Desktop/SH_ws/install/ros2_interfaces:/home/sejong/Desktop/SH_ws/install/SH_moveit_head_config:/home/sejong/Desktop/SH_ws/install/SH_moveit_demo_config:/home/sejong/Desktop/SH_ws/install/SH_moveit_config:/opt/ros/jazzy/opt/sdformat_vendor:/opt/ros/jazzy/opt/gz_math_vendor:/opt/ros/jazzy/opt/gz_utils_vendor:/opt/ros/jazzy/opt/gz_tools_vendor:/opt/ros/jazzy/opt/gz_cmake_vendor'}), 'shell': False}
[1.346402] (SH_moveit_config) StdoutLine: {'line': b'-- Install configuration: ""\n'}
[1.346967] (SH_moveit_config) StdoutLine: {'line': b'-- Execute custom install script\n'}
[1.347238] (SH_moveit_config) StdoutLine: {'line': b'-- Up-to-date symlink: /home/sejong/Desktop/SH_ws/install/SH_moveit_config/share/ament_index/resource_index/package_run_dependencies/SH_moveit_config\n'}
[1.347485] (SH_moveit_head_config) StdoutLine: {'line': b'-- Install configuration: ""\n'}
[1.347561] (SH_moveit_config) StdoutLine: {'line': b'-- Up-to-date symlink: /home/sejong/Desktop/SH_ws/install/SH_moveit_config/share/ament_index/resource_index/parent_prefix_path/SH_moveit_config\n'}
[1.347872] (SH_moveit_config) StdoutLine: {'line': b'-- Up-to-date symlink: /home/sejong/Desktop/SH_ws/install/SH_moveit_config/share/SH_moveit_config/environment/ament_prefix_path.sh\n'}
[1.347930] (SH_moveit_config) StdoutLine: {'line': b'-- Up-to-date symlink: /home/sejong/Desktop/SH_ws/install/SH_moveit_config/share/SH_moveit_config/environment/ament_prefix_path.dsv\n'}
[1.347978] (SH_moveit_config) StdoutLine: {'line': b'-- Up-to-date symlink: /home/sejong/Desktop/SH_ws/install/SH_moveit_config/share/SH_moveit_config/environment/path.sh\n'}
[1.348062] (SH_moveit_head_config) StdoutLine: {'line': b'-- Execute custom install script\n'}
[1.348189] (SH_moveit_config) StdoutLine: {'line': b'-- Up-to-date symlink: /home/sejong/Desktop/SH_ws/install/SH_moveit_config/share/SH_moveit_config/environment/path.dsv\n'}
[1.348239] (SH_moveit_config) StdoutLine: {'line': b'-- Up-to-date symlink: /home/sejong/Desktop/SH_ws/install/SH_moveit_config/share/SH_moveit_config/local_setup.bash\n'}
[1.348320] (SH_moveit_head_config) StdoutLine: {'line': b'-- Up-to-date symlink: /home/sejong/Desktop/SH_ws/install/SH_moveit_head_config/share/ament_index/resource_index/package_run_dependencies/SH_moveit_head_config\n'}
[1.348460] (SH_moveit_config) StdoutLine: {'line': b'-- Up-to-date symlink: /home/sejong/Desktop/SH_ws/install/SH_moveit_config/share/SH_moveit_config/local_setup.sh\n'}
[1.348544] (SH_moveit_config) StdoutLine: {'line': b'-- Up-to-date symlink: /home/sejong/Desktop/SH_ws/install/SH_moveit_config/share/SH_moveit_config/local_setup.zsh\n'}
[1.348595] (SH_moveit_head_config) StdoutLine: {'line': b'-- Up-to-date symlink: /home/sejong/Desktop/SH_ws/install/SH_moveit_head_config/share/ament_index/resource_index/parent_prefix_path/SH_moveit_head_config\n'}
[1.348670] (SH_moveit_head_config) StdoutLine: {'line': b'-- Up-to-date symlink: /home/sejong/Desktop/SH_ws/install/SH_moveit_head_config/share/SH_moveit_head_config/environment/ament_prefix_path.sh\n'}
[1.348786] (SH_moveit_config) StdoutLine: {'line': b'-- Up-to-date symlink: /home/sejong/Desktop/SH_ws/install/SH_moveit_config/share/SH_moveit_config/local_setup.dsv\n'}
[1.348859] (SH_moveit_config) StdoutLine: {'line': b'-- Symlinking: /home/sejong/Desktop/SH_ws/install/SH_moveit_config/share/SH_moveit_config/package.dsv\n'}
[1.348911] (SH_moveit_head_config) StdoutLine: {'line': b'-- Up-to-date symlink: /home/sejong/Desktop/SH_ws/install/SH_moveit_head_config/share/SH_moveit_head_config/environment/ament_prefix_path.dsv\n'}
[1.348985] (SH_moveit_head_config) StdoutLine: {'line': b'-- Up-to-date symlink: /home/sejong/Desktop/SH_ws/install/SH_moveit_head_config/share/SH_moveit_head_config/environment/path.sh\n'}
[1.349098] (SH_moveit_head_config) StdoutLine: {'line': b'-- Up-to-date symlink: /home/sejong/Desktop/SH_ws/install/SH_moveit_head_config/share/SH_moveit_head_config/environment/path.dsv\n'}
[1.349231] (SH_moveit_head_config) StdoutLine: {'line': b'-- Up-to-date symlink: /home/sejong/Desktop/SH_ws/install/SH_moveit_head_config/share/SH_moveit_head_config/local_setup.bash\n'}
[1.349360] (SH_moveit_head_config) StdoutLine: {'line': b'-- Up-to-date symlink: /home/sejong/Desktop/SH_ws/install/SH_moveit_head_config/share/SH_moveit_head_config/local_setup.sh\n'}
[1.349487] (SH_moveit_head_config) StdoutLine: {'line': b'-- Up-to-date symlink: /home/sejong/Desktop/SH_ws/install/SH_moveit_head_config/share/SH_moveit_head_config/local_setup.zsh\n'}
[1.349615] (SH_moveit_head_config) StdoutLine: {'line': b'-- Up-to-date symlink: /home/sejong/Desktop/SH_ws/install/SH_moveit_head_config/share/SH_moveit_head_config/local_setup.dsv\n'}
[1.349711] (SH_moveit_head_config) StdoutLine: {'line': b'-- Symlinking: /home/sejong/Desktop/SH_ws/install/SH_moveit_head_config/share/SH_moveit_head_config/package.dsv\n'}
[1.349938] (SH_moveit_demo_config) StdoutLine: {'line': b'-- Install configuration: ""\n'}
[1.350479] (SH_moveit_demo_config) StdoutLine: {'line': b'-- Execute custom install script\n'}
[1.350743] (SH_moveit_demo_config) StdoutLine: {'line': b'-- Up-to-date symlink: /home/sejong/Desktop/SH_ws/install/SH_moveit_demo_config/share/ament_index/resource_index/package_run_dependencies/SH_moveit_demo_config\n'}
[1.350926] (SH_moveit_demo_config) StdoutLine: {'line': b'-- Up-to-date symlink: /home/sejong/Desktop/SH_ws/install/SH_moveit_demo_config/share/ament_index/resource_index/parent_prefix_path/SH_moveit_demo_config\n'}
[1.351083] (SH_moveit_demo_config) StdoutLine: {'line': b'-- Up-to-date symlink: /home/sejong/Desktop/SH_ws/install/SH_moveit_demo_config/share/SH_moveit_demo_config/environment/ament_prefix_path.sh\n'}
[1.351241] (SH_moveit_demo_config) StdoutLine: {'line': b'-- Up-to-date symlink: /home/sejong/Desktop/SH_ws/install/SH_moveit_demo_config/share/SH_moveit_demo_config/environment/ament_prefix_path.dsv\n'}
[1.351363] (SH_moveit_demo_config) StdoutLine: {'line': b'-- Up-to-date symlink: /home/sejong/Desktop/SH_ws/install/SH_moveit_demo_config/share/SH_moveit_demo_config/environment/path.sh\n'}
[1.351492] (SH_moveit_demo_config) StdoutLine: {'line': b'-- Up-to-date symlink: /home/sejong/Desktop/SH_ws/install/SH_moveit_demo_config/share/SH_moveit_demo_config/environment/path.dsv\n'}
[1.351622] (SH_moveit_demo_config) StdoutLine: {'line': b'-- Up-to-date symlink: /home/sejong/Desktop/SH_ws/install/SH_moveit_demo_config/share/SH_moveit_demo_config/local_setup.bash\n'}
[1.351748] (SH_moveit_demo_config) StdoutLine: {'line': b'-- Up-to-date symlink: /home/sejong/Desktop/SH_ws/install/SH_moveit_demo_config/share/SH_moveit_demo_config/local_setup.sh\n'}
[1.351871] (SH_moveit_demo_config) StdoutLine: {'line': b'-- Up-to-date symlink: /home/sejong/Desktop/SH_ws/install/SH_moveit_demo_config/share/SH_moveit_demo_config/local_setup.zsh\n'}
[1.351992] (SH_moveit_demo_config) StdoutLine: {'line': b'-- Up-to-date symlink: /home/sejong/Desktop/SH_ws/install/SH_moveit_demo_config/share/SH_moveit_demo_config/local_setup.dsv\n'}
[1.352086] (SH_moveit_demo_config) StdoutLine: {'line': b'-- Symlinking: /home/sejong/Desktop/SH_ws/install/SH_moveit_demo_config/share/SH_moveit_demo_config/package.dsv\n'}
[1.358850] (SH_moveit_config) StdoutLine: {'line': b'-- Up-to-date symlink: /home/sejong/Desktop/SH_ws/install/SH_moveit_config/share/ament_index/resource_index/packages/SH_moveit_config\n'}
[1.359051] (SH_moveit_config) StdoutLine: {'line': b'-- Up-to-date symlink: /home/sejong/Desktop/SH_ws/install/SH_moveit_config/share/SH_moveit_config/cmake/SH_moveit_configConfig.cmake\n'}
[1.359309] (SH_moveit_config) StdoutLine: {'line': b'-- Up-to-date symlink: /home/sejong/Desktop/SH_ws/install/SH_moveit_config/share/SH_moveit_config/cmake/SH_moveit_configConfig-version.cmake\n'}
[1.359360] (SH_moveit_config) StdoutLine: {'line': b'-- Up-to-date symlink: /home/sejong/Desktop/SH_ws/install/SH_moveit_config/share/SH_moveit_config/package.xml\n'}
[1.359664] (SH_moveit_config) StdoutLine: {'line': b'-- Up-to-date symlink: /home/sejong/Desktop/SH_ws/install/SH_moveit_config/share/SH_moveit_config/launch/demo.launch.py\n'}
[1.359931] (SH_moveit_config) StdoutLine: {'line': b'-- Up-to-date symlink: /home/sejong/Desktop/SH_ws/install/SH_moveit_config/share/SH_moveit_config/launch/move_group.launch.py\n'}
[1.359982] (SH_moveit_config) StdoutLine: {'line': b'-- Up-to-date symlink: /home/sejong/Desktop/SH_ws/install/SH_moveit_config/share/SH_moveit_config/launch/moveit_rviz.launch.py\n'}
[1.360028] (SH_moveit_config) StdoutLine: {'line': b'-- Up-to-date symlink: /home/sejong/Desktop/SH_ws/install/SH_moveit_config/share/SH_moveit_config/launch/rsp.launch.py\n'}
[1.360182] (SH_moveit_config) StdoutLine: {'line': b'-- Up-to-date symlink: /home/sejong/Desktop/SH_ws/install/SH_moveit_config/share/SH_moveit_config/launch/servo.launch.py\n'}
[1.360420] (SH_moveit_config) StdoutLine: {'line': b'-- Up-to-date symlink: /home/sejong/Desktop/SH_ws/install/SH_moveit_config/share/SH_moveit_config/launch/setup_assistant.launch.py\n'}
[1.360477] (SH_moveit_config) StdoutLine: {'line': b'-- Up-to-date symlink: /home/sejong/Desktop/SH_ws/install/SH_moveit_config/share/SH_moveit_config/launch/spawn_controllers.launch.py\n'}
[1.360526] (SH_moveit_config) StdoutLine: {'line': b'-- Up-to-date symlink: /home/sejong/Desktop/SH_ws/install/SH_moveit_config/share/SH_moveit_config/launch/static_virtual_joint_tfs.launch.py\n'}
[1.360576] (SH_moveit_config) StdoutLine: {'line': b'-- Up-to-date symlink: /home/sejong/Desktop/SH_ws/install/SH_moveit_config/share/SH_moveit_config/launch/warehouse_db.launch.py\n'}
[1.360781] (SH_moveit_config) StdoutLine: {'line': b'-- Up-to-date symlink: /home/sejong/Desktop/SH_ws/install/SH_moveit_config/share/SH_moveit_config/config/SH_Humanoid.ros2_control.xacro\n'}
[1.360852] (SH_moveit_head_config) StdoutLine: {'line': b'-- Up-to-date symlink: /home/sejong/Desktop/SH_ws/install/SH_moveit_head_config/share/ament_index/resource_index/packages/SH_moveit_head_config\n'}
[1.361813] (SH_moveit_head_config) StdoutLine: {'line': b'-- Up-to-date symlink: /home/sejong/Desktop/SH_ws/install/SH_moveit_head_config/share/SH_moveit_head_config/cmake/SH_moveit_head_configConfig.cmake\n'}
[1.362162] (SH_moveit_head_config) StdoutLine: {'line': b'-- Up-to-date symlink: /home/sejong/Desktop/SH_ws/install/SH_moveit_head_config/share/SH_moveit_head_config/cmake/SH_moveit_head_configConfig-version.cmake\n'}
[1.362719] (SH_moveit_head_config) StdoutLine: {'line': b'-- Up-to-date symlink: /home/sejong/Desktop/SH_ws/install/SH_moveit_head_config/share/SH_moveit_head_config/package.xml\n'}
[1.362860] (SH_moveit_head_config) StdoutLine: {'line': b'-- Up-to-date symlink: /home/sejong/Desktop/SH_ws/install/SH_moveit_head_config/share/SH_moveit_head_config/launch/demo.launch.py\n'}
[1.362923] (SH_moveit_head_config) StdoutLine: {'line': b'-- Up-to-date symlink: /home/sejong/Desktop/SH_ws/install/SH_moveit_head_config/share/SH_moveit_head_config/launch/demo_bridge.launch.py\n'}
[1.362975] (SH_moveit_config) StdoutLine: {'line': b'-- Up-to-date symlink: /home/sejong/Desktop/SH_ws/install/SH_moveit_config/share/SH_moveit_config/config/SH_Humanoid.srdf\n'}
[1.363062] (SH_moveit_head_config) StdoutLine: {'line': b'-- Up-to-date symlink: /home/sejong/Desktop/SH_ws/install/SH_moveit_head_config/share/SH_moveit_head_config/launch/move_group.launch.py\n'}
[1.363135] (SH_moveit_config) StdoutLine: {'line': b'-- Up-to-date symlink: /home/sejong/Desktop/SH_ws/install/SH_moveit_config/share/SH_moveit_config/config/SH_Humanoid.urdf.xacro\n'}
[1.363189] (SH_moveit_config) StdoutLine: {'line': b'-- Up-to-date symlink: /home/sejong/Desktop/SH_ws/install/SH_moveit_config/share/SH_moveit_config/config/initial_positions.yaml\n'}
[1.363267] (SH_moveit_config) StdoutLine: {'line': b'-- Up-to-date symlink: /home/sejong/Desktop/SH_ws/install/SH_moveit_config/share/SH_moveit_config/config/joint_limits.yaml\n'}
[1.363343] (SH_moveit_config) StdoutLine: {'line': b'-- Up-to-date symlink: /home/sejong/Desktop/SH_ws/install/SH_moveit_config/share/SH_moveit_config/config/kinematics.yaml\n'}
[1.363395] (SH_moveit_config) StdoutLine: {'line': b'-- Up-to-date symlink: /home/sejong/Desktop/SH_ws/install/SH_moveit_config/share/SH_moveit_config/config/moveit.rviz\n'}
[1.363473] (SH_moveit_config) StdoutLine: {'line': b'-- Up-to-date symlink: /home/sejong/Desktop/SH_ws/install/SH_moveit_config/share/SH_moveit_config/config/moveit_controllers.yaml\n'}
[1.363541] (SH_moveit_config) StdoutLine: {'line': b'-- Up-to-date symlink: /home/sejong/Desktop/SH_ws/install/SH_moveit_config/share/SH_moveit_config/config/pilz_cartesian_limits.yaml\n'}
[1.363604] (SH_moveit_config) StdoutLine: {'line': b'-- Up-to-date symlink: /home/sejong/Desktop/SH_ws/install/SH_moveit_config/share/SH_moveit_config/config/poses/home.yaml\n'}
[1.363685] (SH_moveit_config) StdoutLine: {'line': b'-- Up-to-date symlink: /home/sejong/Desktop/SH_ws/install/SH_moveit_config/share/SH_moveit_config/config/poses/wave_left.yaml\n'}
[1.363757] (SH_moveit_config) StdoutLine: {'line': b'-- Up-to-date symlink: /home/sejong/Desktop/SH_ws/install/SH_moveit_config/share/SH_moveit_config/config/poses/wave_ready.yaml\n'}
[1.363823] (SH_moveit_config) StdoutLine: {'line': b'-- Up-to-date symlink: /home/sejong/Desktop/SH_ws/install/SH_moveit_config/share/SH_moveit_config/config/poses/wave_right.yaml\n'}
[1.363876] (SH_moveit_config) StdoutLine: {'line': b'-- Up-to-date symlink: /home/sejong/Desktop/SH_ws/install/SH_moveit_config/share/SH_moveit_config/config/ros2_controllers.yaml\n'}
[1.363951] (SH_moveit_head_config) StdoutLine: {'line': b'-- Up-to-date symlink: /home/sejong/Desktop/SH_ws/install/SH_moveit_head_config/share/SH_moveit_head_config/launch/moveit_rviz.launch.py\n'}
[1.364003] (SH_moveit_head_config) StdoutLine: {'line': b'-- Up-to-date symlink: /home/sejong/Desktop/SH_ws/install/SH_moveit_head_config/share/SH_moveit_head_config/launch/rsp.launch.py\n'}
[1.364082] (SH_moveit_head_config) StdoutLine: {'line': b'-- Up-to-date symlink: /home/sejong/Desktop/SH_ws/install/SH_moveit_head_config/share/SH_moveit_head_config/launch/servo.launch.py\n'}
[1.364149] (SH_moveit_head_config) StdoutLine: {'line': b'-- Up-to-date symlink: /home/sejong/Desktop/SH_ws/install/SH_moveit_head_config/share/SH_moveit_head_config/launch/setup_assistant.launch.py\n'}
[1.364200] (SH_moveit_head_config) StdoutLine: {'line': b'-- Up-to-date symlink: /home/sejong/Desktop/SH_ws/install/SH_moveit_head_config/share/SH_moveit_head_config/launch/spawn_controllers.launch.py\n'}
[1.364273] (SH_moveit_config) StdoutLine: {'line': b'-- Up-to-date symlink: /home/sejong/Desktop/SH_ws/install/SH_moveit_config/share/SH_moveit_config/config/sensors_3d.yaml\n'}
[1.364329] (SH_moveit_config) StdoutLine: {'line': b'-- Up-to-date symlink: /home/sejong/Desktop/SH_ws/install/SH_moveit_config/share/SH_moveit_config/config/servo.yaml\n'}
[1.364402] (SH_moveit_config) StdoutLine: {'line': b'-- Up-to-date symlink: /home/sejong/Desktop/SH_ws/install/SH_moveit_config/share/SH_moveit_config/.setup_assistant\n'}
[1.364494] (SH_moveit_head_config) StdoutLine: {'line': b'-- Up-to-date symlink: /home/sejong/Desktop/SH_ws/install/SH_moveit_head_config/share/SH_moveit_head_config/launch/static_virtual_joint_tfs.launch.py\n'}
[1.364551] (SH_moveit_head_config) StdoutLine: {'line': b'-- Up-to-date symlink: /home/sejong/Desktop/SH_ws/install/SH_moveit_head_config/share/SH_moveit_head_config/launch/warehouse_db.launch.py\n'}
[1.364603] (SH_moveit_head_config) StdoutLine: {'line': b'-- Up-to-date symlink: /home/sejong/Desktop/SH_ws/install/SH_moveit_head_config/share/SH_moveit_head_config/config/SH_Humanoid.ros2_control.xacro\n'}
[1.364668] (SH_moveit_head_config) StdoutLine: {'line': b'-- Up-to-date symlink: /home/sejong/Desktop/SH_ws/install/SH_moveit_head_config/share/SH_moveit_head_config/config/SH_Humanoid.srdf\n'}
[1.364722] (SH_moveit_head_config) StdoutLine: {'line': b'-- Up-to-date symlink: /home/sejong/Desktop/SH_ws/install/SH_moveit_head_config/share/SH_moveit_head_config/config/SH_Humanoid.urdf.xacro\n'}
[1.364774] (SH_moveit_head_config) StdoutLine: {'line': b'-- Up-to-date symlink: /home/sejong/Desktop/SH_ws/install/SH_moveit_head_config/share/SH_moveit_head_config/config/initial_positions.yaml\n'}
[1.364826] (SH_moveit_head_config) StdoutLine: {'line': b'-- Up-to-date symlink: /home/sejong/Desktop/SH_ws/install/SH_moveit_head_config/share/SH_moveit_head_config/config/joint_limits.yaml\n'}
[1.364886] (SH_moveit_head_config) StdoutLine: {'line': b'-- Up-to-date symlink: /home/sejong/Desktop/SH_ws/install/SH_moveit_head_config/share/SH_moveit_head_config/config/kinematics.yaml\n'}
[1.364943] (SH_moveit_head_config) StdoutLine: {'line': b'-- Up-to-date symlink: /home/sejong/Desktop/SH_ws/install/SH_moveit_head_config/share/SH_moveit_head_config/config/moveit.rviz\n'}
[1.365058] (SH_moveit_head_config) StdoutLine: {'line': b'-- Up-to-date symlink: /home/sejong/Desktop/SH_ws/install/SH_moveit_head_config/share/SH_moveit_head_config/config/moveit_controllers.yaml\n'}
[1.365193] (SH_moveit_head_config) StdoutLine: {'line': b'-- Up-to-date symlink: /home/sejong/Desktop/SH_ws/install/SH_moveit_head_config/share/SH_moveit_head_config/config/pilz_cartesian_limits.yaml\n'}
[1.365392] (SH_moveit_head_config) StdoutLine: {'line': b'-- Up-to-date symlink: /home/sejong/Desktop/SH_ws/install/SH_moveit_head_config/share/SH_moveit_head_config/config/poses/home.yaml\n'}
[1.365443] (SH_moveit_head_config) StdoutLine: {'line': b'-- Up-to-date symlink: /home/sejong/Desktop/SH_ws/install/SH_moveit_head_config/share/SH_moveit_head_config/config/poses/wave_left.yaml\n'}
[1.365492] (SH_moveit_head_config) StdoutLine: {'line': b'-- Up-to-date symlink: /home/sejong/Desktop/SH_ws/install/SH_moveit_head_config/share/SH_moveit_head_config/config/poses/wave_ready.yaml\n'}
[1.365542] (SH_moveit_head_config) StdoutLine: {'line': b'-- Up-to-date symlink: /home/sejong/Desktop/SH_ws/install/SH_moveit_head_config/share/SH_moveit_head_config/config/poses/wave_right.yaml\n'}
[1.365592] (SH_moveit_head_config) StdoutLine: {'line': b'-- Up-to-date symlink: /home/sejong/Desktop/SH_ws/install/SH_moveit_head_config/share/SH_moveit_head_config/config/ros2_controllers.yaml\n'}
[1.365642] (SH_moveit_head_config) StdoutLine: {'line': b'-- Up-to-date symlink: /home/sejong/Desktop/SH_ws/install/SH_moveit_head_config/share/SH_moveit_head_config/config/servo.yaml\n'}
[1.365695] (SH_moveit_head_config) StdoutLine: {'line': b'-- Up-to-date symlink: /home/sejong/Desktop/SH_ws/install/SH_moveit_head_config/share/SH_moveit_head_config/.setup_assistant\n'}
[1.366890] (SH_moveit_config) CommandEnded: {'returncode': 0}
[1.367912] (SH_moveit_demo_config) StdoutLine: {'line': b'-- Up-to-date symlink: /home/sejong/Desktop/SH_ws/install/SH_moveit_demo_config/share/ament_index/resource_index/packages/SH_moveit_demo_config\n'}
[1.368280] (SH_moveit_demo_config) StdoutLine: {'line': b'-- Up-to-date symlink: /home/sejong/Desktop/SH_ws/install/SH_moveit_demo_config/share/SH_moveit_demo_config/cmake/SH_moveit_demo_configConfig.cmake\n'}
[1.368364] (SH_moveit_demo_config) StdoutLine: {'line': b'-- Up-to-date symlink: /home/sejong/Desktop/SH_ws/install/SH_moveit_demo_config/share/SH_moveit_demo_config/cmake/SH_moveit_demo_configConfig-version.cmake\n'}
[1.368530] (SH_moveit_demo_config) StdoutLine: {'line': b'-- Up-to-date symlink: /home/sejong/Desktop/SH_ws/install/SH_moveit_demo_config/share/SH_moveit_demo_config/package.xml\n'}
[1.368665] (SH_moveit_demo_config) StdoutLine: {'line': b'-- Up-to-date symlink: /home/sejong/Desktop/SH_ws/install/SH_moveit_demo_config/share/SH_moveit_demo_config/launch/demo.launch.py\n'}
[1.368751] (SH_moveit_demo_config) StdoutLine: {'line': b'-- Up-to-date symlink: /home/sejong/Desktop/SH_ws/install/SH_moveit_demo_config/share/SH_moveit_demo_config/launch/move_group.launch.py\n'}
[1.368827] (SH_moveit_demo_config) StdoutLine: {'line': b'-- Up-to-date symlink: /home/sejong/Desktop/SH_ws/install/SH_moveit_demo_config/share/SH_moveit_demo_config/launch/moveit_rviz.launch.py\n'}
[1.368946] (SH_moveit_demo_config) StdoutLine: {'line': b'-- Up-to-date symlink: /home/sejong/Desktop/SH_ws/install/SH_moveit_demo_config/share/SH_moveit_demo_config/launch/rsp.launch.py\n'}
[1.369127] (SH_moveit_demo_config) StdoutLine: {'line': b'-- Up-to-date symlink: /home/sejong/Desktop/SH_ws/install/SH_moveit_demo_config/share/SH_moveit_demo_config/launch/servo.launch.py\n'}
[1.369272] (SH_moveit_demo_config) StdoutLine: {'line': b'-- Up-to-date symlink: /home/sejong/Desktop/SH_ws/install/SH_moveit_demo_config/share/SH_moveit_demo_config/launch/setup_assistant.launch.py\n'}
[1.369330] (SH_moveit_demo_config) StdoutLine: {'line': b'-- Up-to-date symlink: /home/sejong/Desktop/SH_ws/install/SH_moveit_demo_config/share/SH_moveit_demo_config/launch/spawn_controllers.launch.py\n'}
[1.369429] (SH_moveit_demo_config) StdoutLine: {'line': b'-- Up-to-date symlink: /home/sejong/Desktop/SH_ws/install/SH_moveit_demo_config/share/SH_moveit_demo_config/launch/static_virtual_joint_tfs.launch.py\n'}
[1.369530] (SH_moveit_demo_config) StdoutLine: {'line': b'-- Up-to-date symlink: /home/sejong/Desktop/SH_ws/install/SH_moveit_demo_config/share/SH_moveit_demo_config/launch/warehouse_db.launch.py\n'}
[1.369588] (SH_moveit_demo_config) StdoutLine: {'line': b'-- Up-to-date symlink: /home/sejong/Desktop/SH_ws/install/SH_moveit_demo_config/share/SH_moveit_demo_config/config/SH_Humanoid.ros2_control.xacro\n'}
[1.369923] (SH_moveit_demo_config) StdoutLine: {'line': b'-- Up-to-date symlink: /home/sejong/Desktop/SH_ws/install/SH_moveit_demo_config/share/SH_moveit_demo_config/config/SH_Humanoid.srdf\n'}
[1.370177] (SH_moveit_demo_config) StdoutLine: {'line': b'-- Up-to-date symlink: /home/sejong/Desktop/SH_ws/install/SH_moveit_demo_config/share/SH_moveit_demo_config/config/SH_Humanoid.urdf.xacro\n'}
[1.370351] (SH_moveit_demo_config) StdoutLine: {'line': b'-- Up-to-date symlink: /home/sejong/Desktop/SH_ws/install/SH_moveit_demo_config/share/SH_moveit_demo_config/config/initial_positions.yaml\n'}
[1.370413] (SH_moveit_demo_config) StdoutLine: {'line': b'-- Up-to-date symlink: /home/sejong/Desktop/SH_ws/install/SH_moveit_demo_config/share/SH_moveit_demo_config/config/joint_limits.yaml\n'}
[1.370471] (SH_moveit_demo_config) StdoutLine: {'line': b'-- Up-to-date symlink: /home/sejong/Desktop/SH_ws/install/SH_moveit_demo_config/share/SH_moveit_demo_config/config/kinematics.yaml\n'}
[1.370590] (SH_moveit_demo_config) StdoutLine: {'line': b'-- Up-to-date symlink: /home/sejong/Desktop/SH_ws/install/SH_moveit_demo_config/share/SH_moveit_demo_config/config/moveit.rviz\n'}
[1.370710] (SH_moveit_demo_config) StdoutLine: {'line': b'-- Up-to-date symlink: /home/sejong/Desktop/SH_ws/install/SH_moveit_demo_config/share/SH_moveit_demo_config/config/moveit_controllers.yaml\n'}
[1.370803] (SH_moveit_demo_config) StdoutLine: {'line': b'-- Up-to-date symlink: /home/sejong/Desktop/SH_ws/install/SH_moveit_demo_config/share/SH_moveit_demo_config/config/pilz_cartesian_limits.yaml\n'}
[1.370865] (SH_moveit_demo_config) StdoutLine: {'line': b'-- Up-to-date symlink: /home/sejong/Desktop/SH_ws/install/SH_moveit_demo_config/share/SH_moveit_demo_config/config/poses/home.yaml\n'}
[1.370936] (SH_moveit_demo_config) StdoutLine: {'line': b'-- Up-to-date symlink: /home/sejong/Desktop/SH_ws/install/SH_moveit_demo_config/share/SH_moveit_demo_config/config/poses/wave_left.yaml\n'}
[1.370994] (SH_moveit_demo_config) StdoutLine: {'line': b'-- Up-to-date symlink: /home/sejong/Desktop/SH_ws/install/SH_moveit_demo_config/share/SH_moveit_demo_config/config/poses/wave_ready.yaml\n'}
[1.371050] (SH_moveit_demo_config) StdoutLine: {'line': b'-- Up-to-date symlink: /home/sejong/Desktop/SH_ws/install/SH_moveit_demo_config/share/SH_moveit_demo_config/config/poses/wave_right.yaml\n'}
[1.371116] (SH_moveit_demo_config) StdoutLine: {'line': b'-- Up-to-date symlink: /home/sejong/Desktop/SH_ws/install/SH_moveit_demo_config/share/SH_moveit_demo_config/config/ros2_controllers.yaml\n'}
[1.371173] (SH_moveit_demo_config) StdoutLine: {'line': b'-- Up-to-date symlink: /home/sejong/Desktop/SH_ws/install/SH_moveit_demo_config/share/SH_moveit_demo_config/config/servo.yaml\n'}
[1.371238] (SH_moveit_demo_config) StdoutLine: {'line': b'-- Up-to-date symlink: /home/sejong/Desktop/SH_ws/install/SH_moveit_demo_config/share/SH_moveit_demo_config/.setup_assistant\n'}
[1.388618] (SH_moveit_config) JobEnded: {'identifier': 'SH_moveit_config', 'rc': 0}
[1.391494] (SH_moveit_demo_config) CommandEnded: {'returncode': 0}
[1.401689] (-) TimerEvent: {}
[1.408701] (SH_moveit_demo_config) JobEnded: {'identifier': 'SH_moveit_demo_config', 'rc': 0}
[1.409590] (SH_moveit_head_config) CommandEnded: {'returncode': 0}
[1.427922] (SH_moveit_head_config) JobEnded: {'identifier': 'SH_moveit_head_config', 'rc': 0}
[1.501763] (-) TimerEvent: {}
[1.602016] (-) TimerEvent: {}
[1.702557] (-) TimerEvent: {}
[1.802949] (-) TimerEvent: {}
[1.903475] (-) TimerEvent: {}
[2.004002] (-) TimerEvent: {}
[2.104525] (-) TimerEvent: {}
[2.205041] (-) TimerEvent: {}
[2.305565] (-) TimerEvent: {}
[2.406103] (-) TimerEvent: {}
[2.506635] (-) TimerEvent: {}
[2.607171] (-) TimerEvent: {}
[2.707728] (-) TimerEvent: {}
[2.808247] (-) TimerEvent: {}
[2.908797] (-) TimerEvent: {}
[3.009315] (-) TimerEvent: {}
[3.109802] (-) TimerEvent: {}
[3.210339] (-) TimerEvent: {}
[3.310846] (-) TimerEvent: {}
[3.411360] (-) TimerEvent: {}
[3.511886] (-) TimerEvent: {}
[3.612408] (-) TimerEvent: {}
[3.712925] (-) TimerEvent: {}
[3.813438] (-) TimerEvent: {}
[3.913990] (-) TimerEvent: {}
[4.014496] (-) TimerEvent: {}
[4.114998] (-) TimerEvent: {}
[4.215480] (-) TimerEvent: {}
[4.315972] (-) TimerEvent: {}
[4.416522] (-) TimerEvent: {}
[4.517014] (-) TimerEvent: {}
[4.617633] (-) TimerEvent: {}
[4.718239] (-) TimerEvent: {}
[4.818836] (-) TimerEvent: {}
[4.919389] (-) TimerEvent: {}
[5.019859] (-) TimerEvent: {}
[5.120582] (-) TimerEvent: {}
[5.197273] (sh_motion_cpp) StdoutLine: {'line': b'[100%] \x1b[32m\x1b[1mLinking CXX executable trajectory_bridge_node\x1b[0m\n'}
[5.220651] (-) TimerEvent: {}
[5.321163] (-) TimerEvent: {}
[5.418922] (sh_motion_cpp) StdoutLine: {'line': b'[100%] Built target trajectory_bridge_node\n'}
[5.421232] (-) TimerEvent: {}
[5.434994] (sh_motion_cpp) CommandEnded: {'returncode': 0}
[5.436053] (sh_motion_cpp) JobProgress: {'identifier': 'sh_motion_cpp', 'progress': 'install'}
[5.436930] (sh_motion_cpp) Command: {'cmd': ['/usr/bin/cmake', '--install', '/home/sejong/Desktop/SH_ws/build/sh_motion_cpp'], 'cwd': '/home/sejong/Desktop/SH_ws/build/sh_motion_cpp', 'env': OrderedDict({'LESSOPEN': '| /usr/bin/lesspipe %s', 'USER': 'sejong', 'GZ_CONFIG_PATH': '/opt/ros/jazzy/opt/sdformat_vendor/share/gz', 'ROS_PACKAGE_PATH': '/home/sejong/Desktop/SH_ws/install/ros2_interfaces/share', 'XDG_SESSION_TYPE': 'x11', 'CLUTTER_DISABLE_MIPMAPPED_TEXT': '1', 'SHLVL': '1', 'LD_LIBRARY_PATH': '/home/sejong/Desktop/SH_ws/install/ros2_interfaces/lib:/opt/ros/jazzy/opt/sdformat_vendor/lib:/opt/ros/jazzy/opt/rviz_ogre_vendor/lib:/opt/ros/jazzy/lib/aarch64-linux-gnu:/opt/ros/jazzy/opt/gz_math_vendor/lib:/opt/ros/jazzy/opt/gz_utils_vendor/lib:/opt/ros/jazzy/opt/gz_tools_vendor/lib:/opt/ros/jazzy/opt/gz_cmake_vendor/lib:/opt/ros/jazzy/lib:/usr/local/cuda-13.2/lib64', 'HOME': '/home/sejong', 'OLDPWD': '/home/sejong', 'DESKTOP_SESSION': 'ubuntu', 'ROS_PYTHON_VERSION': '3', 'GNOME_SHELL_SESSION_MODE': 'ubuntu', 'GTK_MODULES': 'gail:atk-bridge', 'SYSTEMD_EXEC_PID': '13162', 'GSM_SKIP_SSH_AGENT_WORKAROUND': 'true', 'DBUS_SESSION_BUS_ADDRESS': 'unix:path=/run/user/2001/bus', 'COLORTERM': 'truecolor', 'DEBUGINFOD_URLS': 'https://debuginfod.ubuntu.com', 'IM_CONFIG_PHASE': '1', 'COLCON_PREFIX_PATH': '/home/sejong/Desktop/SH_ws/install', 'ROS_DISTRO': 'jazzy', 'LOGNAME': 'sejong', '_': '/usr/bin/colcon', 'ROS_VERSION': '2', 'PKG_CONFIG_PATH': '/home/sejong/Desktop/SH_ws/install/ros2_interfaces/lib/aarch64-linux-gnu/pkgconfig:/home/sejong/Desktop/SH_ws/install/ros2_interfaces/lib/pkgconfig', 'XDG_SESSION_CLASS': 'user', 'USERNAME': 'sejong', 'TERM': 'xterm-256color', 'GNOME_DESKTOP_SESSION_ID': 'this-is-deprecated', 'WINDOWPATH': '2', 'PATH': '/home/sejong/.local/bin:/opt/ros/jazzy/opt/gz_tools_vendor/bin:/opt/ros/jazzy/bin:/usr/local/cuda-13.2/bin:/home/sejong/.local/bin:/usr/local/sbin:/usr/local/bin:/usr/sbin:/usr/bin:/sbin:/bin:/usr/games:/usr/local/games:/snap/bin:/snap/bin', 'SESSION_MANAGER': 'local/localhost.localdomain:@/tmp/.ICE-unix/13131,unix/localhost.localdomain:/tmp/.ICE-unix/13131', 'XDG_MENU_PREFIX': 'gnome-', 'GNOME_TERMINAL_SCREEN': '/org/gnome/Terminal/screen/92d96b46_1f1e_4837_9845_b22a7e0410af', 'XDG_RUNTIME_DIR': '/run/user/2001', 'DISPLAY': ':1', 'LANG': 'en_US.UTF-8', 'XDG_CURRENT_DESKTOP': 'ubuntu:GNOME', 'XMODIFIERS': '@im=ibus', 'XDG_SESSION_DESKTOP': 'ubuntu', 'XAUTHORITY': '/run/user/2001/gdm/Xauthority', 'LS_COLORS': 'rs=0:di=01;34:ln=01;36:mh=00:pi=40;33:so=01;35:do=01;35:bd=40;33;01:cd=40;33;01:or=40;31;01:mi=00:su=37;41:sg=30;43:ca=00:tw=30;42:ow=34;42:st=37;44:ex=01;32:*.tar=01;31:*.tgz=01;31:*.arc=01;31:*.arj=01;31:*.taz=01;31:*.lha=01;31:*.lz4=01;31:*.lzh=01;31:*.lzma=01;31:*.tlz=01;31:*.txz=01;31:*.tzo=01;31:*.t7z=01;31:*.zip=01;31:*.z=01;31:*.dz=01;31:*.gz=01;31:*.lrz=01;31:*.lz=01;31:*.lzo=01;31:*.xz=01;31:*.zst=01;31:*.tzst=01;31:*.bz2=01;31:*.bz=01;31:*.tbz=01;31:*.tbz2=01;31:*.tz=01;31:*.deb=01;31:*.rpm=01;31:*.jar=01;31:*.war=01;31:*.ear=01;31:*.sar=01;31:*.rar=01;31:*.alz=01;31:*.ace=01;31:*.zoo=01;31:*.cpio=01;31:*.7z=01;31:*.rz=01;31:*.cab=01;31:*.wim=01;31:*.swm=01;31:*.dwm=01;31:*.esd=01;31:*.avif=01;35:*.jpg=01;35:*.jpeg=01;35:*.mjpg=01;35:*.mjpeg=01;35:*.gif=01;35:*.bmp=01;35:*.pbm=01;35:*.pgm=01;35:*.ppm=01;35:*.tga=01;35:*.xbm=01;35:*.xpm=01;35:*.tif=01;35:*.tiff=01;35:*.png=01;35:*.svg=01;35:*.svgz=01;35:*.mng=01;35:*.pcx=01;35:*.mov=01;35:*.mpg=01;35:*.mpeg=01;35:*.m2v=01;35:*.mkv=01;35:*.webm=01;35:*.webp=01;35:*.ogm=01;35:*.mp4=01;35:*.m4v=01;35:*.mp4v=01;35:*.vob=01;35:*.qt=01;35:*.nuv=01;35:*.wmv=01;35:*.asf=01;35:*.rm=01;35:*.rmvb=01;35:*.flc=01;35:*.avi=01;35:*.fli=01;35:*.flv=01;35:*.gl=01;35:*.dl=01;35:*.xcf=01;35:*.xwd=01;35:*.yuv=01;35:*.cgm=01;35:*.emf=01;35:*.ogv=01;35:*.ogx=01;35:*.aac=00;36:*.au=00;36:*.flac=00;36:*.m4a=00;36:*.mid=00;36:*.midi=00;36:*.mka=00;36:*.mp3=00;36:*.mpc=00;36:*.ogg=00;36:*.ra=00;36:*.wav=00;36:*.oga=00;36:*.opus=00;36:*.spx=00;36:*.xspf=00;36:*~=00;90:*#=00;90:*.bak=00;90:*.crdownload=00;90:*.dpkg-dist=00;90:*.dpkg-new=00;90:*.dpkg-old=00;90:*.dpkg-tmp=00;90:*.old=00;90:*.orig=00;90:*.part=00;90:*.rej=00;90:*.rpmnew=00;90:*.rpmorig=00;90:*.rpmsave=00;90:*.swp=00;90:*.tmp=00;90:*.ucf-dist=00;90:*.ucf-new=00;90:*.ucf-old=00;90:', 'GNOME_TERMINAL_SERVICE': ':1.104', 'SSH_AUTH_SOCK': '/run/user/2001/keyring/ssh', 'AMENT_PREFIX_PATH': '/home/sejong/Desktop/SH_ws/install/sh_motion_demo:/home/sejong/Desktop/SH_ws/install/sh_motion_cpp:/home/sejong/Desktop/SH_ws/install/SH_moveit_head_config:/home/sejong/Desktop/SH_ws/install/SH_moveit_demo_config:/home/sejong/Desktop/SH_ws/install/SH_moveit_config:/home/sejong/Desktop/SH_ws/install/SH_Humanoid_description:/opt/ros/jazzy', 'SHELL': '/bin/bash', 'QT_ACCESSIBILITY': '1', 'GDMSESSION': 'ubuntu', 'LESSCLOSE': '/usr/bin/lesspipe %s %s', 'GPG_AGENT_INFO': '/run/user/2001/gnupg/S.gpg-agent:0:1', 'ROS_AUTOMATIC_DISCOVERY_RANGE': 'SUBNET', 'QT_IM_MODULE': 'ibus', 'PWD': '/home/sejong/Desktop/SH_ws/build/sh_motion_cpp', 'XDG_CONFIG_DIRS': '/etc/xdg/xdg-ubuntu:/etc/xdg', 'XDG_DATA_DIRS': '/usr/share/ubuntu:/usr/share/gnome:/usr/local/share/:/usr/share/:/var/lib/snapd/desktop', 'PYTHONPATH': '/home/sejong/Desktop/SH_ws/install/ros2_interfaces/lib/python3.12/site-packages:/home/sejong/Desktop/SH_ws/install/sh_motion_demo/lib/python3.12/site-packages:/home/sejong/Desktop/SH_ws/install/SH_Humanoid_description/lib/python3.12/site-packages:/opt/ros/jazzy/lib/python3.12/site-packages', 'COLCON': '1', 'VTE_VERSION': '7600', 'CMAKE_PREFIX_PATH': '/home/sejong/Desktop/SH_ws/install/sh_motion_demo:/home/sejong/Desktop/SH_ws/install/SH_Humanoid_description:/opt/ros/jazzy:/home/sejong/Desktop/SH_ws/install/ros2_interfaces:/home/sejong/Desktop/SH_ws/install/sh_motion_cpp:/home/sejong/Desktop/SH_ws/install/SH_moveit_head_config:/home/sejong/Desktop/SH_ws/install/SH_moveit_demo_config:/home/sejong/Desktop/SH_ws/install/SH_moveit_config:/opt/ros/jazzy/opt/sdformat_vendor:/opt/ros/jazzy/opt/gz_math_vendor:/opt/ros/jazzy/opt/gz_utils_vendor:/opt/ros/jazzy/opt/gz_tools_vendor:/opt/ros/jazzy/opt/gz_cmake_vendor'}), 'shell': False}
[5.446414] (sh_motion_cpp) StdoutLine: {'line': b'-- Install configuration: ""\n'}
[5.446692] (sh_motion_cpp) StdoutLine: {'line': b'-- Execute custom install script\n'}
[5.447036] (sh_motion_cpp) StdoutLine: {'line': b'-- Up-to-date symlink: /home/sejong/Desktop/SH_ws/install/sh_motion_cpp/lib/sh_motion_cpp/wave\n'}
[5.447381] (sh_motion_cpp) StdoutLine: {'line': b'-- Up-to-date symlink: /home/sejong/Desktop/SH_ws/install/sh_motion_cpp/lib/sh_motion_cpp/trajectory_bridge_node\n'}
[5.447693] (sh_motion_cpp) StdoutLine: {'line': b'-- Up-to-date symlink: /home/sejong/Desktop/SH_ws/install/sh_motion_cpp/lib/sh_motion_cpp/joint_state_bridge\n'}
[5.447974] (sh_motion_cpp) StdoutLine: {'line': b'-- Up-to-date symlink: /home/sejong/Desktop/SH_ws/install/sh_motion_cpp/share/ament_index/resource_index/package_run_dependencies/sh_motion_cpp\n'}
[5.448242] (sh_motion_cpp) StdoutLine: {'line': b'-- Up-to-date symlink: /home/sejong/Desktop/SH_ws/install/sh_motion_cpp/share/ament_index/resource_index/parent_prefix_path/sh_motion_cpp\n'}
[5.448611] (sh_motion_cpp) StdoutLine: {'line': b'-- Up-to-date symlink: /home/sejong/Desktop/SH_ws/install/sh_motion_cpp/share/sh_motion_cpp/environment/ament_prefix_path.sh\n'}
[5.448842] (sh_motion_cpp) StdoutLine: {'line': b'-- Up-to-date symlink: /home/sejong/Desktop/SH_ws/install/sh_motion_cpp/share/sh_motion_cpp/environment/ament_prefix_path.dsv\n'}
[5.448972] (sh_motion_cpp) StdoutLine: {'line': b'-- Up-to-date symlink: /home/sejong/Desktop/SH_ws/install/sh_motion_cpp/share/sh_motion_cpp/environment/path.sh\n'}
[5.449098] (sh_motion_cpp) StdoutLine: {'line': b'-- Up-to-date symlink: /home/sejong/Desktop/SH_ws/install/sh_motion_cpp/share/sh_motion_cpp/environment/path.dsv\n'}
[5.449225] (sh_motion_cpp) StdoutLine: {'line': b'-- Up-to-date symlink: /home/sejong/Desktop/SH_ws/install/sh_motion_cpp/share/sh_motion_cpp/local_setup.bash\n'}
[5.449352] (sh_motion_cpp) StdoutLine: {'line': b'-- Up-to-date symlink: /home/sejong/Desktop/SH_ws/install/sh_motion_cpp/share/sh_motion_cpp/local_setup.sh\n'}
[5.449478] (sh_motion_cpp) StdoutLine: {'line': b'-- Up-to-date symlink: /home/sejong/Desktop/SH_ws/install/sh_motion_cpp/share/sh_motion_cpp/local_setup.zsh\n'}
[5.449605] (sh_motion_cpp) StdoutLine: {'line': b'-- Up-to-date symlink: /home/sejong/Desktop/SH_ws/install/sh_motion_cpp/share/sh_motion_cpp/local_setup.dsv\n'}
[5.449730] (sh_motion_cpp) StdoutLine: {'line': b'-- Symlinking: /home/sejong/Desktop/SH_ws/install/sh_motion_cpp/share/sh_motion_cpp/package.dsv\n'}
[5.459907] (sh_motion_cpp) StdoutLine: {'line': b'-- Up-to-date symlink: /home/sejong/Desktop/SH_ws/install/sh_motion_cpp/share/ament_index/resource_index/packages/sh_motion_cpp\n'}
[5.460068] (sh_motion_cpp) StdoutLine: {'line': b'-- Up-to-date symlink: /home/sejong/Desktop/SH_ws/install/sh_motion_cpp/share/sh_motion_cpp/cmake/sh_motion_cppConfig.cmake\n'}
[5.460376] (sh_motion_cpp) StdoutLine: {'line': b'-- Up-to-date symlink: /home/sejong/Desktop/SH_ws/install/sh_motion_cpp/share/sh_motion_cpp/cmake/sh_motion_cppConfig-version.cmake\n'}
[5.460651] (sh_motion_cpp) StdoutLine: {'line': b'-- Up-to-date symlink: /home/sejong/Desktop/SH_ws/install/sh_motion_cpp/share/sh_motion_cpp/package.xml\n'}
[5.463186] (sh_motion_cpp) CommandEnded: {'returncode': 0}
[5.482658] (sh_motion_cpp) JobEnded: {'identifier': 'sh_motion_cpp', 'rc': 0}
[5.485117] (-) EventReactorShutdown: {}
